croissance,reduction,gain,2025,2026,2027,2028,2029,2030,2031,2032,2033,2034,2035,2036,2037,2038,2039,2040,2041,2042,2043,2044,2045,2046,2047,2048,2049,2050
-2.0,0.0,0.0,1.0,0.9756601446449955,0.9510524703924967,0.9085330442324971,0.8701089314424997,0.8250249358225021,0.7847052745399986,0.7360305102724961,0.6972306383825015,0.6659802894699987,0.636018250677502,0.6057290097574974,0.5690681593374981,0.5349354652625002,0.4975553754800016,0.4537997236750004,0.4059498484799985,0.36306534837000065,0.3233958138724984,0.2860540446225004,0.24915947596249996,0.21332013536249964,0.17374578201750002,0.1429427910474993,0.11448448270999981,0.08776315358750005
-2.0,0.0,0.5,1.0,0.9756601446449955,0.9510524703924967,0.9085330442324971,0.8701089314424997,0.8250249358225021,0.7847052745399986,0.7360305102724961,0.6972306383825015,0.6659802894699987,0.636018250677502,0.6057290097574974,0.5690681593374981,0.5349354652625002,0.4975553754800016,0.4537997236750004,0.4059498484799985,0.36306534837000065,0.3233958138724984,0.2860540446225004,0.24915947596249996,0.21332013536249964,0.17374578201750002,0.1429427910474993,0.11448448270999981,0.08776315358750005
-2.0,0.0,1.0,1.0,0.9756601446449955,0.9510524703924967,0.9085330442324971,0.8701089314424997,0.8250249358225021,0.7849200085999987,0.7361719089949961,0.6974324092275016,0.6661651596199986,0.636186431242502,0.6059853098124974,0.5692663243199981,0.5350591167075003,0.4975007461800016,0.45375420381250037,0.40591338863999854,0.36303976810000066,0.32325778728499843,0.2858879370375004,0.24903036288249997,0.21320784932499962,0.17365186402000002,0.14286389852249928,0.1144197516524998,0.08771171420250007
-2.0,0.0,1.5,1.0,0.9753208134074963,0.9502965857599964,0.9073906509474965,0.8684247133424995,0.8228736424425024,0.7823276456574991,0.7333430587199976,0.6940921846275008,0.6627284976774984,0.632823543477501,0.6021162640674987,0.5663796366949986,0.5321499314700004,0.4944854819325013,0.4506920071775005,0.40279267620499887,0.3603240498600004,0.320575749869999,0.28288989855500046,0.24561162035250014,0.20912746951999914,0.16894510076499963,0.1382778399225,0.11037181916499968,0.08379559105749995
-2.0,0.0,2.0,1.0,0.9759045398899966,0.951439569174997,0.908877676377497,0.8699504635574997,0.8245798877275025,0.7846638031899994,0.7356620824649984,0.6955765734025009,0.6625493413399988,0.6318681662700011,0.6011538145624992,0.5659972918824984,0.5308978435575006,0.49342671316750136,0.44959140644750023,0.401695340179999,0.3586139338300004,0.31825197463499894,0.2811901281625005,0.24329668245750022,0.20685135001499905,0.16639986964499973,0.1352316469275001,0.10725661316499989,0.08092178970999996
-2.0,0.0,2.5,1.0,0.9758191419974966,0.951301831617497,0.908716079014997,0.8697848878049999,0.8243065361950024,0.7834588230149993,0.7344012093699983,0.6945662062850011,0.6613832988049988,0.6318351174900011,0.5999337297749993,0.5643311753474984,0.5289119825875006,0.4925234901450014,0.4487490444425002,0.40097089740249897,0.35799686848500045,0.3176247092649989,0.28069251057250044,0.24303886853250017,0.20670139254999903,0.1663455627049997,0.13547441005500008,0.10753387692249988,0.08140870764999994
-2.0,0.0,3.0,1.0,0.9756162551674967,0.9508053372874976,0.9074555338149993,0.8680126240849997,0.8212800689275018,0.7797893401399982,0.7300142424124987,0.6890170329200029,0.6549124215624975,0.6251996098675012,0.5931060322799999,0.5575622116799984,0.5215131259075003,0.4856315527600012,0.442472612965,0.3952087853699988,0.35221159613750025,0.31224606943999883,0.27478507549500014,0.23741391625000013,0.2013710108799991,0.16138019642000023,0.13044586143499992,0.10291043604000025,0.07710503149000002
-2.0,0.0,3.5,1.0,0.975495479342497,0.9505989480449977,0.9071488691724994,0.8677836076799997,0.8210595168900017,0.7794501156099982,0.7297567767574986,0.688842880332503,0.6548555828549975,0.6241876415650014,0.5930307289425,0.5573869523949986,0.5211104248650006,0.4851585570175012,0.4416580091325002,0.3943198233024988,0.3513945010650005,0.3115272576499988,0.2737144181625001,0.2362153517450004,0.19984223909249899,0.15996108818250027,0.12962579205499977,0.10243614232250026,0.0765959560800001
-2.0,0.0,4.0,1.0,0.9754447426149971,0.9504644577999977,0.9069092368724995,0.8674911143474996,0.8205157932525013,0.7789574690349983,0.7294610551374981,0.6882932036175032,0.6541180325749975,0.6235246860625017,0.5923228581449999,0.5565832987249987,0.5203049871800005,0.48447056360250135,0.44097730414250025,0.39370931051999863,0.35068770784000053,0.3104748892149986,0.2727151068650001,0.2349328773075004,0.19845627586999914,0.1580510357500002,0.1275882719324998,0.10088176405250023,0.07519405855500007
-2.0,0.0,4.5,1.0,0.975155193732497,0.9498469098374969,0.9059585543924991,0.8666385513874999,0.8193286377725013,0.7780738969674986,0.7289472694874977,0.6882370194475036,0.6544232685774978,0.6227930792350014,0.5914095674949992,0.5557377110624985,0.5189028435825003,0.48371987921250137,0.44020149860500046,0.3926804970324983,0.3496617666674998,0.3093148960774989,0.27145220767000067,0.2336269926125005,0.1965268858724995,0.15642717151999957,0.1257238621775002,0.0988637766174998,0.07162295269749985
-2.0,0.0,5.0,1.0,0.975155193732497,0.9498469098374969,0.9059585543924991,0.8666385513874999,0.8193286377725013,0.7780738969674986,0.7289472694874977,0.6882370194475036,0.6544232685774978,0.6227930792350014,0.5914095674949992,0.5557377110624985,0.5189028435825003,0.48371987921250137,0.44020149860500046,0.3926804970324983,0.3496617666674998,0.3093148960774989,0.27145220767000067,0.2336269926125005,0.1965268858724995,0.15642717151999957,0.1257238621775002,0.0988637766174998,0.07162295269749985
-2.0,2.5,0.0,1.0,0.9756601446449955,0.9510524703924967,0.9085330442324971,0.8701089314424997,0.8250249358225021,0.7847052745399986,0.7360305102724961,0.6972306383825015,0.6659802894699987,0.636018250677502,0.6057290097574974,0.5690681593374981,0.5349354652625002,0.4975553754800016,0.4537997236750004,0.4059498484799985,0.36306534837000065,0.3233958138724984,0.2860540446225004,0.24915947596249996,0.21332013536249964,0.17374578201750002,0.1429427910474993,0.11448448270999981,0.08776315358750005
-2.0,2.5,0.5,1.0,0.9756601446449955,0.9510524703924967,0.9085330442324971,0.8701089314424997,0.8250249358225021,0.7847052745399986,0.7360305102724961,0.6972306383825015,0.6659802894699987,0.636018250677502,0.6057290097574974,0.5690681593374981,0.5349354652625002,0.4975553754800016,0.4537997236750004,0.4059498484799985,0.36306534837000065,0.3233958138724984,0.2860540446225004,0.24915947596249996,0.21332013536249964,0.17374578201750002,0.1429427910474993,0.11448448270999981,0.08776315358750005
-2.0,2.5,1.0,1.0,0.9756601446449955,0.9510524703924967,0.9085330442324971,0.8701089314424997,0.8250249358225021,0.7849200085999987,0.7361719089949961,0.6974324092275016,0.6661651596199986,0.636186431242502,0.6059853098124974,0.5692663243199981,0.5350591167075003,0.4975007461800016,0.45375420381250037,0.40591338863999854,0.36303976810000066,0.32325778728499843,0.2858879370375004,0.24903036288249997,0.21320784932499962,0.17365186402000002,0.14286389852249928,0.1144197516524998,0.08771171420250007
-2.0,2.5,1.5,1.0,0.9753208134074963,0.9502965857599964,0.9073906509474965,0.8684247133424995,0.8228736424425024,0.7823276456574991,0.7333430587199976,0.6940921846275008,0.6627284976774984,0.632823543477501,0.6021162640674987,0.5663796366949986,0.5321499314700004,0.4944854819325013,0.4506920071775005,0.40279267620499887,0.3603240498600004,0.320575749869999,0.28288989855500046,0.24561162035250014,0.20912746951999914,0.16894510076499963,0.1382778399225,0.11037181916499968,0.08379559105749995
-2.0,2.5,2.0,1.0,0.9759045398899966,0.951439569174997,0.908877676377497,0.8699504635574997,0.8245798877275025,0.7846638031899994,0.7356620824649984,0.6955765734025009,0.6625493413399988,0.6318681662700011,0.6011538145624992,0.5659972918824984,0.5308978435575006,0.49342671316750136,0.44959140644750023,0.401695340179999,0.3586139338300004,0.31825197463499894,0.2811901281625005,0.24329668245750022,0.20685135001499905,0.16639986964499973,0.1352316469275001,0.10725661316499989,0.08092178970999996
-2.0,2.5,2.5,1.0,0.9758191419974966,0.951301831617497,0.908716079014997,0.8697848878049999,0.8243065361950024,0.7834588230149993,0.7344012093699983,0.6945662062850011,0.6613832988049988,0.6318351174900011,0.5999337297749993,0.5643311753474984,0.5289119825875006,0.4925234901450014,0.4487490444425002,0.40097089740249897,0.35799686848500045,0.3176247092649989,0.28069251057250044,0.24303886853250017,0.20670139254999903,0.1663455627049997,0.13547441005500008,0.10753387692249988,0.08140870764999994
-2.0,2.5,3.0,1.0,0.9756162551674967,0.9508053372874976,0.9074555338149993,0.8680126240849997,0.8212800689275018,0.7797893401399982,0.7300142424124987,0.6890170329200029,0.6549124215624975,0.6251996098675012,0.5931060322799999,0.5575622116799984,0.5215131259075003,0.4856315527600012,0.442472612965,0.3952087853699988,0.35221159613750025,0.31224606943999883,0.27478507549500014,0.23741391625000013,0.2013710108799991,0.16138019642000023,0.13044586143499992,0.10291043604000025,0.07710503149000002
-2.0,2.5,3.5,1.0,0.975495479342497,0.9505989480449977,0.9071488691724994,0.8677836076799997,0.8210595168900017,0.7794501156099982,0.7297567767574986,0.688842880332503,0.6548555828549975,0.6241876415650014,0.5930307289425,0.5573869523949986,0.5211104248650006,0.4851585570175012,0.4416580091325002,0.3943198233024988,0.3513945010650005,0.3115272576499988,0.2737144181625001,0.2362153517450004,0.19984223909249899,0.15996108818250027,0.12962579205499977,0.10243614232250026,0.0765959560800001
-2.0,2.5,4.0,1.0,0.9754447426149971,0.9504644577999977,0.9069092368724995,0.8674911143474996,0.8205157932525013,0.7789574690349983,0.7294610551374981,0.6882932036175032,0.6541180325749975,0.6235246860625017,0.5923228581449999,0.5565832987249987,0.5203049871800005,0.48447056360250135,0.44097730414250025,0.39370931051999863,0.35068770784000053,0.3104748892149986,0.2727151068650001,0.2349328773075004,0.19845627586999914,0.1580510357500002,0.1275882719324998,0.10088176405250023,0.07519405855500007
-2.0,2.5,4.5,1.0,0.975155193732497,0.9498469098374969,0.9059585543924991,0.8666385513874999,0.8193286377725013,0.7780738969674986,0.7289472694874977,0.6882370194475036,0.6544232685774978,0.6227930792350014,0.5914095674949992,0.5557377110624985,0.5189028435825003,0.48371987921250137,0.44020149860500046,0.3926804970324983,0.3496617666674998,0.3093148960774989,0.27145220767000067,0.2336269926125005,0.1965268858724995,0.15642717151999957,0.1257238621775002,0.0988637766174998,0.07162295269749985
-2.0,2.5,5.0,1.0,0.975155193732497,0.9498469098374969,0.9059585543924991,0.8666385513874999,0.8193286377725013,0.7780738969674986,0.7289472694874977,0.6882370194475036,0.6544232685774978,0.6227930792350014,0.5914095674949992,0.5557377110624985,0.5189028435825003,0.48371987921250137,0.44020149860500046,0.3926804970324983,0.3496617666674998,0.3093148960774989,0.27145220767000067,0.2336269926125005,0.1965268858724995,0.15642717151999957,0.1257238621775002,0.0988637766174998,0.07162295269749985
-2.0,5.0,0.0,1.0,0.971437924,0.942132288,0.894443069,0.852008277,0.802728564,0.757445201,0.705254471,0.660341587,0.626717857,0.591103432,0.56406116,0.52999408,0.494104599,0.461870441,0.420684056,0.377497157,0.336663003,0.299546619,0.264791934,0.232061062,0.200724349,0.166815217,0.138774465,0.112321718,0.087465495
-2.0,5.0,0.5,1.0,0.9724347798124938,0.9445985457849971,0.8980929235474976,0.8567705312849994,0.8084655044025029,0.7641920423674975,0.7125721982324962,0.6696232661550031,0.6359241427799966,0.6013031049450034,0.5745118567674965,0.5400146909374984,0.5035797425549996,0.4711328802550018,0.42880223771500015,0.384350601814998,0.34327707299499993,0.30570112493249857,0.26985258465750056,0.23657991745749998,0.2037565718899995,0.16720311391999976,0.13867010297249935,0.11139333802249979,0.08614132582749999
-2.0,5.0,1.0,1.0,0.972466837664994,0.9447149983399972,0.8984269161374975,0.8571818338949992,0.8088189959850027,0.7649275663299977,0.713121300547496,0.669939681705003,0.6360969279224967,0.6014511819700034,0.5744694343849965,0.5399958393849983,0.5035069582574996,0.47089966130750177,0.42872106433500023,0.38429245173999804,0.3432459733574999,0.3056812359824985,0.2700582530175005,0.2367004338725,0.20376951318249947,0.16710919592249976,0.13859121044749936,0.11132860696499979,0.08608988644250001
-2.0,5.0,1.5,1.0,0.9720429452149949,0.9437550223574966,0.8970335685274968,0.855233664954999,0.8063463805050028,0.7619065126099983,0.7100215113674977,0.6661899355675022,0.6322141184824968,0.5974814311750024,0.5701367777074977,0.5367394291949987,0.5002472293799997,0.4677739695525014,0.4255571475250002,0.38098574955999837,0.3403613873524997,0.30284492471249913,0.2667777209450006,0.2329581697550002,0.19951277204749915,0.1621930215674994,0.13391119367750004,0.10715507513499971,0.08206270993499994
-2.0,5.0,2.0,1.0,0.9724185243074956,0.944490922129997,0.8978533918874974,0.8559926655549995,0.8074146511200031,0.7626988681174985,0.7111076376624983,0.6668599244350016,0.6321186360974974,0.5959297489900025,0.5684943576349986,0.5356016040849987,0.4983528868474998,0.46641045568250156,0.4241351882074999,0.37957698712749866,0.3383696852599998,0.3005322952574991,0.26477548556750063,0.2303542237550003,0.19716891475749904,0.15962256803499955,0.13085846663500011,0.10403848964249987,0.07918890858749998
-2.0,5.0,2.5,1.0,0.9723354818099957,0.9442640238124972,0.8976463091324974,0.8557640490999998,0.8072593321275029,0.7623461407299983,0.7107822740824985,0.6661204626300017,0.6313269037674974,0.5953357593675024,0.5676751372224986,0.5348848495224988,0.49743318449749985,0.4660297148375016,0.423949975635,0.37955095287249874,0.33843983001499983,0.3003894192874991,0.26461008314750056,0.23030194833500023,0.19718963432749903,0.15981894793999957,0.1311012297625001,0.10431575339999988,0.07967582652749998
-2.0,5.0,3.0,1.0,0.9721159306549958,0.9438141529124979,0.8965455348124984,0.8544205215099998,0.8049880149800022,0.7599539791349977,0.7079025637674984,0.6625273400800026,0.6280331200849968,0.5924289563125026,0.5643145105224989,0.5314620510974989,0.4932827149174996,0.4622886577000018,0.4205516020799998,0.37633293021499853,0.3350669410825,0.2972679284424987,0.26085927663750036,0.22657017539500024,0.19331974857249906,0.15562419262000016,0.1264766656849999,0.09983403809250019,0.075503352955
-2.0,5.0,3.5,1.0,0.971995154829996,0.9436672347099981,0.8963134985624986,0.8542288819049998,0.8048071746450018,0.7596553465349978,0.7077240011024983,0.6626728226175027,0.6280726861474967,0.5915815098300028,0.5638343157249992,0.5311805598674991,0.49278309279749977,0.4617176332225018,0.419459373315,0.37512536307749866,0.3342028073150001,0.2965019428274987,0.2598267928475003,0.22537161089000055,0.191718306937499,0.15420508438250022,0.12565659630499973,0.09935974437500023,0.0749942775450001
-2.0,5.0,4.0,1.0,0.9719444181024961,0.9434979225399981,0.8960198316449985,0.8538702771174996,0.8042516674300018,0.7590692658449979,0.7073243615649979,0.662021105932503,0.6272289582274966,0.590811281070003,0.5631264449274989,0.5302889259699991,0.49188739812999976,0.460938936322502,0.418778668325,0.3743076725199984,0.3333841825425001,0.29534563987999857,0.2586180071775003,0.22390067895250051,0.1903060689324991,0.15226909829250018,0.12361907618249977,0.09764094573750015,0.07353653514750005
-2.0,5.0,4.5,1.0,0.9716019621099962,0.9428246757124971,0.8949847186974984,0.8528340551125,0.8028335620325018,0.7572138262524983,0.7062246722249972,0.661389189310003,0.6276105667374972,0.5901411663450028,0.5626361128899982,0.528974283512499,0.48995322676999964,0.4595736729700019,0.4173120245975002,0.3727482955899981,0.3318850334424993,0.2934893658974988,0.25672636672250077,0.2224281668450005,0.18824204886249954,0.15060863043249953,0.12173069078250018,0.09559945222749977,0.06995393106999986
-2.0,5.0,5.0,1.0,0.9716019621099962,0.9428246757124971,0.8949847186974984,0.8528340551125,0.8028335620325018,0.7572138262524983,0.7062246722249972,0.661389189310003,0.6276105667374972,0.5901411663450028,0.5626361128899982,0.528974283512499,0.48995322676999964,0.4595736729700019,0.4173120245975002,0.3727482955899981,0.3318850334424993,0.2934893658974988,0.25672636672250077,0.2224281668450005,0.18824204886249954,0.15060863043249953,0.12173069078250018,0.09559945222749977,0.06995393106999986
-2.0,7.5,0.0,1.0,0.9716245996749941,0.9430162119774969,0.8958059728974981,0.8538299904024993,0.8048171545650027,0.7604567541374975,0.7089360604624961,0.665868840230003,0.6319360582624967,0.5971489646100034,0.5704221459674964,0.5360402770449985,0.4998790959824996,0.4665432354650018,0.4247397652600002,0.3807446911424981,0.33949359578999966,0.3021636800649986,0.2667095715850006,0.2336202839550001,0.20128207864249947,0.16554384516249968,0.13685292677749938,0.11043654454249978,0.08548169326499995
-2.0,7.5,0.5,1.0,0.9716245996749941,0.9430162119774969,0.8958059728974981,0.8538299904024993,0.8048171545650027,0.7604567541374975,0.7089360604624961,0.665868840230003,0.6319360582624967,0.5971489646100034,0.5704221459674964,0.5360402770449985,0.4998790959824996,0.4665432354650018,0.4247397652600002,0.3807446911424981,0.33949359578999966,0.3021636800649986,0.2667095715850006,0.2336202839550001,0.20128207864249947,0.16554384516249968,0.13685292677749938,0.11043654454249978,0.08548169326499995
-2.0,7.5,1.0,1.0,0.9716566575274942,0.9431326645324968,0.8961372145024978,0.8542360284274991,0.8053605536000026,0.7611808394074976,0.7096937542349963,0.666384444230003,0.6323095945199967,0.5975171079825035,0.5708241495449965,0.5362192235849984,0.5000014625649996,0.46673088699750176,0.4248403150100002,0.380664116207498,0.3394624961524997,0.3021437911149986,0.26691523994500055,0.23374080037000006,0.20129501993499946,0.16544992716499965,0.13677403425249937,0.11037181348499978,0.08543025387999997
-2.0,7.5,1.5,1.0,0.9712743641824954,0.9422482454149964,0.8948859099324971,0.8524564686874989,0.8030731799425029,0.7583049299849981,0.7067716157224979,0.6628060210950021,0.6286060970974967,0.5937121535800024,0.5666584747599976,0.5331098649399988,0.4968954964524997,0.46393361280250134,0.4219709704850002,0.3774412959074985,0.3367585350574994,0.2994561210299992,0.26365085137750066,0.22999863094750025,0.19702425952499916,0.16047024871999935,0.13203090849250004,0.10617741283749972,0.08140196223499993
-2.0,7.5,2.0,1.0,0.9716499432749959,0.9429841451874966,0.8957057332924974,0.8532154692874993,0.8037451284525031,0.7588763944349985,0.7073820211224985,0.6630099637225016,0.6280311732224974,0.5916775364250025,0.5642801265699985,0.5314797925049988,0.49475704492999983,0.4620904331775016,0.42009325802749997,0.3758164634249988,0.33456055122499956,0.2969435296974992,0.26164861600000067,0.22739468494750034,0.19468040223499905,0.15789979518749953,0.12897818145000012,0.10306082734499988,0.07852816088749999
-2.0,7.5,2.5,1.0,0.9715669007774959,0.9427572468699968,0.8954986505374977,0.8530376886524995,0.8037047605550031,0.7585849419274983,0.7071200408099986,0.6623264623175017,0.6274008423024975,0.5912852160125024,0.5636218703549984,0.530875941852499,0.4938958448224999,0.4617692532575017,0.4199660926775,0.3758471100824989,0.33468690536999957,0.2968573573949992,0.26148321358000065,0.22740009630750027,0.19470112180499907,0.1580961750924995,0.12922094457750014,0.10333809110249989,0.07901507882749999
-2.0,7.5,3.0,1.0,0.9713473496224959,0.9423446568449979,0.8944597538199985,0.8518386484999997,0.8017307300675022,0.7564837616024979,0.7045536235374985,0.6591003624350026,0.6243950777949966,0.5888367659750026,0.5606578781924988,0.5279323198999992,0.49032282693749957,0.45875246522250196,0.4172616411249998,0.3732541421624985,0.3318488269124999,0.2942688614149987,0.25828555521000035,0.22420683300750033,0.1913014266149991,0.15433754679250014,0.12511986779499984,0.09909358730250022,0.07499769250000002
-2.0,7.5,3.5,1.0,0.9712265737974961,0.9421977386424981,0.8942277175699986,0.8516425240674996,0.801539777332502,0.7561673656674978,0.7043498755849983,0.6592057694375026,0.6244724168999966,0.5880064825300029,0.560195658847499,0.5276863624199993,0.4897843749974997,0.4581488934025019,0.41614265386999993,0.3720260728224987,0.331020948835,0.2935396334824986,0.2572912449625003,0.22300826850250058,0.18972733053499902,0.1529184385550002,0.12429979841499969,0.09861929358500021,0.07448861709000011
-2.0,7.5,4.0,1.0,0.9711758370699962,0.9420226741324982,0.8939218769449986,0.8512686436449995,0.8009607029625018,0.7555491257424979,0.7039097013974979,0.6585540527525029,0.6236286889799966,0.5871574084900031,0.5594877880499989,0.5267632002499993,0.4888569255899997,0.45733905394250207,0.41540229079999996,0.37115088027499843,0.3301475287325,0.2923297353649985,0.2560027307375003,0.2214576369750005,0.18823626818249914,0.15090465149250018,0.12218564454499978,0.09687538534000013,0.07300624334250007
-2.0,7.5,4.5,1.0,0.9708333810774963,0.9413487082624973,0.8929250128324981,0.8502244830125,0.7994718431800016,0.7536816928024982,0.7027991465074972,0.6578864514675031,0.6239256337249972,0.586335063397503,0.558897601329998,0.5253452955224991,0.4868850294499996,0.4558547306025019,0.4138460238750002,0.36954224228999805,0.3285727868449992,0.29039880044249883,0.2541318444950008,0.2199926097500005,0.18617480957749957,0.14923198242249955,0.12028527132250018,0.09482213879249979,0.06938092752249987
-2.0,7.5,5.0,1.0,0.9708333810774963,0.9413487082624973,0.8929250128324981,0.8502244830125,0.7994718431800016,0.7536816928024982,0.7027991465074972,0.6578864514675031,0.6239256337249972,0.586335063397503,0.558897601329998,0.5253452955224991,0.4868850294499996,0.4558547306025019,0.4138460238750002,0.36954224228999805,0.3285727868449992,0.29039880044249883,0.2541318444950008,0.2199926097500005,0.18617480957749957,0.14923198242249955,0.12028527132250018,0.09482213879249979,0.06938092752249987
-2.0,10.0,0.0,1.0,0.964673027,0.928909687,0.875467117,0.827719027,0.773897794,0.724540787,0.669225064,0.62147636,0.58488334,0.546902646,0.521882507,0.490362852,0.457157069,0.427333276,0.389226674,0.349269152,0.311488442,0.2771475,0.244991657,0.214708293,0.185714837,0.154341319,0.128397363,0.103922666,0.080925111
-2.0,10.0,0.5,1.0,0.9654081443000017,0.9305806406674924,0.8776757127000049,0.8305466389400001,0.7773234947999984,0.7290641378524996,0.6739567504249964,0.6294331552425018,0.5934928147275017,0.5569072179650036,0.5311119985924962,0.49680342171000186,0.4634560057225015,0.43101697306250203,0.3930302009275014,0.3519716814750014,0.3135140185124989,0.27860212646499927,0.24562932430750023,0.21548856463250077,0.18550818604750005,0.15380609311249882,0.12741882797499965,0.10225706538250018,0.07905574743249956
-2.0,10.0,1.0,1.0,0.9654402021525017,0.9307301497249925,0.8784111500000046,0.83145667931,0.7787565176249985,0.7311293370624996,0.6760861600174966,0.6323142780350018,0.5953625359825018,0.5587307038350037,0.5327426634349964,0.4988884174275017,0.4657156792250013,0.4333662481900017,0.39435077206500124,0.3532325307875015,0.31423543960749895,0.27922657030249926,0.24618184468250018,0.21577727771750077,0.18568387845000006,0.15371217511499882,0.12733993544999966,0.10219233432500018,0.07900430804749956
-2.0,10.0,1.5,1.0,0.9651096502100026,0.9297064726574917,0.8770553927524997,0.8294517532249988,0.7759899101475,0.7272402866875,0.6718077216050026,0.6273189466599987,0.5898580040500008,0.5523594892275004,0.5262086976650007,0.49338848167750216,0.4601272568050013,0.4285203503175003,0.3893634959275007,0.3479224045625017,0.3094226079349985,0.274461097345001,0.2413874890800007,0.21083067520500098,0.1812501634199997,0.14931756578499897,0.12331050552000047,0.09860052598499998,0.07574875454249987
-2.0,10.0,2.0,1.0,0.964673027,0.928526198,0.874366723,0.825613193,0.770596354,0.71996531,0.663371266,0.614709426,0.577089414,0.538342191,0.51264395,0.480697738,0.447365447,0.417699438,0.379995986,0.340299208,0.30288945,0.268691848,0.236542575,0.206179335,0.177209505,0.145874107,0.119982831,0.095575139,0.07265838
-2.0,10.0,2.5,1.0,0.9647767982800032,0.9288019310899938,0.8753085974499993,0.8269584303274988,0.7724238333649993,0.7221302723074988,0.6658526180700037,0.6189455859399982,0.5816877537124999,0.5437853102749998,0.5179351441175011,0.4861417235000028,0.45217841839750095,0.42120212321000033,0.3833690879975006,0.3432166022175012,0.3047057323924987,0.26980897556250083,0.23760007280250053,0.20734147467000105,0.17837018710499955,0.14710127005999935,0.12112632800750052,0.09650571531000006,0.07381179215999999
-2.0,10.0,3.0,1.0,0.9645468505600031,0.9281058129474978,0.8737675245400021,0.824698105962499,0.7688500517774964,0.7176544429699971,0.6601399411875025,0.6123996449050009,0.5757789589999978,0.5376589679350008,0.5112513022750013,0.47854251506750317,0.44525025192999984,0.4149130707700014,0.37804783592000013,0.3377586802499998,0.2992589339050001,0.2647769112699994,0.23238869960500005,0.20256136446250111,0.17412740876499921,0.14312056916250018,0.11687399574500011,0.09209092206750018,0.06953210428000008
-2.0,10.0,3.5,1.0,0.964673027,0.928238581,0.873551028,0.824070223,0.768204455,0.716686357,0.659220183,0.609967256,0.571678495,0.532448716,0.506327652,0.4741285,0.440738398,0.411194671,0.373765455,0.334280454,0.297145236,0.263065785,0.230952014,0.200576494,0.17165641,0.140381128,0.114560127,0.090232511,0.067405128
-2.0,10.0,4.0,1.0,0.9644202971300031,0.9277565843574986,0.8732886625225024,0.8238977188849991,0.7677373765424957,0.7164668287574972,0.6591728992775007,0.6104284515175022,0.5728923554549967,0.5339890527600022,0.5073984028525012,0.4750426446375035,0.4411688951875,0.4116299407500019,0.3742084527125005,0.33436188130249883,0.29697978344250037,0.26269531127999884,0.2301010979525001,0.19998885054750132,0.17130723617999924,0.14016281283000023,0.11436584231249995,0.09015814320250007,0.06777992508750015
-2.0,10.0,4.5,1.0,0.9638445158100026,0.926418389007496,0.8711761601975,0.8210237415099998,0.7636111411699968,0.711716776269999,0.6541586179524975,0.6047427925925022,0.5673860505124986,0.5272830111300023,0.5008744428399988,0.4686370029775028,0.43457728235499987,0.4055139116225023,0.3687224600725007,0.32933750718499843,0.29307136063999895,0.2585569117449991,0.22705685250750085,0.19742273594500082,0.1684864266074999,0.13785409292999945,0.11180069890250033,0.08737418597999971,0.06403633294499984
-2.0,10.0,5.0,1.0,0.964673027,0.927950964,0.872743562,0.822558066,0.765882923,0.713533463,0.655264336,0.605493512,0.56661398,0.526971,0.50049047,0.468086429,0.434663551,0.405242414,0.36806437,0.32879881,0.291930384,0.257972814,0.225912101,0.195552723,0.166699592,0.135500644,0.109764998,0.085531296,0.06280584
-2.0,12.5,0.0,1.0,0.965847946102502,0.9313094686824935,0.8787540599800048,0.831626305190001,0.7786316665224992,0.73017156065,0.6749883770299973,0.6293544575675011,0.5927606897375017,0.5562247746575025,0.5301523108474968,0.49590018525250174,0.4628758429425009,0.4305327905525016,0.3924336764925014,0.3516183224125011,0.31316396557749876,0.2790777960299995,0.24621898202,0.21600219372250057,0.18628388888500008,0.15398652851749883,0.12754296309999963,0.10246924496500016,0.07907516785999956
-2.0,12.5,0.5,1.0,0.965847946102502,0.9313094686824935,0.8787540599800048,0.831626305190001,0.7786316665224992,0.73017156065,0.6749883770299973,0.6293544575675011,0.5927606897375017,0.5562247746575025,0.5301523108474968,0.49590018525250174,0.4628758429425009,0.4305327905525016,0.3924336764925014,0.3516183224125011,0.31316396557749876,0.2790777960299995,0.24621898202,0.21600219372250057,0.18628388888500008,0.15398652851749883,0.12754296309999963,0.10246924496500016,0.07907516785999956
-2.0,12.5,1.0,1.0,0.9658800039550022,0.9314589777399936,0.8794395300875046,0.8325200396575011,0.7799814793899994,0.7321996934425,0.6770700759774974,0.6320534846575012,0.5946279265150018,0.5582170725150024,0.5317350035899971,0.4980620126000015,0.4652127906000006,0.43325595710500125,0.39410235306250124,0.3532012574025011,0.3140710149474988,0.2798830220924995,0.24693760997999994,0.21644346483750054,0.1865987228425001,0.15401725658499885,0.12757645279749963,0.10250518964750018,0.07911326244249955
-2.0,12.5,1.5,1.0,0.9656327736375032,0.9306394385874931,0.878359101030001,0.8309511012525,0.7778157286525006,0.7292116213125004,0.6739479292325024,0.6280664146249986,0.5902187902950011,0.5530521497199998,0.5264591724275007,0.4937806094875019,0.46085316255000064,0.4295302031300001,0.3901850350425008,0.3490095631050012,0.3102504834899984,0.275901631157501,0.2427078614525004,0.21198824910250078,0.1824147290224997,0.14988668032999897,0.12372021993250044,0.09900936942999998,0.07594037624749986
-2.0,12.5,2.0,1.0,0.9653975345450034,0.9299404178899948,0.8768168396825005,0.8285789660849996,0.7744011414075002,0.7249788116974999,0.6689074912825035,0.6215720129324981,0.5834584321675002,0.5451447956924993,0.5191964599175014,0.48747167505500216,0.4543928937525006,0.42379995151000005,0.3849570257925006,0.3445314803200008,0.3058119396724987,0.27157410875750093,0.23916209152250037,0.20831465033750093,0.17919992904499957,0.14734585663249933,0.12105838386750052,0.09638609631250006,0.07336842477499998
-2.0,12.5,2.5,1.0,0.9653165860325036,0.9297728347924951,0.8767268081200008,0.8286362835,0.7745969508175,0.7245480232749997,0.6685909971825035,0.6199819561324981,0.5824157012025004,0.5445967635799991,0.518468531675001,0.4866029852250025,0.4532426964125003,0.42282152835250014,0.3848908899475007,0.3445792011875007,0.30572391917249864,0.2714473904425009,0.23904794762500028,0.20850954884500086,0.17949595717749955,0.14768817237499932,0.12152422050750049,0.09690768958000007,0.07400115973499999
-2.0,12.5,3.0,1.0,0.9650699739875037,0.9290990069649985,0.8753072830075028,0.826481558825,0.7712321418899977,0.7204425725099982,0.6632393303300025,0.6139518160425003,0.5769034592874985,0.53888830314,0.5121972529650013,0.4796715789900028,0.4467540072574995,0.4167435125675009,0.37982416255500034,0.33935763772499966,0.3003053407874998,0.26635588649249964,0.2337600727649999,0.20370570189250092,0.17520336645499923,0.14368061575500016,0.11715890611500011,0.09237997044250018,0.06965336222250007
-2.0,12.5,3.5,1.0,0.9650144570050035,0.9290572672724986,0.8752764104825027,0.8265102374174996,0.7712885619874976,0.720446407607498,0.6634206055275021,0.6136747947250005,0.5762805230199977,0.5370538888350008,0.5104074830750022,0.4781683351575029,0.4449398973575,0.41577481608250094,0.37814240197500043,0.33782720574499947,0.29984685254000015,0.26589569329749946,0.23306921536,0.20285162179000127,0.17389544666999918,0.14237848657750024,0.11644733837749996,0.09207516558500017,0.06918626638750017
-2.0,12.5,4.0,1.0,0.9649100919075037,0.928732610897499,0.874821672295003,0.825677431905,0.7701038389274969,0.719227179039998,0.6621290268025005,0.6117776537400017,0.5735744193124975,0.5344917042300016,0.5076222298750012,0.47543776662750303,0.4420380401899997,0.41299346999250147,0.3755834189900005,0.3355604724024988,0.2977782515150001,0.2637881409949991,0.23102070773999997,0.20068456842750113,0.1719944730524993,0.14028243832750023,0.11444827321749995,0.09032375317000006,0.06772861895000014
-2.0,12.5,4.5,1.0,0.964274728135003,0.9272905389574969,0.8724898614875011,0.8224042858025006,0.7653886787824977,0.713629358087499,0.6560480262799979,0.6048072300250016,0.5671143612124991,0.5269600027775017,0.500594804694999,0.4681978317525025,0.4346854862549996,0.4055680803550019,0.3689212306875008,0.3297138611399984,0.29310410202499887,0.2588582155524992,0.22738346785750072,0.19755768567250068,0.1689565409499999,0.13787882078999944,0.11171938870250031,0.08735328597999972,0.06387505748999985
-2.0,12.5,5.0,1.0,0.964274728135003,0.9272905389574969,0.8724898614875011,0.8224042858025006,0.7653886787824977,0.713629358087499,0.6560480262799979,0.6048072300250016,0.5671143612124991,0.5269600027775017,0.500594804694999,0.4681978317525025,0.4346854862549996,0.4055680803550019,0.3689212306875008,0.3297138611399984,0.29310410202499887,0.2588582155524992,0.22738346785750072,0.19755768567250068,0.1689565409499999,0.13787882078999944,0.11171938870250031,0.08735328597999972,0.06387505748999985
-2.0,15.0,0.0,1.0,0.9618449369450043,0.9235581022824974,0.8675021465450042,0.817110102525002,0.7610388736699967,0.7087438978524981,0.6515803698050013,0.604699203357502,0.5654346436674983,0.5268000137000007,0.5015635644050004,0.4702206319350018,0.43845633984999843,0.40813773286750105,0.37221718531499876,0.3336592913500015,0.2988491984899985,0.2658156106824995,0.23507678240999944,0.20542123631750023,0.17594446250249973,0.14467813348499978,0.11957150098999997,0.09633820638250012,0.07446195719249954
-2.0,15.0,0.5,1.0,0.9618449369450043,0.9235581022824974,0.8675021465450042,0.817110102525002,0.7610388736699967,0.7087438978524981,0.6515803698050013,0.604699203357502,0.5654346436674983,0.5268000137000007,0.5015635644050004,0.4702206319350018,0.43845633984999843,0.40813773286750105,0.37221718531499876,0.3336592913500015,0.2988491984899985,0.2658156106824995,0.23507678240999944,0.20542123631750023,0.17594446250249973,0.14467813348499978,0.11957150098999997,0.09633820638250012,0.07446195719249954
-2.0,15.0,1.0,1.0,0.9618769947975043,0.9237076113399975,0.8681876166525042,0.818003836992502,0.7623886865374968,0.7105385291149985,0.6534223502250015,0.6071907206875021,0.5671058145299983,0.5286124522900006,0.5029537846525006,0.47217872829000174,0.44058087690249825,0.4106451511375008,0.3736810620349987,0.33504858115000147,0.2995714635999986,0.2666208367449995,0.23579541036999938,0.20586250743250023,0.17625929645999974,0.14470886155249976,0.11960499068749994,0.09637415106500014,0.07450005177499955
-2.0,15.0,1.5,1.0,0.961689823412505,0.9231749277049974,0.8677017761650022,0.8173712571800018,0.7615073115849982,0.7094154840374984,0.6524233881400039,0.6052939577475009,0.5648982644474979,0.5255931871849995,0.5001650378300025,0.46980495753250195,0.4382996406749982,0.4090469335425004,0.37183808515749844,0.3328008924925016,0.2972033038274983,0.2640544972375004,0.23279525209499966,0.2026697849900004,0.17347147162499965,0.14194003660749982,0.11716246370750037,0.09415567792250008,0.07228231876749973
-2.0,15.0,2.0,1.0,0.9615551627275053,0.9225140404474979,0.8661894189825021,0.8151578455275019,0.758549872192498,0.7061412853499983,0.6485839262925047,0.5999221468525008,0.5595213596624972,0.5193879703899991,0.494749393327503,0.4651954861575021,0.43312789305749816,0.4043509446175005,0.3671489978549983,0.3289178131625016,0.29321781970749833,0.2602294460450004,0.22975616043749955,0.19954597047250014,0.17127298615499956,0.14034864835750022,0.11538878660250042,0.09221809417500017,0.07010267785749975
-2.0,15.0,2.5,1.0,0.9614424525050055,0.9221981987049981,0.8658979875700024,0.8149733605850021,0.7584756234024979,0.7057269106949984,0.6482219724575047,0.5988396458800007,0.5589470680499974,0.5186646241699989,0.4943476287175027,0.4646093977975023,0.43220131407749796,0.4032625563625005,0.3667782516274984,0.32866166244750156,0.29279856887749817,0.25978785654000036,0.2293939416774995,0.19953520490250007,0.17139525733249955,0.1406109577175002,0.1157963936625004,0.09262377782750018,0.07073541281749975
-2.0,15.0,3.0,1.0,0.958534906,0.916344373,0.856636562,0.802625836,0.74300006,0.688188549,0.62831274,0.576818201,0.536226528,0.495179326,0.471097463,0.441332366,0.410405855,0.382990717,0.348223978,0.311568062,0.277071884,0.245454481,0.215682597,0.187534999,0.160718188,0.131715773,0.107764633,0.085194454,0.064011744
-2.0,15.0,3.5,1.0,0.9611932024150055,0.9215982786474997,0.8646015862050035,0.8131313368400019,0.7555690444999954,0.7022578555849972,0.6437263561000042,0.5939787448325019,0.555205201989996,0.51389106525,0.4892644628350032,0.4582995370650023,0.42603052781249784,0.398179007417501,0.3614273858824979,0.3234701850575013,0.28801697680499905,0.2552138334874995,0.22425850125749913,0.1950648144325002,0.16690731660749908,0.13660247923250085,0.11195036722500003,0.08882543529750016,0.0665979554324998
-2.0,15.0,4.0,1.0,0.9611057495600055,0.9213892848425,0.8643807122300037,0.8126446131275021,0.7547835207349947,0.7016274856849972,0.6428074068125034,0.5930196787825023,0.554138446852496,0.5131492644675002,0.4881934339525029,0.45708441905500236,0.4246668056124978,0.39694132805500115,0.36011350756249805,0.32216587004250097,0.2867398359999991,0.2539437818549993,0.22287576196999914,0.19359690787500017,0.16576351457999908,0.13542055373750084,0.11086530577999999,0.0877548599125001,0.06534165293249979
-2.0,15.0,4.5,1.0,0.9602454104900042,0.9197039282524995,0.8619114856500028,0.8092647325700022,0.7503684240524956,0.6962902156724983,0.6371718334300016,0.5860217682175018,0.5475383967724969,0.5047055816150005,0.48104693438750135,0.45003545012750196,0.4179148424599979,0.38983527753500136,0.35402783891499845,0.3172924277000005,0.2827023674374985,0.24997352411249932,0.2199359230249995,0.19071448496000007,0.16090815041249948,0.13013711483750018,0.10491278455000012,0.08241903214249988,0.060972357129999766
-2.0,15.0,5.0,1.0,0.9602454104900042,0.9197039282524995,0.8619114856500028,0.8092647325700022,0.7503684240524956,0.6962902156724983,0.6371718334300016,0.5860217682175018,0.5475383967724969,0.5047055816150005,0.48104693438750135,0.45003545012750196,0.4179148424599979,0.38983527753500136,0.35402783891499845,0.3172924277000005,0.2827023674374985,0.24997352411249932,0.2199359230249995,0.19071448496000007,0.16090815041249948,0.13013711483750018,0.10491278455000012,0.08241903214249988,0.060972357129999766
-2.0,17.5,0.0,1.0,0.958854234662503,0.9176365266649992,0.858998277912504,0.8064137071675032,0.7482628664474962,0.6945715056549986,0.6367839598275016,0.5884782514675012,0.5463017348974979,0.5064501155475001,0.4836287352550012,0.4540221481250015,0.42196870224499805,0.3933174837500006,0.3588475440549985,0.3210102119950014,0.28706782196999864,0.25477818160999943,0.22466263118749918,0.1962481304700005,0.1674948066299995,0.13699570021250018,0.11380261789750001,0.0920248187975001,0.07304133991499957
-2.0,17.5,0.5,1.0,0.958854234662503,0.9176365266649992,0.858998277912504,0.8064137071675032,0.7482628664474962,0.6945715056549986,0.6367839598275016,0.5884782514675012,0.5463017348974979,0.5064501155475001,0.4836287352550012,0.4540221481250015,0.42196870224499805,0.3933174837500006,0.3588475440549985,0.3210102119950014,0.28706782196999864,0.25477818160999943,0.22466263118749918,0.1962481304700005,0.1674948066299995,0.13699570021250018,0.11380261789750001,0.0920248187975001,0.07304133991499957
-2.0,17.5,1.0,1.0,0.9588964348125031,0.9178092618124992,0.859720130222504,0.8073587495375031,0.7496788499699965,0.6964503265799987,0.6387261203125018,0.5909697687975014,0.5479849907674978,0.5082826576775001,0.48503382574500153,0.45598024448000146,0.42409323929749787,0.3958249020200003,0.3603944477899985,0.3224643352700013,0.2878366717074987,0.25563899813749946,0.22540073194749916,0.1966820459925005,0.1678096405874995,0.13702642828000017,0.11383610759500001,0.09206076348000009,0.07307943449749958
-2.0,17.5,1.5,1.0,0.9587651310500033,0.9174608899199993,0.8595434411075028,0.8071220319475032,0.749341043114997,0.6959179837374987,0.6383906747825033,0.5900536137850004,0.5468083255874976,0.5065509591674993,0.4832886836675027,0.4544068632075016,0.4228134672474979,0.3952062525800002,0.3594040900524984,0.3211745507525014,0.2863687732099986,0.2540833937425,0.22325567529249932,0.19448471760500063,0.16601499272999962,0.13528378453500023,0.1123618182700003,0.09055310136000014,0.07116771454499973
-2.0,17.5,2.0,1.0,0.9586304703650036,0.9168234913724994,0.8580124657325028,0.8052473276900031,0.7468661722249972,0.6930472036324987,0.6349682495850041,0.5856218553050003,0.5430390829199971,0.502744319902499,0.47932457298000286,0.45060818217750154,0.41871213150499775,0.39126761910750024,0.35531313122749836,0.3178546010175015,0.28262339447999846,0.25048649115000005,0.2206221153899992,0.19175194651250038,0.16422491092749955,0.13414056900750052,0.11105317355750033,0.0888672568075002,0.06895587251749974
-2.0,17.5,2.5,1.0,0.9585205287025039,0.9165099645049996,0.8576791479125031,0.8050075221000033,0.746666859939997,0.6925795389724986,0.6344673566200041,0.5843873579975003,0.5420881880174973,0.5016680525649989,0.4785465707000027,0.4498062813675018,0.4176707648974977,0.39006237441250036,0.35480406230749845,0.3174235818700015,0.2821061511899984,0.24987823315249996,0.22020265403749914,0.19168349416250027,0.16434718210499952,0.13434453537250052,0.11140255103750031,0.08921498565250023,0.06953108611749972
-2.0,17.5,3.0,1.0,0.9584103241250039,0.9161623062125008,0.856787687802504,0.8032867404775037,0.7438923283949949,0.6893988932374979,0.630325281657504,0.579390010342501,0.5382419357574963,0.49748828025999925,0.4736635145275031,0.4443991497125018,0.4130759182874973,0.38546483837000045,0.350546368677498,0.3132937260100015,0.2777807237924986,0.24557578005999958,0.21529057966499884,0.18696230871250002,0.15993889274999928,0.1302310195900009,0.10670646645000001,0.08423157140500015,0.06522718251999973
-2.0,17.5,3.5,1.0,0.9584425159100038,0.9162818854025008,0.856950326267504,0.8036797495975034,0.7444948819649951,0.6900014050924977,0.6311463791350037,0.5807778781975012,0.5401646899849966,0.4985988347649992,0.4752726061925027,0.4454622000950015,0.41349258363999764,0.3866685553275005,0.35064110170499824,0.3133014564025013,0.2782749628049988,0.2459656067924995,0.21549000209749888,0.1870848354575002,0.15982836455499927,0.13008162376250093,0.10671649420999993,0.08451677368500018,0.06494330332249981
-2.0,17.5,4.0,1.0,0.9583258736300039,0.9159876643475009,0.8566351898250041,0.8030992918075035,0.7436516720299947,0.6893325890149978,0.6304197564575034,0.5802434091075013,0.5397845312574966,0.49845669487749933,0.47487195174000246,0.44482071296250153,0.4126926202799976,0.3859069602225006,0.34988171598499823,0.31257086242750115,0.27750018098249885,0.24525495237499942,0.21472764264749888,0.18603843740500026,0.15912006800499928,0.12949241953250093,0.10598361988749991,0.08377716413250015,0.06332558364499982
-2.0,17.5,4.5,1.0,0.9574335765750024,0.9142090132925008,0.8538204503325041,0.7987920207600038,0.7375789453274955,0.6817214765949988,0.6217466917500026,0.5692692476274999,0.5298868820474968,0.4877209606849998,0.46431608191750234,0.43441452912750117,0.4025913451099978,0.37596785292500035,0.34139746697999857,0.3059796293325007,0.27248805550749844,0.24079135632749954,0.21177657595999907,0.18321771694000005,0.1544082538849997,0.12462382177250043,0.10036736770249995,0.07878128566750012,0.057977263079999834
-2.0,17.5,5.0,1.0,0.9574335765750024,0.9142090132925008,0.8538204503325041,0.7987920207600038,0.7375789453274955,0.6817214765949988,0.6217466917500026,0.5692692476274999,0.5298868820474968,0.4877209606849998,0.46431608191750234,0.43441452912750117,0.4025913451099978,0.37596785292500035,0.34139746697999857,0.3059796293325007,0.27248805550749844,0.24079135632749954,0.21177657595999907,0.18321771694000005,0.1544082538849997,0.12462382177250043,0.10036736770249995,0.07878128566750012,0.057977263079999834
-2.0,20.0,0.0,1.0,0.9548268647549993,0.9097816672950003,0.8477188404575027,0.7926584152950036,0.7318895628549977,0.67581327436,0.6167046276500003,0.5682549826274989,0.5234655626024987,0.4818194982925002,0.46005723978250146,0.43303440732000115,0.4019327115874985,0.37351567214749987,0.3392510740349995,0.3020868285725003,0.2693582825124987,0.23878540326749942,0.21016209847499912,0.183535083975001,0.1572550351024994,0.1296389977025004,0.10905106327500017,0.08808760837000007,0.06819137460249959
-2.0,20.0,0.5,1.0,0.9548268647549993,0.9097816672950003,0.8477188404575027,0.7926584152950036,0.7318895628549977,0.67581327436,0.6167046276500003,0.5682549826274989,0.5234655626024987,0.4818194982925002,0.46005723978250146,0.43303440732000115,0.4019327115874985,0.37351567214749987,0.3392510740349995,0.3020868285725003,0.2693582825124987,0.23878540326749942,0.21016209847499912,0.183535083975001,0.1572550351024994,0.1296389977025004,0.10905106327500017,0.08808760837000007,0.06819137460249959
-2.0,20.0,1.0,1.0,0.9548690649049995,0.9099445720300003,0.8485131500975028,0.7937151576650036,0.7334651154424979,0.6778982903000003,0.6186670012300006,0.570855302652499,0.5251488184724987,0.4836520404225002,0.46166885515500167,0.435270503360001,0.40429587279249835,0.37622943823749966,0.3409681809599996,0.3038608739050003,0.27026585203749875,0.23977373205749944,0.21090019923499906,0.18394555454750097,0.15754301354249944,0.1296389977025004,0.10908455297250017,0.08812355305250007,0.0682294691849996
-2.0,20.0,1.5,1.0,0.9548611302149996,0.9098917721550005,0.8486117569425022,0.7939268812525034,0.733658076777498,0.6778137299000001,0.6188684523400014,0.5706877215349985,0.5248277617574986,0.48319534541999987,0.46088546458500235,0.43477727340750105,0.40415826271249844,0.37684570110249965,0.3410988712899995,0.3038920092700003,0.2699900248749987,0.2394717496199997,0.21026492387749915,0.182875626000001,0.15667395408499954,0.1288413377950004,0.10809312216000028,0.08705512011750013,0.06726271152249964
-2.0,20.0,2.0,1.0,0.9549034065249998,0.9097111190175007,0.8477048235975022,0.7927311122300036,0.7321198177474979,0.6757810762975001,0.6167239836400021,0.5675912585649981,0.5218101445099983,0.4803615946049996,0.4579138797150024,0.4313958421125011,0.4009916174649984,0.37364472219999983,0.3384624478074995,0.30213133180750035,0.26821684108499866,0.2374264913824997,0.2083951083499991,0.18118039201750086,0.15558091498249949,0.1281557308275006,0.10689957083250029,0.08553893198750014,0.06530270759749968
-2.0,20.0,2.5,1.0,0.9547897630374999,0.9093648622450007,0.8473615583725024,0.7924852822550038,0.7319869422249978,0.6754817909625,0.616423450805002,0.566726561959998,0.5211952734574983,0.4795728369774994,0.45748892858000234,0.43109110875250134,0.40018257742999835,0.37263474657999984,0.3380033384724995,0.3019893118475004,0.2676719002024986,0.23667199297499963,0.2078119890899991,0.18100610288500082,0.1556020882074995,0.12832190677500058,0.10724894831250026,0.08582870602500016,0.06585950321749966
-2.0,20.0,3.0,1.0,0.9549285373674999,0.9094251289525019,0.8469204211500038,0.7908065152600046,0.729184366792497,0.6727471855874996,0.6123977734675021,0.5619351939799982,0.5179091537499972,0.47572246178749955,0.4526076901325027,0.42525590621000087,0.39540982598249824,0.3682336989100002,0.3338156861424995,0.29805562593000035,0.26363278229749876,0.23262386286249975,0.2029812379124989,0.17581289973000047,0.15046517197999987,0.12362026510250076,0.1019104915525,0.0803316846950002,0.062265219589999726
-2.0,20.0,3.5,1.0,0.9549300385474999,0.9094555015825019,0.8469578151025037,0.7910933847225042,0.729598331707497,0.6732766806649993,0.6131380947050018,0.5632520446224983,0.5197355032074976,0.4768568559999995,0.4543528335025022,0.4262989185475006,0.3956261339824985,0.3693448588050002,0.33390122123499955,0.29778255778000035,0.26357995437499876,0.2324821279374997,0.2028319703724989,0.17569509008500048,0.15026601997249986,0.12347046172750079,0.10179227223249995,0.0803523889825002,0.06201917163499979
-2.0,20.0,4.0,1.0,0.9548133962674998,0.909165594782502,0.8466507944650039,0.7905287983950043,0.7288140396599971,0.6726561034399995,0.6124520066775017,0.5627830053324984,0.5194418811874976,0.47682842802249953,0.4540459745700021,0.4257359316925007,0.3948896801024985,0.36867669138000025,0.33328422839499955,0.29721814364000027,0.26293626069249876,0.23201010182749968,0.20225973443999887,0.1748657779925005,0.14977329110249987,0.12305802747250079,0.10123370173499995,0.07988437886000019,0.060735119799999786
-2.0,20.0,4.5,1.0,0.9538208522324985,0.9070737282000023,0.843579317075004,0.7857682628075046,0.7222536036024976,0.6642451646950002,0.6029994264725012,0.5499657501674972,0.5084483385449977,0.4649725611900001,0.4421598271075021,0.41341472830250064,0.3838530894249987,0.35777738954000016,0.32451169972750016,0.2903093448725,0.2575545301574988,0.22755277399749982,0.1995049386599989,0.17228790084750037,0.14538571507000012,0.11846482835000055,0.09600122986999994,0.0752159549450003,0.054971777037499836
-2.0,20.0,5.0,1.0,0.952997257,0.905153174,0.8400942,0.780897798,0.716638241,0.657605375,0.59437717,0.540139779,0.496665689,0.45346361,0.43067686,0.402792872,0.374032164,0.348714993,0.316722928,0.282934536,0.251208901,0.221988086,0.194399534,0.168274998,0.143446601,0.116599606,0.094453836,0.073600502,0.054045029
-2.0,22.5,0.0,1.0,0.9530525146849965,0.9062128985499992,0.8429055282375013,0.7865364738125027,0.725119200049998,0.6694953561850009,0.6096402276924995,0.5612318535924983,0.5156329288274997,0.4742308304150002,0.45197189791750086,0.425510596425001,0.3947466507674986,0.3671971276024994,0.3329092073724997,0.2965216643999996,0.26389550538749895,0.2336098712549993,0.2055906930149991,0.1793599193950012,0.1539780675749994,0.1264895916925004,0.10679364478000032,0.08701699607249998,0.06831104622999963
-2.0,22.5,0.5,1.0,0.9530525146849965,0.9062128985499992,0.8429055282375013,0.7865364738125027,0.725119200049998,0.6694953561850009,0.6096402276924995,0.5612318535924983,0.5156329288274997,0.4742308304150002,0.45197189791750086,0.425510596425001,0.3947466507674986,0.3671971276024994,0.3329092073724997,0.2965216643999996,0.26389550538749895,0.2336098712549993,0.2055906930149991,0.1793599193950012,0.1539780675749994,0.1264895916925004,0.10679364478000032,0.08701699607249998,0.06831104622999963
-2.0,22.5,1.0,1.0,0.9530947148349965,0.9063758032849992,0.8436998378775015,0.7875932161825026,0.726694752637498,0.6715803721250011,0.6116026012724998,0.5638321736174984,0.5173161846974996,0.47606337254500025,0.453583513290001,0.4277466924650009,0.39710981197249845,0.3699108936924992,0.33462631429749967,0.29829570973249964,0.264803074912499,0.23459820004499932,0.20632879377499908,0.17977038996750117,0.1542660460149994,0.1264895916925004,0.10682713447750032,0.08705294075499996,0.06834914081249964
-2.0,22.5,1.5,1.0,0.9530867801449968,0.9063239621324992,0.8438011957075008,0.7878102043550024,0.7269042211724984,0.6715072504175009,0.6118333213725005,0.5636645924999979,0.5170146127974995,0.47562807867999984,0.45284631550500165,0.42732595086750097,0.39702116000249854,0.3705753257474993,0.3348031580674997,0.29833743876499963,0.26468606463499894,0.2344878595274995,0.2059667999474991,0.1789602962100012,0.1536096198574995,0.1258755038300004,0.10590776832500039,0.08602123458000004,0.06732653827749968
-2.0,22.5,2.0,1.0,0.953129056454997,0.9062077787824994,0.8429887786300005,0.7867378914350024,0.7255152834024983,0.6696477384450009,0.609881207000001,0.5607769379949975,0.5142227629099991,0.47301933628999954,0.4501071398775018,0.42428875007250094,0.3941806396499985,0.36768240255249934,0.3324503915199998,0.2968097584824997,0.2633829192299989,0.23295075962249953,0.2044890764049991,0.17789529195250112,0.15292905426999942,0.1255858439175005,0.10482144313750039,0.08438004960500005,0.06522962122249971
-2.0,22.5,2.5,1.0,0.9530154129674971,0.9058615220099995,0.8426455134050009,0.7864920614600027,0.7253824078799984,0.6693484531100008,0.609580674165001,0.5599122413899975,0.5136078918574991,0.4723113248849994,0.4496821887425017,0.42392756475750104,0.3933715996149985,0.36667242693249946,0.33199128218499985,0.2966677385224997,0.26283797834749884,0.23219626121499945,0.20390595714499912,0.17772100282000103,0.15295022749499942,0.1257520198650005,0.10517082061750037,0.08466982364250004,0.0657864168424997
-2.0,22.5,3.0,1.0,0.953169532599997,0.9058551020050012,0.8418323056550037,0.7840961211750045,0.721635036212498,0.6652452419099997,0.6042953075800006,0.5539008543724977,0.509306578819998,0.46742553980749996,0.44368617714750164,0.4168283022875004,0.3873146527199987,0.3607733835875001,0.32614936150000046,0.2910871324149996,0.25709646145249926,0.22649469036249953,0.19729433231249885,0.17118314559750025,0.1472924231824999,0.12038599989000053,0.09943210781250013,0.07858196232250024,0.061615127509999805
-2.0,22.5,3.5,1.0,0.953155688477497,0.9058854746350014,0.8418696996075036,0.7842757687025044,0.7219859901399981,0.6657034924674996,0.6048810916025004,0.5550519597399978,0.5108670385249984,0.4684667605449999,0.44516709410000127,0.4175433532850002,0.38722763528999893,0.3616730138275001,0.3261071892075005,0.29075728328499956,0.2568429000099994,0.22617684239749952,0.19695419705999886,0.17096752474000027,0.1469838889549999,0.12014954296500054,0.0991440011425001,0.07848154259750025,0.06130556553499985
-2.0,22.5,4.0,1.0,0.9530390461974969,0.9055955678350014,0.8415626789700038,0.7837111823750043,0.7212016980924983,0.6650829152424995,0.6041950035750002,0.5545829204499978,0.5105734165049983,0.46843833256749995,0.4448602351675012,0.41698036643000025,0.38649118140999894,0.3610048464025002,0.32549019636750054,0.29019286914499953,0.2561992063274994,0.22570481628749953,0.19638196112749884,0.1701382126475003,0.1464911600849999,0.11973710871000057,0.09858543064500007,0.07801353247500024,0.060021513699999834
-2.0,22.5,4.5,1.0,0.9520311568599956,0.9034746847750017,0.8384509340800038,0.7789451743350045,0.7147899457874981,0.6567126862075002,0.59479861232,0.5416249382849965,0.49959317265249825,0.4565445807200005,0.43306487314250136,0.4047738250625003,0.3755540502724991,0.3500389280050003,0.31687843783000086,0.2832410473274993,0.25077123668249934,0.22115641617999962,0.19354703253749886,0.16747643274000026,0.1425628598500001,0.11611188392250046,0.0942205288575,0.07373589202000033,0.05420846987749985
-2.0,22.5,5.0,1.0,0.9520311568599956,0.9034746847750017,0.8384509340800038,0.7789451743350045,0.7147899457874981,0.6567126862075002,0.59479861232,0.5416249382849965,0.49959317265249825,0.4565445807200005,0.43306487314250136,0.4047738250625003,0.3755540502724991,0.3500389280050003,0.31687843783000086,0.2832410473274993,0.25077123668249934,0.22115641617999962,0.19354703253749886,0.16747643274000026,0.1425628598500001,0.11611188392250046,0.0942205288575,0.07373589202000033,0.05420846987749985
-2.0,25.0,0.0,1.0,0.948033385,0.896386007,0.828791901,0.767974671,0.702982644,0.643605683,0.580603403,0.525879423,0.481982829,0.438181814,0.418135522,0.392881778,0.366277097,0.342382088,0.311850841,0.279836624,0.249566484,0.222052307,0.196288845,0.172025625,0.148795887,0.123659228,0.102872769,0.083263489,0.064837704
-2.0,25.0,0.5,1.0,0.9504177695649944,0.9012568738424956,0.8363155086949966,0.777914665177498,0.7158746155749988,0.6586990740350006,0.5961192658499979,0.5424866489824995,0.4962167831850015,0.4525128443099996,0.43304051389500026,0.4098537726950016,0.3813397953399976,0.35693973793249806,0.32528467872749833,0.29117584153749915,0.25988503549249925,0.23139206585249897,0.2042881576774991,0.1786012680200011,0.1536724328549991,0.12669247177500034,0.10682701141750045,0.0871154706549999,0.0683072350399996
-2.0,25.0,1.0,1.0,0.9504599697149944,0.9014197785774957,0.8371098183349968,0.7789714075474978,0.7174501681624988,0.6605746376100008,0.5976351875249981,0.5444386516524996,0.49723933126500147,0.4534651210499996,0.43420770330750036,0.4116459469800015,0.38326369667499754,0.3592220074574979,0.3267969858024985,0.2929498868699991,0.26079260501749935,0.23238039464249902,0.20502625843749903,0.1790117385925011,0.15396041129499913,0.12669247177500034,0.10686050111500045,0.08715141533749991,0.06834532962249959
-2.0,25.0,1.5,1.0,0.9504842925699946,0.9014333659349957,0.8372720844774963,0.7793803702674978,0.7178908577124987,0.6608286140875005,0.5981785868074988,0.5448494900199993,0.49766909603500153,0.45383082439999944,0.43438442856000054,0.4120105150225017,0.38363846964249765,0.3599939380324979,0.3272011332074984,0.2930484320649992,0.26084607001749927,0.2324264235999992,0.2048081606574991,0.17831295999250113,0.1533039851374992,0.12607838391250034,0.10594113496250052,0.08610647908249998,0.06731341559249966
-2.0,25.0,2.0,1.0,0.9505265688799948,0.9013816523724958,0.8365255979474963,0.7782229391199977,0.7164258990924988,0.6595856963175006,0.5969910709974992,0.5437790232949992,0.49706174447250134,0.4534264851099994,0.43350261197750056,0.4106260801975016,0.3820210711799975,0.35773339625249806,0.32537735783249844,0.29140103202999923,0.2595709597849993,0.2308634632824992,0.2033001552124991,0.17720625676750104,0.15256233807249914,0.12566818934000043,0.10475716825000053,0.08436384822749997,0.06510476059749969
-2.0,25.0,2.5,1.0,0.9504129253924948,0.901011164794996,0.8361476310999962,0.7779328302124979,0.7162930235699987,0.6592864109825005,0.5966905381624992,0.5431861174724991,0.49623121057750125,0.4523003334449992,0.43270207771500063,0.41009553901750173,0.38149003687249755,0.35705002531249813,0.32491824849749845,0.2912590120699992,0.2590260189024992,0.23010896487499913,0.2027170359524991,0.17703196763500098,0.15258351129749914,0.12583436528750044,0.1051065457300005,0.08465362226499996,0.06566155621749965
-2.0,25.0,3.0,1.0,0.9504911525024948,0.9005127898849996,0.8342709272350015,0.773871795660002,0.710090921877498,0.6518987291474975,0.5875692354074977,0.5337421248324984,0.4883460861649993,0.4439212914475004,0.42308414042500025,0.39837319184749975,0.37048021498499895,0.3460505401025001,0.31411909947750005,0.28070504241749916,0.2486240946575005,0.21969427080249918,0.19187164007749874,0.1669971391149997,0.1444903010099993,0.11906210761250033,0.09813104027500044,0.07757666361500008,0.061117807084999726
-2.0,25.0,3.5,1.0,0.9505132677499948,0.9005408476399995,0.8343083976800015,0.7740738673250018,0.7104823254049981,0.6524280330449974,0.5880383940174976,0.5341521128274984,0.4887286821049994,0.4441028060300004,0.4236658181125,0.3986574618474997,0.37022489898749905,0.3464457507250001,0.3139920444200001,0.2803483056174991,0.24836802188000057,0.21936884970999915,0.1915357175824987,0.1668523195149997,0.1442818003024993,0.11880925454500031,0.09780560882500042,0.07742556601250009,0.060761687634999756
-2.0,25.0,4.0,1.0,0.9503842157899948,0.9002039173149997,0.8340217130075015,0.7735401494375018,0.7095933531824979,0.6517207278599975,0.5873281262499975,0.5337291531074984,0.48848743725499943,0.4441028060300004,0.42341972658000004,0.3980881337799997,0.3694875120524991,0.3457486452575001,0.3133503119775001,0.27973514428499907,0.2476810470600006,0.21885857695749916,0.1909299882774987,0.16599401508249972,0.1437643568124993,0.11835664207000032,0.0972144911525004,0.07691951368500008,0.05934727486999975
-2.0,25.0,4.5,1.0,0.9494158438224938,0.8981549713749996,0.8308216600700016,0.7685454610125018,0.7026583173874978,0.6430161306149975,0.5787401339074968,0.5229217307174974,0.4785322165049996,0.433483845015001,0.4125786742600001,0.38669990674249954,0.3593615439824995,0.3350421324000004,0.3041314693425001,0.272066339974999,0.24153437917250084,0.2137099113924992,0.18776851831249863,0.16291041273249957,0.1390965249324994,0.11348793397250018,0.09184632316250047,0.0719317520700001,0.05278931144749973
-2.0,25.0,5.0,1.0,0.948033385,0.895460852,0.826213551,0.763186225,0.695702206,0.633827936,0.568491414,0.512355093,0.466927659,0.422212454,0.400996089,0.375033769,0.34825515,0.324682752,0.294895471,0.263435659,0.233896446,0.206689429,0.181002185,0.156678062,0.133560753,0.108563962,0.087944401,0.068528208,0.050320431
-1.5,0.0,0.0,1.0,0.9756601446449955,0.9510524703924967,0.9085330442324971,0.8701089314424997,0.8250249358225021,0.7847052745399986,0.7360305102724961,0.6972306383825015,0.6659802894699987,0.636018250677502,0.6057290097574974,0.5690681593374981,0.5349354652625002,0.4975553754800016,0.4537997236750004,0.4059498484799985,0.36306534837000065,0.3233958138724984,0.2860540446225004,0.24915947596249996,0.21332013536249964,0.17374578201750002,0.1429427910474993,0.11448448270999981,0.08776315358750005
-1.5,0.0,0.5,1.0,0.9756601446449955,0.9510524703924967,0.9085330442324971,0.8701089314424997,0.8250249358225021,0.7847052745399986,0.7360305102724961,0.6972306383825015,0.6659802894699987,0.636018250677502,0.6057290097574974,0.5690681593374981,0.5349354652625002,0.4975553754800016,0.4537997236750004,0.4059498484799985,0.36306534837000065,0.3233958138724984,0.2860540446225004,0.24915947596249996,0.21332013536249964,0.17374578201750002,0.1429427910474993,0.11448448270999981,0.08776315358750005
-1.5,0.0,1.0,1.0,0.9756601446449955,0.9510524703924967,0.9085330442324971,0.8701089314424997,0.8250249358225021,0.7849200085999987,0.7361719089949961,0.6974324092275016,0.6661651596199986,0.636186431242502,0.6059853098124974,0.5692663243199981,0.5350591167075003,0.4975007461800016,0.45375420381250037,0.40591338863999854,0.36303976810000066,0.32325778728499843,0.2858879370375004,0.24903036288249997,0.21320784932499962,0.17365186402000002,0.14286389852249928,0.1144197516524998,0.08771171420250007
-1.5,0.0,1.5,1.0,0.9753208134074963,0.9502965857599964,0.9073906509474965,0.8684247133424995,0.8228736424425024,0.7823276456574991,0.7333430587199976,0.6940921846275008,0.6627284976774984,0.632823543477501,0.6021162640674987,0.5663796366949986,0.5321499314700004,0.4944854819325013,0.4506920071775005,0.40279267620499887,0.3603240498600004,0.320575749869999,0.28288989855500046,0.24561162035250014,0.20912746951999914,0.16894510076499963,0.1382778399225,0.11037181916499968,0.08379559105749995
-1.5,0.0,2.0,1.0,0.9759045398899966,0.951439569174997,0.908877676377497,0.8699504635574997,0.8245798877275025,0.7846638031899994,0.7356620824649984,0.6955765734025009,0.6625493413399988,0.6318681662700011,0.6011538145624992,0.5659972918824984,0.5308978435575006,0.49342671316750136,0.44959140644750023,0.401695340179999,0.3586139338300004,0.31825197463499894,0.2811901281625005,0.24329668245750022,0.20685135001499905,0.16639986964499973,0.1352316469275001,0.10725661316499989,0.08092178970999996
-1.5,0.0,2.5,1.0,0.9758191419974966,0.951301831617497,0.908716079014997,0.8697848878049999,0.8243065361950024,0.7834588230149993,0.7344012093699983,0.6945662062850011,0.6613832988049988,0.6318351174900011,0.5999337297749993,0.5643311753474984,0.5289119825875006,0.4925234901450014,0.4487490444425002,0.40097089740249897,0.35799686848500045,0.3176247092649989,0.28069251057250044,0.24303886853250017,0.20670139254999903,0.1663455627049997,0.13547441005500008,0.10753387692249988,0.08140870764999994
-1.5,0.0,3.0,1.0,0.9756162551674967,0.9508053372874976,0.9074555338149993,0.8680126240849997,0.8212800689275018,0.7797893401399982,0.7300142424124987,0.6890170329200029,0.6549124215624975,0.6251996098675012,0.5931060322799999,0.5575622116799984,0.5215131259075003,0.4856315527600012,0.442472612965,0.3952087853699988,0.35221159613750025,0.31224606943999883,0.27478507549500014,0.23741391625000013,0.2013710108799991,0.16138019642000023,0.13044586143499992,0.10291043604000025,0.07710503149000002
-1.5,0.0,3.5,1.0,0.975495479342497,0.9505989480449977,0.9071488691724994,0.8677836076799997,0.8210595168900017,0.7794501156099982,0.7297567767574986,0.688842880332503,0.6548555828549975,0.6241876415650014,0.5930307289425,0.5573869523949986,0.5211104248650006,0.4851585570175012,0.4416580091325002,0.3943198233024988,0.3513945010650005,0.3115272576499988,0.2737144181625001,0.2362153517450004,0.19984223909249899,0.15996108818250027,0.12962579205499977,0.10243614232250026,0.0765959560800001
-1.5,0.0,4.0,1.0,0.9754447426149971,0.9504644577999977,0.9069092368724995,0.8674911143474996,0.8205157932525013,0.7789574690349983,0.7294610551374981,0.6882932036175032,0.6541180325749975,0.6235246860625017,0.5923228581449999,0.5565832987249987,0.5203049871800005,0.48447056360250135,0.44097730414250025,0.39370931051999863,0.35068770784000053,0.3104748892149986,0.2727151068650001,0.2349328773075004,0.19845627586999914,0.1580510357500002,0.1275882719324998,0.10088176405250023,0.07519405855500007
-1.5,0.0,4.5,1.0,0.975155193732497,0.9498469098374969,0.9059585543924991,0.8666385513874999,0.8193286377725013,0.7780738969674986,0.7289472694874977,0.6882370194475036,0.6544232685774978,0.6227930792350014,0.5914095674949992,0.5557377110624985,0.5189028435825003,0.48371987921250137,0.44020149860500046,0.3926804970324983,0.3496617666674998,0.3093148960774989,0.27145220767000067,0.2336269926125005,0.1965268858724995,0.15642717151999957,0.1257238621775002,0.0988637766174998,0.07162295269749985
-1.5,0.0,5.0,1.0,0.975155193732497,0.9498469098374969,0.9059585543924991,0.8666385513874999,0.8193286377725013,0.7780738969674986,0.7289472694874977,0.6882370194475036,0.6544232685774978,0.6227930792350014,0.5914095674949992,0.5557377110624985,0.5189028435825003,0.48371987921250137,0.44020149860500046,0.3926804970324983,0.3496617666674998,0.3093148960774989,0.27145220767000067,0.2336269926125005,0.1965268858724995,0.15642717151999957,0.1257238621775002,0.0988637766174998,0.07162295269749985
-1.5,2.5,0.0,1.0,0.9756601446449955,0.9510524703924967,0.9085330442324971,0.8701089314424997,0.8250249358225021,0.7847052745399986,0.7360305102724961,0.6972306383825015,0.6659802894699987,0.636018250677502,0.6057290097574974,0.5690681593374981,0.5349354652625002,0.4975553754800016,0.4537997236750004,0.4059498484799985,0.36306534837000065,0.3233958138724984,0.2860540446225004,0.24915947596249996,0.21332013536249964,0.17374578201750002,0.1429427910474993,0.11448448270999981,0.08776315358750005
-1.5,2.5,0.5,1.0,0.9756601446449955,0.9510524703924967,0.9085330442324971,0.8701089314424997,0.8250249358225021,0.7847052745399986,0.7360305102724961,0.6972306383825015,0.6659802894699987,0.636018250677502,0.6057290097574974,0.5690681593374981,0.5349354652625002,0.4975553754800016,0.4537997236750004,0.4059498484799985,0.36306534837000065,0.3233958138724984,0.2860540446225004,0.24915947596249996,0.21332013536249964,0.17374578201750002,0.1429427910474993,0.11448448270999981,0.08776315358750005
-1.5,2.5,1.0,1.0,0.9756601446449955,0.9510524703924967,0.9085330442324971,0.8701089314424997,0.8250249358225021,0.7849200085999987,0.7361719089949961,0.6974324092275016,0.6661651596199986,0.636186431242502,0.6059853098124974,0.5692663243199981,0.5350591167075003,0.4975007461800016,0.45375420381250037,0.40591338863999854,0.36303976810000066,0.32325778728499843,0.2858879370375004,0.24903036288249997,0.21320784932499962,0.17365186402000002,0.14286389852249928,0.1144197516524998,0.08771171420250007
-1.5,2.5,1.5,1.0,0.9753208134074963,0.9502965857599964,0.9073906509474965,0.8684247133424995,0.8228736424425024,0.7823276456574991,0.7333430587199976,0.6940921846275008,0.6627284976774984,0.632823543477501,0.6021162640674987,0.5663796366949986,0.5321499314700004,0.4944854819325013,0.4506920071775005,0.40279267620499887,0.3603240498600004,0.320575749869999,0.28288989855500046,0.24561162035250014,0.20912746951999914,0.16894510076499963,0.1382778399225,0.11037181916499968,0.08379559105749995
-1.5,2.5,2.0,1.0,0.9759045398899966,0.951439569174997,0.908877676377497,0.8699504635574997,0.8245798877275025,0.7846638031899994,0.7356620824649984,0.6955765734025009,0.6625493413399988,0.6318681662700011,0.6011538145624992,0.5659972918824984,0.5308978435575006,0.49342671316750136,0.44959140644750023,0.401695340179999,0.3586139338300004,0.31825197463499894,0.2811901281625005,0.24329668245750022,0.20685135001499905,0.16639986964499973,0.1352316469275001,0.10725661316499989,0.08092178970999996
-1.5,2.5,2.5,1.0,0.9758191419974966,0.951301831617497,0.908716079014997,0.8697848878049999,0.8243065361950024,0.7834588230149993,0.7344012093699983,0.6945662062850011,0.6613832988049988,0.6318351174900011,0.5999337297749993,0.5643311753474984,0.5289119825875006,0.4925234901450014,0.4487490444425002,0.40097089740249897,0.35799686848500045,0.3176247092649989,0.28069251057250044,0.24303886853250017,0.20670139254999903,0.1663455627049997,0.13547441005500008,0.10753387692249988,0.08140870764999994
-1.5,2.5,3.0,1.0,0.9756162551674967,0.9508053372874976,0.9074555338149993,0.8680126240849997,0.8212800689275018,0.7797893401399982,0.7300142424124987,0.6890170329200029,0.6549124215624975,0.6251996098675012,0.5931060322799999,0.5575622116799984,0.5215131259075003,0.4856315527600012,0.442472612965,0.3952087853699988,0.35221159613750025,0.31224606943999883,0.27478507549500014,0.23741391625000013,0.2013710108799991,0.16138019642000023,0.13044586143499992,0.10291043604000025,0.07710503149000002
-1.5,2.5,3.5,1.0,0.975495479342497,0.9505989480449977,0.9071488691724994,0.8677836076799997,0.8210595168900017,0.7794501156099982,0.7297567767574986,0.688842880332503,0.6548555828549975,0.6241876415650014,0.5930307289425,0.5573869523949986,0.5211104248650006,0.4851585570175012,0.4416580091325002,0.3943198233024988,0.3513945010650005,0.3115272576499988,0.2737144181625001,0.2362153517450004,0.19984223909249899,0.15996108818250027,0.12962579205499977,0.10243614232250026,0.0765959560800001
-1.5,2.5,4.0,1.0,0.9754447426149971,0.9504644577999977,0.9069092368724995,0.8674911143474996,0.8205157932525013,0.7789574690349983,0.7294610551374981,0.6882932036175032,0.6541180325749975,0.6235246860625017,0.5923228581449999,0.5565832987249987,0.5203049871800005,0.48447056360250135,0.44097730414250025,0.39370931051999863,0.35068770784000053,0.3104748892149986,0.2727151068650001,0.2349328773075004,0.19845627586999914,0.1580510357500002,0.1275882719324998,0.10088176405250023,0.07519405855500007
-1.5,2.5,4.5,1.0,0.975155193732497,0.9498469098374969,0.9059585543924991,0.8666385513874999,0.8193286377725013,0.7780738969674986,0.7289472694874977,0.6882370194475036,0.6544232685774978,0.6227930792350014,0.5914095674949992,0.5557377110624985,0.5189028435825003,0.48371987921250137,0.44020149860500046,0.3926804970324983,0.3496617666674998,0.3093148960774989,0.27145220767000067,0.2336269926125005,0.1965268858724995,0.15642717151999957,0.1257238621775002,0.0988637766174998,0.07162295269749985
-1.5,2.5,5.0,1.0,0.975155193732497,0.9498469098374969,0.9059585543924991,0.8666385513874999,0.8193286377725013,0.7780738969674986,0.7289472694874977,0.6882370194475036,0.6544232685774978,0.6227930792350014,0.5914095674949992,0.5557377110624985,0.5189028435825003,0.48371987921250137,0.44020149860500046,0.3926804970324983,0.3496617666674998,0.3093148960774989,0.27145220767000067,0.2336269926125005,0.1965268858724995,0.15642717151999957,0.1257238621775002,0.0988637766174998,0.07162295269749985
-1.5,5.0,0.0,1.0,0.9724347798124938,0.9445985457849971,0.8980929235474976,0.8567705312849994,0.8084655044025029,0.7641920423674975,0.7125721982324962,0.6696232661550031,0.6359241427799966,0.6013031049450034,0.5745118567674965,0.5400146909374984,0.5035797425549996,0.4711328802550018,0.42880223771500015,0.384350601814998,0.34327707299499993,0.30570112493249857,0.26985258465750056,0.23657991745749998,0.2037565718899995,0.16720311391999976,0.13867010297249935,0.11139333802249979,0.08614132582749999
-1.5,5.0,0.5,1.0,0.9724347798124938,0.9445985457849971,0.8980929235474976,0.8567705312849994,0.8084655044025029,0.7641920423674975,0.7125721982324962,0.6696232661550031,0.6359241427799966,0.6013031049450034,0.5745118567674965,0.5400146909374984,0.5035797425549996,0.4711328802550018,0.42880223771500015,0.384350601814998,0.34327707299499993,0.30570112493249857,0.26985258465750056,0.23657991745749998,0.2037565718899995,0.16720311391999976,0.13867010297249935,0.11139333802249979,0.08614132582749999
-1.5,5.0,1.0,1.0,0.972466837664994,0.9447149983399972,0.8984269161374975,0.8571818338949992,0.8088189959850027,0.7649275663299977,0.713121300547496,0.669939681705003,0.6360969279224967,0.6014511819700034,0.5744694343849965,0.5399958393849983,0.5035069582574996,0.47089966130750177,0.42872106433500023,0.38429245173999804,0.3432459733574999,0.3056812359824985,0.2700582530175005,0.2367004338725,0.20376951318249947,0.16710919592249976,0.13859121044749936,0.11132860696499979,0.08608988644250001
-1.5,5.0,1.5,1.0,0.9720429452149949,0.9437550223574966,0.8970335685274968,0.855233664954999,0.8063463805050028,0.7619065126099983,0.7100215113674977,0.6661899355675022,0.6322141184824968,0.5974814311750024,0.5701367777074977,0.5367394291949987,0.5002472293799997,0.4677739695525014,0.4255571475250002,0.38098574955999837,0.3403613873524997,0.30284492471249913,0.2667777209450006,0.2329581697550002,0.19951277204749915,0.1621930215674994,0.13391119367750004,0.10715507513499971,0.08206270993499994
-1.5,5.0,2.0,1.0,0.9724185243074956,0.944490922129997,0.8978533918874974,0.8559926655549995,0.8074146511200031,0.7626988681174985,0.7111076376624983,0.6668599244350016,0.6321186360974974,0.5959297489900025,0.5684943576349986,0.5356016040849987,0.4983528868474998,0.46641045568250156,0.4241351882074999,0.37957698712749866,0.3383696852599998,0.3005322952574991,0.26477548556750063,0.2303542237550003,0.19716891475749904,0.15962256803499955,0.13085846663500011,0.10403848964249987,0.07918890858749998
-1.5,5.0,2.5,1.0,0.9723354818099957,0.9442640238124972,0.8976463091324974,0.8557640490999998,0.8072593321275029,0.7623461407299983,0.7107822740824985,0.6661204626300017,0.6313269037674974,0.5953357593675024,0.5676751372224986,0.5348848495224988,0.49743318449749985,0.4660297148375016,0.423949975635,0.37955095287249874,0.33843983001499983,0.3003894192874991,0.26461008314750056,0.23030194833500023,0.19718963432749903,0.15981894793999957,0.1311012297625001,0.10431575339999988,0.07967582652749998
-1.5,5.0,3.0,1.0,0.9721159306549958,0.9438141529124979,0.8965455348124984,0.8544205215099998,0.8049880149800022,0.7599539791349977,0.7079025637674984,0.6625273400800026,0.6280331200849968,0.5924289563125026,0.5643145105224989,0.5314620510974989,0.4932827149174996,0.4622886577000018,0.4205516020799998,0.37633293021499853,0.3350669410825,0.2972679284424987,0.26085927663750036,0.22657017539500024,0.19331974857249906,0.15562419262000016,0.1264766656849999,0.09983403809250019,0.075503352955
-1.5,5.0,3.5,1.0,0.971995154829996,0.9436672347099981,0.8963134985624986,0.8542288819049998,0.8048071746450018,0.7596553465349978,0.7077240011024983,0.6626728226175027,0.6280726861474967,0.5915815098300028,0.5638343157249992,0.5311805598674991,0.49278309279749977,0.4617176332225018,0.419459373315,0.37512536307749866,0.3342028073150001,0.2965019428274987,0.2598267928475003,0.22537161089000055,0.191718306937499,0.15420508438250022,0.12565659630499973,0.09935974437500023,0.0749942775450001
-1.5,5.0,4.0,1.0,0.9719444181024961,0.9434979225399981,0.8960198316449985,0.8538702771174996,0.8042516674300018,0.7590692658449979,0.7073243615649979,0.662021105932503,0.6272289582274966,0.590811281070003,0.5631264449274989,0.5302889259699991,0.49188739812999976,0.460938936322502,0.418778668325,0.3743076725199984,0.3333841825425001,0.29534563987999857,0.2586180071775003,0.22390067895250051,0.1903060689324991,0.15226909829250018,0.12361907618249977,0.09764094573750015,0.07353653514750005
-1.5,5.0,4.5,1.0,0.9716019621099962,0.9428246757124971,0.8949847186974984,0.8528340551125,0.8028335620325018,0.7572138262524983,0.7062246722249972,0.661389189310003,0.6276105667374972,0.5901411663450028,0.5626361128899982,0.528974283512499,0.48995322676999964,0.4595736729700019,0.4173120245975002,0.3727482955899981,0.3318850334424993,0.2934893658974988,0.25672636672250077,0.2224281668450005,0.18824204886249954,0.15060863043249953,0.12173069078250018,0.09559945222749977,0.06995393106999986
-1.5,5.0,5.0,1.0,0.9716019621099962,0.9428246757124971,0.8949847186974984,0.8528340551125,0.8028335620325018,0.7572138262524983,0.7062246722249972,0.661389189310003,0.6276105667374972,0.5901411663450028,0.5626361128899982,0.528974283512499,0.48995322676999964,0.4595736729700019,0.4173120245975002,0.3727482955899981,0.3318850334424993,0.2934893658974988,0.25672636672250077,0.2224281668450005,0.18824204886249954,0.15060863043249953,0.12173069078250018,0.09559945222749977,0.06995393106999986
-1.5,7.5,0.0,1.0,0.9716245996749941,0.9430162119774969,0.8958059728974981,0.8538299904024993,0.8048171545650027,0.7604567541374975,0.7089360604624961,0.665868840230003,0.6319360582624967,0.5971489646100034,0.5704221459674964,0.5360402770449985,0.4998790959824996,0.4665432354650018,0.4247397652600002,0.3807446911424981,0.33949359578999966,0.3021636800649986,0.2667095715850006,0.2336202839550001,0.20128207864249947,0.16554384516249968,0.13685292677749938,0.11043654454249978,0.08548169326499995
-1.5,7.5,0.5,1.0,0.9716245996749941,0.9430162119774969,0.8958059728974981,0.8538299904024993,0.8048171545650027,0.7604567541374975,0.7089360604624961,0.665868840230003,0.6319360582624967,0.5971489646100034,0.5704221459674964,0.5360402770449985,0.4998790959824996,0.4665432354650018,0.4247397652600002,0.3807446911424981,0.33949359578999966,0.3021636800649986,0.2667095715850006,0.2336202839550001,0.20128207864249947,0.16554384516249968,0.13685292677749938,0.11043654454249978,0.08548169326499995
-1.5,7.5,1.0,1.0,0.9716566575274942,0.9431326645324968,0.8961372145024978,0.8542360284274991,0.8053605536000026,0.7611808394074976,0.7096937542349963,0.666384444230003,0.6323095945199967,0.5975171079825035,0.5708241495449965,0.5362192235849984,0.5000014625649996,0.46673088699750176,0.4248403150100002,0.380664116207498,0.3394624961524997,0.3021437911149986,0.26691523994500055,0.23374080037000006,0.20129501993499946,0.16544992716499965,0.13677403425249937,0.11037181348499978,0.08543025387999997
-1.5,7.5,1.5,1.0,0.9712743641824954,0.9422482454149964,0.8948859099324971,0.8524564686874989,0.8030731799425029,0.7583049299849981,0.7067716157224979,0.6628060210950021,0.6286060970974967,0.5937121535800024,0.5666584747599976,0.5331098649399988,0.4968954964524997,0.46393361280250134,0.4219709704850002,0.3774412959074985,0.3367585350574994,0.2994561210299992,0.26365085137750066,0.22999863094750025,0.19702425952499916,0.16047024871999935,0.13203090849250004,0.10617741283749972,0.08140196223499993
-1.5,7.5,2.0,1.0,0.9716499432749959,0.9429841451874966,0.8957057332924974,0.8532154692874993,0.8037451284525031,0.7588763944349985,0.7073820211224985,0.6630099637225016,0.6280311732224974,0.5916775364250025,0.5642801265699985,0.5314797925049988,0.49475704492999983,0.4620904331775016,0.42009325802749997,0.3758164634249988,0.33456055122499956,0.2969435296974992,0.26164861600000067,0.22739468494750034,0.19468040223499905,0.15789979518749953,0.12897818145000012,0.10306082734499988,0.07852816088749999
-1.5,7.5,2.5,1.0,0.9715669007774959,0.9427572468699968,0.8954986505374977,0.8530376886524995,0.8037047605550031,0.7585849419274983,0.7071200408099986,0.6623264623175017,0.6274008423024975,0.5912852160125024,0.5636218703549984,0.530875941852499,0.4938958448224999,0.4617692532575017,0.4199660926775,0.3758471100824989,0.33468690536999957,0.2968573573949992,0.26148321358000065,0.22740009630750027,0.19470112180499907,0.1580961750924995,0.12922094457750014,0.10333809110249989,0.07901507882749999
-1.5,7.5,3.0,1.0,0.9713473496224959,0.9423446568449979,0.8944597538199985,0.8518386484999997,0.8017307300675022,0.7564837616024979,0.7045536235374985,0.6591003624350026,0.6243950777949966,0.5888367659750026,0.5606578781924988,0.5279323198999992,0.49032282693749957,0.45875246522250196,0.4172616411249998,0.3732541421624985,0.3318488269124999,0.2942688614149987,0.25828555521000035,0.22420683300750033,0.1913014266149991,0.15433754679250014,0.12511986779499984,0.09909358730250022,0.07499769250000002
-1.5,7.5,3.5,1.0,0.9712265737974961,0.9421977386424981,0.8942277175699986,0.8516425240674996,0.801539777332502,0.7561673656674978,0.7043498755849983,0.6592057694375026,0.6244724168999966,0.5880064825300029,0.560195658847499,0.5276863624199993,0.4897843749974997,0.4581488934025019,0.41614265386999993,0.3720260728224987,0.331020948835,0.2935396334824986,0.2572912449625003,0.22300826850250058,0.18972733053499902,0.1529184385550002,0.12429979841499969,0.09861929358500021,0.07448861709000011
-1.5,7.5,4.0,1.0,0.9711758370699962,0.9420226741324982,0.8939218769449986,0.8512686436449995,0.8009607029625018,0.7555491257424979,0.7039097013974979,0.6585540527525029,0.6236286889799966,0.5871574084900031,0.5594877880499989,0.5267632002499993,0.4888569255899997,0.45733905394250207,0.41540229079999996,0.37115088027499843,0.3301475287325,0.2923297353649985,0.2560027307375003,0.2214576369750005,0.18823626818249914,0.15090465149250018,0.12218564454499978,0.09687538534000013,0.07300624334250007
-1.5,7.5,4.5,1.0,0.9708333810774963,0.9413487082624973,0.8929250128324981,0.8502244830125,0.7994718431800016,0.7536816928024982,0.7027991465074972,0.6578864514675031,0.6239256337249972,0.586335063397503,0.558897601329998,0.5253452955224991,0.4868850294499996,0.4558547306025019,0.4138460238750002,0.36954224228999805,0.3285727868449992,0.29039880044249883,0.2541318444950008,0.2199926097500005,0.18617480957749957,0.14923198242249955,0.12028527132250018,0.09482213879249979,0.06938092752249987
-1.5,7.5,5.0,1.0,0.9708333810774963,0.9413487082624973,0.8929250128324981,0.8502244830125,0.7994718431800016,0.7536816928024982,0.7027991465074972,0.6578864514675031,0.6239256337249972,0.586335063397503,0.558897601329998,0.5253452955224991,0.4868850294499996,0.4558547306025019,0.4138460238750002,0.36954224228999805,0.3285727868449992,0.29039880044249883,0.2541318444950008,0.2199926097500005,0.18617480957749957,0.14923198242249955,0.12028527132250018,0.09482213879249979,0.06938092752249987
-1.5,10.0,0.0,1.0,0.9654081443000017,0.9305806406674924,0.8776757127000049,0.8305466389400001,0.7773234947999984,0.7290641378524996,0.6739567504249964,0.6294331552425018,0.5934928147275017,0.5569072179650036,0.5311119985924962,0.49680342171000186,0.4634560057225015,0.43101697306250203,0.3930302009275014,0.3519716814750014,0.3135140185124989,0.27860212646499927,0.24562932430750023,0.21548856463250077,0.18550818604750005,0.15380609311249882,0.12741882797499965,0.10225706538250018,0.07905574743249956
-1.5,10.0,0.5,1.0,0.9654081443000017,0.9305806406674924,0.8776757127000049,0.8305466389400001,0.7773234947999984,0.7290641378524996,0.6739567504249964,0.6294331552425018,0.5934928147275017,0.5569072179650036,0.5311119985924962,0.49680342171000186,0.4634560057225015,0.43101697306250203,0.3930302009275014,0.3519716814750014,0.3135140185124989,0.27860212646499927,0.24562932430750023,0.21548856463250077,0.18550818604750005,0.15380609311249882,0.12741882797499965,0.10225706538250018,0.07905574743249956
-1.5,10.0,1.0,1.0,0.9654402021525017,0.9307301497249925,0.8784111500000046,0.83145667931,0.7787565176249985,0.7311293370624996,0.6760861600174966,0.6323142780350018,0.5953625359825018,0.5587307038350037,0.5327426634349964,0.4988884174275017,0.4657156792250013,0.4333662481900017,0.39435077206500124,0.3532325307875015,0.31423543960749895,0.27922657030249926,0.24618184468250018,0.21577727771750077,0.18568387845000006,0.15371217511499882,0.12733993544999966,0.10219233432500018,0.07900430804749956
-1.5,10.0,1.5,1.0,0.9651096502100026,0.9297064726574917,0.8770553927524997,0.8294517532249988,0.7759899101475,0.7272402866875,0.6718077216050026,0.6273189466599987,0.5898580040500008,0.5523594892275004,0.5262086976650007,0.49338848167750216,0.4601272568050013,0.4285203503175003,0.3893634959275007,0.3479224045625017,0.3094226079349985,0.274461097345001,0.2413874890800007,0.21083067520500098,0.1812501634199997,0.14931756578499897,0.12331050552000047,0.09860052598499998,0.07574875454249987
-1.5,10.0,2.0,1.0,0.964874411117503,0.9290007408999935,0.8754425291599991,0.8269558061574984,0.7723607383749996,0.7227694775174992,0.6663903950950038,0.6202159867024982,0.5824081490674997,0.5440269444325,0.5184389730200014,0.4866190778750024,0.4532513367625011,0.4221890399375002,0.3835416583100005,0.3431993355500013,0.3048357873224987,0.27000646270250095,0.23774937745000063,0.20706406016250115,0.1780002173749996,0.14674184160999934,0.12064866945500055,0.09597725286750007,0.07317680307
-1.5,10.0,2.5,1.0,0.9647767982800032,0.9288019310899938,0.8753085974499993,0.8269584303274988,0.7724238333649993,0.7221302723074988,0.6658526180700037,0.6189455859399982,0.5816877537124999,0.5437853102749998,0.5179351441175011,0.4861417235000028,0.45217841839750095,0.42120212321000033,0.3833690879975006,0.3432166022175012,0.3047057323924987,0.26980897556250083,0.23760007280250053,0.20734147467000105,0.17837018710499955,0.14710127005999935,0.12112632800750052,0.09650571531000006,0.07381179215999999
-1.5,10.0,3.0,1.0,0.9645468505600031,0.9281058129474978,0.8737675245400021,0.824698105962499,0.7688500517774964,0.7176544429699971,0.6601399411875025,0.6123996449050009,0.5757789589999978,0.5376589679350008,0.5112513022750013,0.47854251506750317,0.44525025192999984,0.4149130707700014,0.37804783592000013,0.3377586802499998,0.2992589339050001,0.2647769112699994,0.23238869960500005,0.20256136446250111,0.17412740876499921,0.14312056916250018,0.11687399574500011,0.09209092206750018,0.06953210428000008
-1.5,10.0,3.5,1.0,0.9645246622275032,0.9280913073274979,0.8737758639300022,0.8247992647549988,0.7690163682224964,0.7178146942649971,0.6605860819525021,0.6124149073175011,0.5755907161674969,0.5365611737325015,0.5101970081875021,0.4777533722800033,0.44404447519500023,0.41437692513000135,0.3767603744875004,0.33665350273749955,0.29906563976750045,0.2645585150074993,0.23195879039000009,0.20207862142000146,0.17318744805249914,0.14222645174250023,0.11633222247499997,0.09187671041750019,0.06918005116500019
-1.5,10.0,4.0,1.0,0.9644202971300031,0.9277565843574986,0.8732886625225024,0.8238977188849991,0.7677373765424957,0.7164668287574972,0.6591728992775007,0.6104284515175022,0.5728923554549967,0.5339890527600022,0.5073984028525012,0.4750426446375035,0.4411688951875,0.4116299407500019,0.3742084527125005,0.33436188130249883,0.29697978344250037,0.26269531127999884,0.2301010979525001,0.19998885054750132,0.17130723617999924,0.14016281283000023,0.11436584231249995,0.09015814320250007,0.06777992508750015
-1.5,10.0,4.5,1.0,0.9638445158100026,0.926418389007496,0.8711761601975,0.8210237415099998,0.7636111411699968,0.711716776269999,0.6541586179524975,0.6047427925925022,0.5673860505124986,0.5272830111300023,0.5008744428399988,0.4686370029775028,0.43457728235499987,0.4055139116225023,0.3687224600725007,0.32933750718499843,0.29307136063999895,0.2585569117449991,0.22705685250750085,0.19742273594500082,0.1684864266074999,0.13785409292999945,0.11180069890250033,0.08737418597999971,0.06403633294499984
-1.5,10.0,5.0,1.0,0.9638445158100026,0.926418389007496,0.8711761601975,0.8210237415099998,0.7636111411699968,0.711716776269999,0.6541586179524975,0.6047427925925022,0.5673860505124986,0.5272830111300023,0.5008744428399988,0.4686370029775028,0.43457728235499987,0.4055139116225023,0.3687224600725007,0.32933750718499843,0.29307136063999895,0.2585569117449991,0.22705685250750085,0.19742273594500082,0.1684864266074999,0.13785409292999945,0.11180069890250033,0.08737418597999971,0.06403633294499984
-1.5,12.5,0.0,1.0,0.965847946102502,0.9313094686824935,0.8787540599800048,0.831626305190001,0.7786316665224992,0.73017156065,0.6749883770299973,0.6293544575675011,0.5927606897375017,0.5562247746575025,0.5301523108474968,0.49590018525250174,0.4628758429425009,0.4305327905525016,0.3924336764925014,0.3516183224125011,0.31316396557749876,0.2790777960299995,0.24621898202,0.21600219372250057,0.18628388888500008,0.15398652851749883,0.12754296309999963,0.10246924496500016,0.07907516785999956
-1.5,12.5,0.5,1.0,0.965847946102502,0.9313094686824935,0.8787540599800048,0.831626305190001,0.7786316665224992,0.73017156065,0.6749883770299973,0.6293544575675011,0.5927606897375017,0.5562247746575025,0.5301523108474968,0.49590018525250174,0.4628758429425009,0.4305327905525016,0.3924336764925014,0.3516183224125011,0.31316396557749876,0.2790777960299995,0.24621898202,0.21600219372250057,0.18628388888500008,0.15398652851749883,0.12754296309999963,0.10246924496500016,0.07907516785999956
-1.5,12.5,1.0,1.0,0.9658800039550022,0.9314589777399936,0.8794395300875046,0.8325200396575011,0.7799814793899994,0.7321996934425,0.6770700759774974,0.6320534846575012,0.5946279265150018,0.5582170725150024,0.5317350035899971,0.4980620126000015,0.4652127906000006,0.43325595710500125,0.39410235306250124,0.3532012574025011,0.3140710149474988,0.2798830220924995,0.24693760997999994,0.21644346483750054,0.1865987228425001,0.15401725658499885,0.12757645279749963,0.10250518964750018,0.07911326244249955
-1.5,12.5,1.5,1.0,0.9656327736375032,0.9306394385874931,0.878359101030001,0.8309511012525,0.7778157286525006,0.7292116213125004,0.6739479292325024,0.6280664146249986,0.5902187902950011,0.5530521497199998,0.5264591724275007,0.4937806094875019,0.46085316255000064,0.4295302031300001,0.3901850350425008,0.3490095631050012,0.3102504834899984,0.275901631157501,0.2427078614525004,0.21198824910250078,0.1824147290224997,0.14988668032999897,0.12372021993250044,0.09900936942999998,0.07594037624749986
-1.5,12.5,2.0,1.0,0.9653975345450034,0.9299404178899948,0.8768168396825005,0.8285789660849996,0.7744011414075002,0.7249788116974999,0.6689074912825035,0.6215720129324981,0.5834584321675002,0.5451447956924993,0.5191964599175014,0.48747167505500216,0.4543928937525006,0.42379995151000005,0.3849570257925006,0.3445314803200008,0.3058119396724987,0.27157410875750093,0.23916209152250037,0.20831465033750093,0.17919992904499957,0.14734585663249933,0.12105838386750052,0.09638609631250006,0.07336842477499998
-1.5,12.5,2.5,1.0,0.9653165860325036,0.9297728347924951,0.8767268081200008,0.8286362835,0.7745969508175,0.7245480232749997,0.6685909971825035,0.6199819561324981,0.5824157012025004,0.5445967635799991,0.518468531675001,0.4866029852250025,0.4532426964125003,0.42282152835250014,0.3848908899475007,0.3445792011875007,0.30572391917249864,0.2714473904425009,0.23904794762500028,0.20850954884500086,0.17949595717749955,0.14768817237499932,0.12152422050750049,0.09690768958000007,0.07400115973499999
-1.5,12.5,3.0,1.0,0.9650699739875037,0.9290990069649985,0.8753072830075028,0.826481558825,0.7712321418899977,0.7204425725099982,0.6632393303300025,0.6139518160425003,0.5769034592874985,0.53888830314,0.5121972529650013,0.4796715789900028,0.4467540072574995,0.4167435125675009,0.37982416255500034,0.33935763772499966,0.3003053407874998,0.26635588649249964,0.2337600727649999,0.20370570189250092,0.17520336645499923,0.14368061575500016,0.11715890611500011,0.09237997044250018,0.06965336222250007
-1.5,12.5,3.5,1.0,0.9650144570050035,0.9290572672724986,0.8752764104825027,0.8265102374174996,0.7712885619874976,0.720446407607498,0.6634206055275021,0.6136747947250005,0.5762805230199977,0.5370538888350008,0.5104074830750022,0.4781683351575029,0.4449398973575,0.41577481608250094,0.37814240197500043,0.33782720574499947,0.29984685254000015,0.26589569329749946,0.23306921536,0.20285162179000127,0.17389544666999918,0.14237848657750024,0.11644733837749996,0.09207516558500017,0.06918626638750017
-1.5,12.5,4.0,1.0,0.9649100919075037,0.928732610897499,0.874821672295003,0.825677431905,0.7701038389274969,0.719227179039998,0.6621290268025005,0.6117776537400017,0.5735744193124975,0.5344917042300016,0.5076222298750012,0.47543776662750303,0.4420380401899997,0.41299346999250147,0.3755834189900005,0.3355604724024988,0.2977782515150001,0.2637881409949991,0.23102070773999997,0.20068456842750113,0.1719944730524993,0.14028243832750023,0.11444827321749995,0.09032375317000006,0.06772861895000014
-1.5,12.5,4.5,1.0,0.964274728135003,0.9272905389574969,0.8724898614875011,0.8224042858025006,0.7653886787824977,0.713629358087499,0.6560480262799979,0.6048072300250016,0.5671143612124991,0.5269600027775017,0.500594804694999,0.4681978317525025,0.4346854862549996,0.4055680803550019,0.3689212306875008,0.3297138611399984,0.29310410202499887,0.2588582155524992,0.22738346785750072,0.19755768567250068,0.1689565409499999,0.13787882078999944,0.11171938870250031,0.08735328597999972,0.06387505748999985
-1.5,12.5,5.0,1.0,0.964274728135003,0.9272905389574969,0.8724898614875011,0.8224042858025006,0.7653886787824977,0.713629358087499,0.6560480262799979,0.6048072300250016,0.5671143612124991,0.5269600027775017,0.500594804694999,0.4681978317525025,0.4346854862549996,0.4055680803550019,0.3689212306875008,0.3297138611399984,0.29310410202499887,0.2588582155524992,0.22738346785750072,0.19755768567250068,0.1689565409499999,0.13787882078999944,0.11171938870250031,0.08735328597999972,0.06387505748999985
-1.5,15.0,0.0,1.0,0.9618449369450043,0.9235581022824974,0.8675021465450042,0.817110102525002,0.7610388736699967,0.7087438978524981,0.6515803698050013,0.604699203357502,0.5654346436674983,0.5268000137000007,0.5015635644050004,0.4702206319350018,0.43845633984999843,0.40813773286750105,0.37221718531499876,0.3336592913500015,0.2988491984899985,0.2658156106824995,0.23507678240999944,0.20542123631750023,0.17594446250249973,0.14467813348499978,0.11957150098999997,0.09633820638250012,0.07446195719249954
-1.5,15.0,0.5,1.0,0.9618449369450043,0.9235581022824974,0.8675021465450042,0.817110102525002,0.7610388736699967,0.7087438978524981,0.6515803698050013,0.604699203357502,0.5654346436674983,0.5268000137000007,0.5015635644050004,0.4702206319350018,0.43845633984999843,0.40813773286750105,0.37221718531499876,0.3336592913500015,0.2988491984899985,0.2658156106824995,0.23507678240999944,0.20542123631750023,0.17594446250249973,0.14467813348499978,0.11957150098999997,0.09633820638250012,0.07446195719249954
-1.5,15.0,1.0,1.0,0.9618769947975043,0.9237076113399975,0.8681876166525042,0.818003836992502,0.7623886865374968,0.7105385291149985,0.6534223502250015,0.6071907206875021,0.5671058145299983,0.5286124522900006,0.5029537846525006,0.47217872829000174,0.44058087690249825,0.4106451511375008,0.3736810620349987,0.33504858115000147,0.2995714635999986,0.2666208367449995,0.23579541036999938,0.20586250743250023,0.17625929645999974,0.14470886155249976,0.11960499068749994,0.09637415106500014,0.07450005177499955
-1.5,15.0,1.5,1.0,0.961689823412505,0.9231749277049974,0.8677017761650022,0.8173712571800018,0.7615073115849982,0.7094154840374984,0.6524233881400039,0.6052939577475009,0.5648982644474979,0.5255931871849995,0.5001650378300025,0.46980495753250195,0.4382996406749982,0.4090469335425004,0.37183808515749844,0.3328008924925016,0.2972033038274983,0.2640544972375004,0.23279525209499966,0.2026697849900004,0.17347147162499965,0.14194003660749982,0.11716246370750037,0.09415567792250008,0.07228231876749973
-1.5,15.0,2.0,1.0,0.9615551627275053,0.9225140404474979,0.8661894189825021,0.8151578455275019,0.758549872192498,0.7061412853499983,0.6485839262925047,0.5999221468525008,0.5595213596624972,0.5193879703899991,0.494749393327503,0.4651954861575021,0.43312789305749816,0.4043509446175005,0.3671489978549983,0.3289178131625016,0.29321781970749833,0.2602294460450004,0.22975616043749955,0.19954597047250014,0.17127298615499956,0.14034864835750022,0.11538878660250042,0.09221809417500017,0.07010267785749975
-1.5,15.0,2.5,1.0,0.9614424525050055,0.9221981987049981,0.8658979875700024,0.8149733605850021,0.7584756234024979,0.7057269106949984,0.6482219724575047,0.5988396458800007,0.5589470680499974,0.5186646241699989,0.4943476287175027,0.4646093977975023,0.43220131407749796,0.4032625563625005,0.3667782516274984,0.32866166244750156,0.29279856887749817,0.25978785654000036,0.2293939416774995,0.19953520490250007,0.17139525733249955,0.1406109577175002,0.1157963936625004,0.09262377782750018,0.07073541281749975
-1.5,15.0,3.0,1.0,0.9611820620975056,0.9215758871499997,0.8645350779900035,0.8128628661000021,0.7552330546874952,0.7019301309574975,0.6432884080675043,0.5933456300750017,0.5542536449749964,0.5135749060974993,0.4886978204250031,0.45836547075750234,0.4266129052699974,0.3980384812000009,0.36198340963999776,0.32397494960250145,0.28793011092249876,0.2550596727574996,0.22428247646249908,0.19498680199749996,0.16730760609249912,0.13699334466250082,0.11207668764250014,0.08867100710500014,0.06685614237249972
-1.5,15.0,3.5,1.0,0.9611932024150055,0.9215982786474997,0.8646015862050035,0.8131313368400019,0.7555690444999954,0.7022578555849972,0.6437263561000042,0.5939787448325019,0.555205201989996,0.51389106525,0.4892644628350032,0.4582995370650023,0.42603052781249784,0.398179007417501,0.3614273858824979,0.3234701850575013,0.28801697680499905,0.2552138334874995,0.22425850125749913,0.1950648144325002,0.16690731660749908,0.13660247923250085,0.11195036722500003,0.08882543529750016,0.0665979554324998
-1.5,15.0,4.0,1.0,0.9611057495600055,0.9213892848425,0.8643807122300037,0.8126446131275021,0.7547835207349947,0.7016274856849972,0.6428074068125034,0.5930196787825023,0.554138446852496,0.5131492644675002,0.4881934339525029,0.45708441905500236,0.4246668056124978,0.39694132805500115,0.36011350756249805,0.32216587004250097,0.2867398359999991,0.2539437818549993,0.22287576196999914,0.19359690787500017,0.16576351457999908,0.13542055373750084,0.11086530577999999,0.0877548599125001,0.06534165293249979
-1.5,15.0,4.5,1.0,0.9602454104900042,0.9197039282524995,0.8619114856500028,0.8092647325700022,0.7503684240524956,0.6962902156724983,0.6371718334300016,0.5860217682175018,0.5475383967724969,0.5047055816150005,0.48104693438750135,0.45003545012750196,0.4179148424599979,0.38983527753500136,0.35402783891499845,0.3172924277000005,0.2827023674374985,0.24997352411249932,0.2199359230249995,0.19071448496000007,0.16090815041249948,0.13013711483750018,0.10491278455000012,0.08241903214249988,0.060972357129999766
-1.5,15.0,5.0,1.0,0.9602454104900042,0.9197039282524995,0.8619114856500028,0.8092647325700022,0.7503684240524956,0.6962902156724983,0.6371718334300016,0.5860217682175018,0.5475383967724969,0.5047055816150005,0.48104693438750135,0.45003545012750196,0.4179148424599979,0.38983527753500136,0.35402783891499845,0.3172924277000005,0.2827023674374985,0.24997352411249932,0.2199359230249995,0.19071448496000007,0.16090815041249948,0.13013711483750018,0.10491278455000012,0.08241903214249988,0.060972357129999766
-1.5,17.5,0.0,1.0,0.958854234662503,0.9176365266649992,0.858998277912504,0.8064137071675032,0.7482628664474962,0.6945715056549986,0.6367839598275016,0.5884782514675012,0.5463017348974979,0.5064501155475001,0.4836287352550012,0.4540221481250015,0.42196870224499805,0.3933174837500006,0.3588475440549985,0.3210102119950014,0.28706782196999864,0.25477818160999943,0.22466263118749918,0.1962481304700005,0.1674948066299995,0.13699570021250018,0.11380261789750001,0.0920248187975001,0.07304133991499957
-1.5,17.5,0.5,1.0,0.958854234662503,0.9176365266649992,0.858998277912504,0.8064137071675032,0.7482628664474962,0.6945715056549986,0.6367839598275016,0.5884782514675012,0.5463017348974979,0.5064501155475001,0.4836287352550012,0.4540221481250015,0.42196870224499805,0.3933174837500006,0.3588475440549985,0.3210102119950014,0.28706782196999864,0.25477818160999943,0.22466263118749918,0.1962481304700005,0.1674948066299995,0.13699570021250018,0.11380261789750001,0.0920248187975001,0.07304133991499957
-1.5,17.5,1.0,1.0,0.9588964348125031,0.9178092618124992,0.859720130222504,0.8073587495375031,0.7496788499699965,0.6964503265799987,0.6387261203125018,0.5909697687975014,0.5479849907674978,0.5082826576775001,0.48503382574500153,0.45598024448000146,0.42409323929749787,0.3958249020200003,0.3603944477899985,0.3224643352700013,0.2878366717074987,0.25563899813749946,0.22540073194749916,0.1966820459925005,0.1678096405874995,0.13702642828000017,0.11383610759500001,0.09206076348000009,0.07307943449749958
-1.5,17.5,1.5,1.0,0.9587651310500033,0.9174608899199993,0.8595434411075028,0.8071220319475032,0.749341043114997,0.6959179837374987,0.6383906747825033,0.5900536137850004,0.5468083255874976,0.5065509591674993,0.4832886836675027,0.4544068632075016,0.4228134672474979,0.3952062525800002,0.3594040900524984,0.3211745507525014,0.2863687732099986,0.2540833937425,0.22325567529249932,0.19448471760500063,0.16601499272999962,0.13528378453500023,0.1123618182700003,0.09055310136000014,0.07116771454499973
-1.5,17.5,2.0,1.0,0.9586304703650036,0.9168234913724994,0.8580124657325028,0.8052473276900031,0.7468661722249972,0.6930472036324987,0.6349682495850041,0.5856218553050003,0.5430390829199971,0.502744319902499,0.47932457298000286,0.45060818217750154,0.41871213150499775,0.39126761910750024,0.35531313122749836,0.3178546010175015,0.28262339447999846,0.25048649115000005,0.2206221153899992,0.19175194651250038,0.16422491092749955,0.13414056900750052,0.11105317355750033,0.0888672568075002,0.06895587251749974
-1.5,17.5,2.5,1.0,0.9585205287025039,0.9165099645049996,0.8576791479125031,0.8050075221000033,0.746666859939997,0.6925795389724986,0.6344673566200041,0.5843873579975003,0.5420881880174973,0.5016680525649989,0.4785465707000027,0.4498062813675018,0.4176707648974977,0.39006237441250036,0.35480406230749845,0.3174235818700015,0.2821061511899984,0.24987823315249996,0.22020265403749914,0.19168349416250027,0.16434718210499952,0.13434453537250052,0.11140255103750031,0.08921498565250023,0.06953108611749972
-1.5,17.5,3.0,1.0,0.9584103241250039,0.9161623062125008,0.856787687802504,0.8032867404775037,0.7438923283949949,0.6893988932374979,0.630325281657504,0.579390010342501,0.5382419357574963,0.49748828025999925,0.4736635145275031,0.4443991497125018,0.4130759182874973,0.38546483837000045,0.350546368677498,0.3132937260100015,0.2777807237924986,0.24557578005999958,0.21529057966499884,0.18696230871250002,0.15993889274999928,0.1302310195900009,0.10670646645000001,0.08423157140500015,0.06522718251999973
-1.5,17.5,3.5,1.0,0.9584425159100038,0.9162818854025008,0.856950326267504,0.8036797495975034,0.7444948819649951,0.6900014050924977,0.6311463791350037,0.5807778781975012,0.5401646899849966,0.4985988347649992,0.4752726061925027,0.4454622000950015,0.41349258363999764,0.3866685553275005,0.35064110170499824,0.3133014564025013,0.2782749628049988,0.2459656067924995,0.21549000209749888,0.1870848354575002,0.15982836455499927,0.13008162376250093,0.10671649420999993,0.08451677368500018,0.06494330332249981
-1.5,17.5,4.0,1.0,0.9583258736300039,0.9159876643475009,0.8566351898250041,0.8030992918075035,0.7436516720299947,0.6893325890149978,0.6304197564575034,0.5802434091075013,0.5397845312574966,0.49845669487749933,0.47487195174000246,0.44482071296250153,0.4126926202799976,0.3859069602225006,0.34988171598499823,0.31257086242750115,0.27750018098249885,0.24525495237499942,0.21472764264749888,0.18603843740500026,0.15912006800499928,0.12949241953250093,0.10598361988749991,0.08377716413250015,0.06332558364499982
-1.5,17.5,4.5,1.0,0.9574335765750024,0.9142090132925008,0.8538204503325041,0.7987920207600038,0.7375789453274955,0.6817214765949988,0.6217466917500026,0.5692692476274999,0.5298868820474968,0.4877209606849998,0.46431608191750234,0.43441452912750117,0.4025913451099978,0.37596785292500035,0.34139746697999857,0.3059796293325007,0.27248805550749844,0.24079135632749954,0.21177657595999907,0.18321771694000005,0.1544082538849997,0.12462382177250043,0.10036736770249995,0.07878128566750012,0.057977263079999834
-1.5,17.5,5.0,1.0,0.9574335765750024,0.9142090132925008,0.8538204503325041,0.7987920207600038,0.7375789453274955,0.6817214765949988,0.6217466917500026,0.5692692476274999,0.5298868820474968,0.4877209606849998,0.46431608191750234,0.43441452912750117,0.4025913451099978,0.37596785292500035,0.34139746697999857,0.3059796293325007,0.27248805550749844,0.24079135632749954,0.21177657595999907,0.18321771694000005,0.1544082538849997,0.12462382177250043,0.10036736770249995,0.07878128566750012,0.057977263079999834
-1.5,20.0,0.0,1.0,0.9548268647549993,0.9097816672950003,0.8477188404575027,0.7926584152950036,0.7318895628549977,0.67581327436,0.6167046276500003,0.5682549826274989,0.5234655626024987,0.4818194982925002,0.46005723978250146,0.43303440732000115,0.4019327115874985,0.37351567214749987,0.3392510740349995,0.3020868285725003,0.2693582825124987,0.23878540326749942,0.21016209847499912,0.183535083975001,0.1572550351024994,0.1296389977025004,0.10905106327500017,0.08808760837000007,0.06819137460249959
-1.5,20.0,0.5,1.0,0.9548268647549993,0.9097816672950003,0.8477188404575027,0.7926584152950036,0.7318895628549977,0.67581327436,0.6167046276500003,0.5682549826274989,0.5234655626024987,0.4818194982925002,0.46005723978250146,0.43303440732000115,0.4019327115874985,0.37351567214749987,0.3392510740349995,0.3020868285725003,0.2693582825124987,0.23878540326749942,0.21016209847499912,0.183535083975001,0.1572550351024994,0.1296389977025004,0.10905106327500017,0.08808760837000007,0.06819137460249959
-1.5,20.0,1.0,1.0,0.9548690649049995,0.9099445720300003,0.8485131500975028,0.7937151576650036,0.7334651154424979,0.6778982903000003,0.6186670012300006,0.570855302652499,0.5251488184724987,0.4836520404225002,0.46166885515500167,0.435270503360001,0.40429587279249835,0.37622943823749966,0.3409681809599996,0.3038608739050003,0.27026585203749875,0.23977373205749944,0.21090019923499906,0.18394555454750097,0.15754301354249944,0.1296389977025004,0.10908455297250017,0.08812355305250007,0.0682294691849996
-1.5,20.0,1.5,1.0,0.9548611302149996,0.9098917721550005,0.8486117569425022,0.7939268812525034,0.733658076777498,0.6778137299000001,0.6188684523400014,0.5706877215349985,0.5248277617574986,0.48319534541999987,0.46088546458500235,0.43477727340750105,0.40415826271249844,0.37684570110249965,0.3410988712899995,0.3038920092700003,0.2699900248749987,0.2394717496199997,0.21026492387749915,0.182875626000001,0.15667395408499954,0.1288413377950004,0.10809312216000028,0.08705512011750013,0.06726271152249964
-1.5,20.0,2.0,1.0,0.9549034065249998,0.9097111190175007,0.8477048235975022,0.7927311122300036,0.7321198177474979,0.6757810762975001,0.6167239836400021,0.5675912585649981,0.5218101445099983,0.4803615946049996,0.4579138797150024,0.4313958421125011,0.4009916174649984,0.37364472219999983,0.3384624478074995,0.30213133180750035,0.26821684108499866,0.2374264913824997,0.2083951083499991,0.18118039201750086,0.15558091498249949,0.1281557308275006,0.10689957083250029,0.08553893198750014,0.06530270759749968
-1.5,20.0,2.5,1.0,0.9547897630374999,0.9093648622450007,0.8473615583725024,0.7924852822550038,0.7319869422249978,0.6754817909625,0.616423450805002,0.566726561959998,0.5211952734574983,0.4795728369774994,0.45748892858000234,0.43109110875250134,0.40018257742999835,0.37263474657999984,0.3380033384724995,0.3019893118475004,0.2676719002024986,0.23667199297499963,0.2078119890899991,0.18100610288500082,0.1556020882074995,0.12832190677500058,0.10724894831250026,0.08582870602500016,0.06585950321749966
-1.5,20.0,3.0,1.0,0.9549285373674999,0.9094251289525019,0.8469204211500038,0.7908065152600046,0.729184366792497,0.6727471855874996,0.6123977734675021,0.5619351939799982,0.5179091537499972,0.47572246178749955,0.4526076901325027,0.42525590621000087,0.39540982598249824,0.3682336989100002,0.3338156861424995,0.29805562593000035,0.26363278229749876,0.23262386286249975,0.2029812379124989,0.17581289973000047,0.15046517197999987,0.12362026510250076,0.1019104915525,0.0803316846950002,0.062265219589999726
-1.5,20.0,3.5,1.0,0.9549300385474999,0.9094555015825019,0.8469578151025037,0.7910933847225042,0.729598331707497,0.6732766806649993,0.6131380947050018,0.5632520446224983,0.5197355032074976,0.4768568559999995,0.4543528335025022,0.4262989185475006,0.3956261339824985,0.3693448588050002,0.33390122123499955,0.29778255778000035,0.26357995437499876,0.2324821279374997,0.2028319703724989,0.17569509008500048,0.15026601997249986,0.12347046172750079,0.10179227223249995,0.0803523889825002,0.06201917163499979
-1.5,20.0,4.0,1.0,0.9548133962674998,0.909165594782502,0.8466507944650039,0.7905287983950043,0.7288140396599971,0.6726561034399995,0.6124520066775017,0.5627830053324984,0.5194418811874976,0.47682842802249953,0.4540459745700021,0.4257359316925007,0.3948896801024985,0.36867669138000025,0.33328422839499955,0.29721814364000027,0.26293626069249876,0.23201010182749968,0.20225973443999887,0.1748657779925005,0.14977329110249987,0.12305802747250079,0.10123370173499995,0.07988437886000019,0.060735119799999786
-1.5,20.0,4.5,1.0,0.9538208522324985,0.9070737282000023,0.843579317075004,0.7857682628075046,0.7222536036024976,0.6642451646950002,0.6029994264725012,0.5499657501674972,0.5084483385449977,0.4649725611900001,0.4421598271075021,0.41341472830250064,0.3838530894249987,0.35777738954000016,0.32451169972750016,0.2903093448725,0.2575545301574988,0.22755277399749982,0.1995049386599989,0.17228790084750037,0.14538571507000012,0.11846482835000055,0.09600122986999994,0.0752159549450003,0.054971777037499836
-1.5,20.0,5.0,1.0,0.9538208522324985,0.9070737282000023,0.843579317075004,0.7857682628075046,0.7222536036024976,0.6642451646950002,0.6029994264725012,0.5499657501674972,0.5084483385449977,0.4649725611900001,0.4421598271075021,0.41341472830250064,0.3838530894249987,0.35777738954000016,0.32451169972750016,0.2903093448725,0.2575545301574988,0.22755277399749982,0.1995049386599989,0.17228790084750037,0.14538571507000012,0.11846482835000055,0.09600122986999994,0.0752159549450003,0.054971777037499836
-1.5,22.5,0.0,1.0,0.9530525146849965,0.9062128985499992,0.8429055282375013,0.7865364738125027,0.725119200049998,0.6694953561850009,0.6096402276924995,0.5612318535924983,0.5156329288274997,0.4742308304150002,0.45197189791750086,0.425510596425001,0.3947466507674986,0.3671971276024994,0.3329092073724997,0.2965216643999996,0.26389550538749895,0.2336098712549993,0.2055906930149991,0.1793599193950012,0.1539780675749994,0.1264895916925004,0.10679364478000032,0.08701699607249998,0.06831104622999963
-1.5,22.5,0.5,1.0,0.9530525146849965,0.9062128985499992,0.8429055282375013,0.7865364738125027,0.725119200049998,0.6694953561850009,0.6096402276924995,0.5612318535924983,0.5156329288274997,0.4742308304150002,0.45197189791750086,0.425510596425001,0.3947466507674986,0.3671971276024994,0.3329092073724997,0.2965216643999996,0.26389550538749895,0.2336098712549993,0.2055906930149991,0.1793599193950012,0.1539780675749994,0.1264895916925004,0.10679364478000032,0.08701699607249998,0.06831104622999963
-1.5,22.5,1.0,1.0,0.9530947148349965,0.9063758032849992,0.8436998378775015,0.7875932161825026,0.726694752637498,0.6715803721250011,0.6116026012724998,0.5638321736174984,0.5173161846974996,0.47606337254500025,0.453583513290001,0.4277466924650009,0.39710981197249845,0.3699108936924992,0.33462631429749967,0.29829570973249964,0.264803074912499,0.23459820004499932,0.20632879377499908,0.17977038996750117,0.1542660460149994,0.1264895916925004,0.10682713447750032,0.08705294075499996,0.06834914081249964
-1.5,22.5,1.5,1.0,0.9530867801449968,0.9063239621324992,0.8438011957075008,0.7878102043550024,0.7269042211724984,0.6715072504175009,0.6118333213725005,0.5636645924999979,0.5170146127974995,0.47562807867999984,0.45284631550500165,0.42732595086750097,0.39702116000249854,0.3705753257474993,0.3348031580674997,0.29833743876499963,0.26468606463499894,0.2344878595274995,0.2059667999474991,0.1789602962100012,0.1536096198574995,0.1258755038300004,0.10590776832500039,0.08602123458000004,0.06732653827749968
-1.5,22.5,2.0,1.0,0.953129056454997,0.9062077787824994,0.8429887786300005,0.7867378914350024,0.7255152834024983,0.6696477384450009,0.609881207000001,0.5607769379949975,0.5142227629099991,0.47301933628999954,0.4501071398775018,0.42428875007250094,0.3941806396499985,0.36768240255249934,0.3324503915199998,0.2968097584824997,0.2633829192299989,0.23295075962249953,0.2044890764049991,0.17789529195250112,0.15292905426999942,0.1255858439175005,0.10482144313750039,0.08438004960500005,0.06522962122249971
-1.5,22.5,2.5,1.0,0.9530154129674971,0.9058615220099995,0.8426455134050009,0.7864920614600027,0.7253824078799984,0.6693484531100008,0.609580674165001,0.5599122413899975,0.5136078918574991,0.4723113248849994,0.4496821887425017,0.42392756475750104,0.3933715996149985,0.36667242693249946,0.33199128218499985,0.2966677385224997,0.26283797834749884,0.23219626121499945,0.20390595714499912,0.17772100282000103,0.15295022749499942,0.1257520198650005,0.10517082061750037,0.08466982364250004,0.0657864168424997
-1.5,22.5,3.0,1.0,0.953169532599997,0.9058551020050012,0.8418323056550037,0.7840961211750045,0.721635036212498,0.6652452419099997,0.6042953075800006,0.5539008543724977,0.509306578819998,0.46742553980749996,0.44368617714750164,0.4168283022875004,0.3873146527199987,0.3607733835875001,0.32614936150000046,0.2910871324149996,0.25709646145249926,0.22649469036249953,0.19729433231249885,0.17118314559750025,0.1472924231824999,0.12038599989000053,0.09943210781250013,0.07858196232250024,0.061615127509999805
-1.5,22.5,3.5,1.0,0.953155688477497,0.9058854746350014,0.8418696996075036,0.7842757687025044,0.7219859901399981,0.6657034924674996,0.6048810916025004,0.5550519597399978,0.5108670385249984,0.4684667605449999,0.44516709410000127,0.4175433532850002,0.38722763528999893,0.3616730138275001,0.3261071892075005,0.29075728328499956,0.2568429000099994,0.22617684239749952,0.19695419705999886,0.17096752474000027,0.1469838889549999,0.12014954296500054,0.0991440011425001,0.07848154259750025,0.06130556553499985
-1.5,22.5,4.0,1.0,0.9530390461974969,0.9055955678350014,0.8415626789700038,0.7837111823750043,0.7212016980924983,0.6650829152424995,0.6041950035750002,0.5545829204499978,0.5105734165049983,0.46843833256749995,0.4448602351675012,0.41698036643000025,0.38649118140999894,0.3610048464025002,0.32549019636750054,0.29019286914499953,0.2561992063274994,0.22570481628749953,0.19638196112749884,0.1701382126475003,0.1464911600849999,0.11973710871000057,0.09858543064500007,0.07801353247500024,0.060021513699999834
-1.5,22.5,4.5,1.0,0.9520311568599956,0.9034746847750017,0.8384509340800038,0.7789451743350045,0.7147899457874981,0.6567126862075002,0.59479861232,0.5416249382849965,0.49959317265249825,0.4565445807200005,0.43306487314250136,0.4047738250625003,0.3755540502724991,0.3500389280050003,0.31687843783000086,0.2832410473274993,0.25077123668249934,0.22115641617999962,0.19354703253749886,0.16747643274000026,0.1425628598500001,0.11611188392250046,0.0942205288575,0.07373589202000033,0.05420846987749985
-1.5,22.5,5.0,1.0,0.9520311568599956,0.9034746847750017,0.8384509340800038,0.7789451743350045,0.7147899457874981,0.6567126862075002,0.59479861232,0.5416249382849965,0.49959317265249825,0.4565445807200005,0.43306487314250136,0.4047738250625003,0.3755540502724991,0.3500389280050003,0.31687843783000086,0.2832410473274993,0.25077123668249934,0.22115641617999962,0.19354703253749886,0.16747643274000026,0.1425628598500001,0.11611188392250046,0.0942205288575,0.07373589202000033,0.05420846987749985
-1.5,25.0,0.0,1.0,0.9504177695649944,0.9012568738424956,0.8363155086949966,0.777914665177498,0.7158746155749988,0.6586990740350006,0.5961192658499979,0.5424866489824995,0.4962167831850015,0.4525128443099996,0.43304051389500026,0.4098537726950016,0.3813397953399976,0.35693973793249806,0.32528467872749833,0.29117584153749915,0.25988503549249925,0.23139206585249897,0.2042881576774991,0.1786012680200011,0.1536724328549991,0.12669247177500034,0.10682701141750045,0.0871154706549999,0.0683072350399996
-1.5,25.0,0.5,1.0,0.9504177695649944,0.9012568738424956,0.8363155086949966,0.777914665177498,0.7158746155749988,0.6586990740350006,0.5961192658499979,0.5424866489824995,0.4962167831850015,0.4525128443099996,0.43304051389500026,0.4098537726950016,0.3813397953399976,0.35693973793249806,0.32528467872749833,0.29117584153749915,0.25988503549249925,0.23139206585249897,0.2042881576774991,0.1786012680200011,0.1536724328549991,0.12669247177500034,0.10682701141750045,0.0871154706549999,0.0683072350399996
-1.5,25.0,1.0,1.0,0.9504599697149944,0.9014197785774957,0.8371098183349968,0.7789714075474978,0.7174501681624988,0.6605746376100008,0.5976351875249981,0.5444386516524996,0.49723933126500147,0.4534651210499996,0.43420770330750036,0.4116459469800015,0.38326369667499754,0.3592220074574979,0.3267969858024985,0.2929498868699991,0.26079260501749935,0.23238039464249902,0.20502625843749903,0.1790117385925011,0.15396041129499913,0.12669247177500034,0.10686050111500045,0.08715141533749991,0.06834532962249959
-1.5,25.0,1.5,1.0,0.9504842925699946,0.9014333659349957,0.8372720844774963,0.7793803702674978,0.7178908577124987,0.6608286140875005,0.5981785868074988,0.5448494900199993,0.49766909603500153,0.45383082439999944,0.43438442856000054,0.4120105150225017,0.38363846964249765,0.3599939380324979,0.3272011332074984,0.2930484320649992,0.26084607001749927,0.2324264235999992,0.2048081606574991,0.17831295999250113,0.1533039851374992,0.12607838391250034,0.10594113496250052,0.08610647908249998,0.06731341559249966
-1.5,25.0,2.0,1.0,0.9505265688799948,0.9013816523724958,0.8365255979474963,0.7782229391199977,0.7164258990924988,0.6595856963175006,0.5969910709974992,0.5437790232949992,0.49706174447250134,0.4534264851099994,0.43350261197750056,0.4106260801975016,0.3820210711799975,0.35773339625249806,0.32537735783249844,0.29140103202999923,0.2595709597849993,0.2308634632824992,0.2033001552124991,0.17720625676750104,0.15256233807249914,0.12566818934000043,0.10475716825000053,0.08436384822749997,0.06510476059749969
-1.5,25.0,2.5,1.0,0.9504129253924948,0.901011164794996,0.8361476310999962,0.7779328302124979,0.7162930235699987,0.6592864109825005,0.5966905381624992,0.5431861174724991,0.49623121057750125,0.4523003334449992,0.43270207771500063,0.41009553901750173,0.38149003687249755,0.35705002531249813,0.32491824849749845,0.2912590120699992,0.2590260189024992,0.23010896487499913,0.2027170359524991,0.17703196763500098,0.15258351129749914,0.12583436528750044,0.1051065457300005,0.08465362226499996,0.06566155621749965
-1.5,25.0,3.0,1.0,0.9504911525024948,0.9005127898849996,0.8342709272350015,0.773871795660002,0.710090921877498,0.6518987291474975,0.5875692354074977,0.5337421248324984,0.4883460861649993,0.4439212914475004,0.42308414042500025,0.39837319184749975,0.37048021498499895,0.3460505401025001,0.31411909947750005,0.28070504241749916,0.2486240946575005,0.21969427080249918,0.19187164007749874,0.1669971391149997,0.1444903010099993,0.11906210761250033,0.09813104027500044,0.07757666361500008,0.061117807084999726
-1.5,25.0,3.5,1.0,0.9505132677499948,0.9005408476399995,0.8343083976800015,0.7740738673250018,0.7104823254049981,0.6524280330449974,0.5880383940174976,0.5341521128274984,0.4887286821049994,0.4441028060300004,0.4236658181125,0.3986574618474997,0.37022489898749905,0.3464457507250001,0.3139920444200001,0.2803483056174991,0.24836802188000057,0.21936884970999915,0.1915357175824987,0.1668523195149997,0.1442818003024993,0.11880925454500031,0.09780560882500042,0.07742556601250009,0.060761687634999756
-1.5,25.0,4.0,1.0,0.9503842157899948,0.9002039173149997,0.8340217130075015,0.7735401494375018,0.7095933531824979,0.6517207278599975,0.5873281262499975,0.5337291531074984,0.48848743725499943,0.4441028060300004,0.42341972658000004,0.3980881337799997,0.3694875120524991,0.3457486452575001,0.3133503119775001,0.27973514428499907,0.2476810470600006,0.21885857695749916,0.1909299882774987,0.16599401508249972,0.1437643568124993,0.11835664207000032,0.0972144911525004,0.07691951368500008,0.05934727486999975
-1.5,25.0,4.5,1.0,0.9494158438224938,0.8981549713749996,0.8308216600700016,0.7685454610125018,0.7026583173874978,0.6430161306149975,0.5787401339074968,0.5229217307174974,0.4785322165049996,0.433483845015001,0.4125786742600001,0.38669990674249954,0.3593615439824995,0.3350421324000004,0.3041314693425001,0.272066339974999,0.24153437917250084,0.2137099113924992,0.18776851831249863,0.16291041273249957,0.1390965249324994,0.11348793397250018,0.09184632316250047,0.0719317520700001,0.05278931144749973
-1.5,25.0,5.0,1.0,0.9494158438224938,0.8981549713749996,0.8308216600700016,0.7685454610125018,0.7026583173874978,0.6430161306149975,0.5787401339074968,0.5229217307174974,0.4785322165049996,0.433483845015001,0.4125786742600001,0.38669990674249954,0.3593615439824995,0.3350421324000004,0.3041314693425001,0.272066339974999,0.24153437917250084,0.2137099113924992,0.18776851831249863,0.16291041273249957,0.1390965249324994,0.11348793397250018,0.09184632316250047,0.0719317520700001,0.05278931144749973
-1.0,0.0,0.0,1.0,0.9836967308849964,0.9653638256274979,0.9286071892999966,0.8950690428400003,0.8543901861800002,0.8160574460499977,0.770086310014998,0.7311243070675018,0.6989991900275004,0.6688609908450002,0.6389971304699982,0.6042385689625003,0.570617268715002,0.5329130875250014,0.4880105785325013,0.4403664781550008,0.39529662254750053,0.3559677479774991,0.3192389401024985,0.28444960788000057,0.2500422172474995,0.21196293324999987,0.18138438947500057,0.15198626962999964,0.12518897983500035
-1.0,0.0,0.5,1.0,0.9836967308849964,0.9653638256274979,0.9286071892999966,0.8950690428400003,0.8543901861800002,0.8160574460499977,0.770086310014998,0.7311243070675018,0.6989991900275004,0.6688609908450002,0.6389971304699982,0.6042385689625003,0.570617268715002,0.5329130875250014,0.4880105785325013,0.4403664781550008,0.39529662254750053,0.3559677479774991,0.3192389401024985,0.28444960788000057,0.2500422172474995,0.21196293324999987,0.18138438947500057,0.15198626962999964,0.12518897983500035
-1.0,0.0,1.0,1.0,0.9837658896649958,0.965487055202498,0.9288528021924967,0.8951968412225004,0.8544914611400004,0.816432112709998,0.7701228429674981,0.7311353431050016,0.6989396527775006,0.6687188794275002,0.6391303430574983,0.6046985773300002,0.5707817683450019,0.5329781194725014,0.48795537945250117,0.44044785142000087,0.39497755076000035,0.35560744821999896,0.31912447497749846,0.2844627799325005,0.2502839225924996,0.21248069953000004,0.18219951288500044,0.1530218790374997,0.12616556930000036
-1.0,0.0,1.5,1.0,0.9832730001599965,0.964710506232498,0.9279056404649966,0.8938847403600007,0.8524293899650012,0.8137448926999986,0.7673682273199988,0.727550824247501,0.6950532482100007,0.6650861576499996,0.6351505741874989,0.6016911648000004,0.568487396917502,0.5309114134625011,0.48546254957000123,0.4380469359450011,0.3932755424850001,0.35375487669499894,0.3171195796874985,0.2824264577125003,0.24798267498749932,0.20978061988000016,0.17887587172250033,0.15036746660999983,0.12318920103000021
-1.0,0.0,2.0,1.0,0.9839477058524967,0.9659092493899978,0.9294973339349967,0.8957689274250012,0.8543406113175012,0.8161739456024989,0.7698198921824994,0.7289930226175011,0.6949232972900009,0.664314596375,0.6342211449049994,0.60169504777,0.5683738537625022,0.531370799955001,0.48572380377000074,0.43849269867000096,0.3935391364074999,0.3535420417149993,0.31750500463249876,0.28212483413250017,0.24780588897499925,0.20985150505000014,0.17876864742000034,0.15022153458749996,0.1230705769550002
-1.0,0.0,2.5,1.0,0.9843639749049976,0.9665276349924976,0.930154016177497,0.8964493132075013,0.8549238249850011,0.8165219005649985,0.7701783900274993,0.7292255369375011,0.694936244987501,0.6654070356199999,0.6342198387849995,0.6014967299349998,0.567659708715002,0.5317235122125014,0.4861671038675006,0.4387088896025009,0.393690293465,0.3537740066799993,0.31840262915249906,0.2832142796949999,0.2488590798074993,0.21057089164750006,0.17925269499750038,0.15008073918000012,0.12280637172750013
-1.0,0.0,3.0,1.0,0.9843043883799976,0.9662402597274974,0.9294586844774997,0.8949866744350008,0.8522874709425011,0.8125095546474975,0.7653429631050002,0.7230778149275037,0.6882397870249993,0.6581997561174998,0.6265165706625003,0.5940193465324994,0.559784386742502,0.5242249138825007,0.47940009379000054,0.4323736644225008,0.3871779112675,0.3469745249724998,0.31172179441999914,0.2760952204024998,0.24169682702499917,0.20412579128999972,0.1728300842100005,0.14364930858000033,0.11617151228500004
-1.0,0.0,3.5,1.0,0.9843098962424978,0.9662461793274975,0.9292673720574998,0.8949736198850008,0.852364796010001,0.8121959175549973,0.7650206262075001,0.7225277344900038,0.6881590380449992,0.657462504655,0.6266953147650006,0.5933733923074995,0.5591290109700021,0.5239788408650008,0.4783183902850007,0.43119005767750074,0.38636721036250016,0.3467830791299998,0.310560056472499,0.27481302218,0.24024318866749905,0.2026226395949998,0.17153830383000046,0.14275921620000037,0.11507241784750005
-1.0,0.0,4.0,1.0,0.984217961527498,0.9660337181524974,0.9291661268924998,0.8948876139300006,0.8518259778175008,0.8117197847624973,0.7646751842499999,0.7224489735400037,0.6876557617299991,0.6569196997150002,0.6261464751350004,0.5926650433849995,0.5585420046500021,0.5234934328550008,0.4778575019700007,0.43072336161250063,0.38584988209750015,0.34591529662999976,0.309638558682499,0.2735051454525,0.2390682996024991,0.20105412094499983,0.17015365591500045,0.14186248654750033,0.11425442633750003
-1.0,0.0,4.5,1.0,0.9842540165274974,0.9657036179749968,0.9285968656424999,0.8946374972975009,0.8512691220800006,0.8110177071399975,0.7645015641099995,0.7228941970650041,0.6886232512049992,0.6569347934325,0.6261782018725001,0.5923633748299992,0.5574027987375019,0.5226255681075006,0.4764464720250011,0.42922905247250026,0.38546458694749985,0.3450662722449998,0.3086657645224993,0.27232319910499997,0.23741132408999924,0.1999267876699996,0.16920008061250066,0.14096529055500018,0.11282097636250021
-1.0,0.0,5.0,1.0,0.9842540165274974,0.9657036179749968,0.9285968656424999,0.8946374972975009,0.8512691220800006,0.8110177071399975,0.7645015641099995,0.7228941970650041,0.6886232512049992,0.6569347934325,0.6261782018725001,0.5923633748299992,0.5574027987375019,0.5226255681075006,0.4764464720250011,0.42922905247250026,0.38546458694749985,0.3450662722449998,0.3086657645224993,0.27232319910499997,0.23741132408999924,0.1999267876699996,0.16920008061250066,0.14096529055500018,0.11282097636250021
-1.0,2.5,0.0,1.0,0.9836967308849964,0.9653638256274979,0.9286071892999966,0.8950690428400003,0.8543901861800002,0.8160574460499977,0.770086310014998,0.7311243070675018,0.6989991900275004,0.6688609908450002,0.6389971304699982,0.6042385689625003,0.570617268715002,0.5329130875250014,0.4880105785325013,0.4403664781550008,0.39529662254750053,0.3559677479774991,0.3192389401024985,0.28444960788000057,0.2500422172474995,0.21196293324999987,0.18138438947500057,0.15198626962999964,0.12518897983500035
-1.0,2.5,0.5,1.0,0.9836967308849964,0.9653638256274979,0.9286071892999966,0.8950690428400003,0.8543901861800002,0.8160574460499977,0.770086310014998,0.7311243070675018,0.6989991900275004,0.6688609908450002,0.6389971304699982,0.6042385689625003,0.570617268715002,0.5329130875250014,0.4880105785325013,0.4403664781550008,0.39529662254750053,0.3559677479774991,0.3192389401024985,0.28444960788000057,0.2500422172474995,0.21196293324999987,0.18138438947500057,0.15198626962999964,0.12518897983500035
-1.0,2.5,1.0,1.0,0.9837658896649958,0.965487055202498,0.9288528021924967,0.8951968412225004,0.8544914611400004,0.816432112709998,0.7701228429674981,0.7311353431050016,0.6989396527775006,0.6687188794275002,0.6391303430574983,0.6046985773300002,0.5707817683450019,0.5329781194725014,0.48795537945250117,0.44044785142000087,0.39497755076000035,0.35560744821999896,0.31912447497749846,0.2844627799325005,0.2502839225924996,0.21248069953000004,0.18219951288500044,0.1530218790374997,0.12616556930000036
-1.0,2.5,1.5,1.0,0.9832730001599965,0.964710506232498,0.9279056404649966,0.8938847403600007,0.8524293899650012,0.8137448926999986,0.7673682273199988,0.727550824247501,0.6950532482100007,0.6650861576499996,0.6351505741874989,0.6016911648000004,0.568487396917502,0.5309114134625011,0.48546254957000123,0.4380469359450011,0.3932755424850001,0.35375487669499894,0.3171195796874985,0.2824264577125003,0.24798267498749932,0.20978061988000016,0.17887587172250033,0.15036746660999983,0.12318920103000021
-1.0,2.5,2.0,1.0,0.9839477058524967,0.9659092493899978,0.9294973339349967,0.8957689274250012,0.8543406113175012,0.8161739456024989,0.7698198921824994,0.7289930226175011,0.6949232972900009,0.664314596375,0.6342211449049994,0.60169504777,0.5683738537625022,0.531370799955001,0.48572380377000074,0.43849269867000096,0.3935391364074999,0.3535420417149993,0.31750500463249876,0.28212483413250017,0.24780588897499925,0.20985150505000014,0.17876864742000034,0.15022153458749996,0.1230705769550002
-1.0,2.5,2.5,1.0,0.9843639749049976,0.9665276349924976,0.930154016177497,0.8964493132075013,0.8549238249850011,0.8165219005649985,0.7701783900274993,0.7292255369375011,0.694936244987501,0.6654070356199999,0.6342198387849995,0.6014967299349998,0.567659708715002,0.5317235122125014,0.4861671038675006,0.4387088896025009,0.393690293465,0.3537740066799993,0.31840262915249906,0.2832142796949999,0.2488590798074993,0.21057089164750006,0.17925269499750038,0.15008073918000012,0.12280637172750013
-1.0,2.5,3.0,1.0,0.9843043883799976,0.9662402597274974,0.9294586844774997,0.8949866744350008,0.8522874709425011,0.8125095546474975,0.7653429631050002,0.7230778149275037,0.6882397870249993,0.6581997561174998,0.6265165706625003,0.5940193465324994,0.559784386742502,0.5242249138825007,0.47940009379000054,0.4323736644225008,0.3871779112675,0.3469745249724998,0.31172179441999914,0.2760952204024998,0.24169682702499917,0.20412579128999972,0.1728300842100005,0.14364930858000033,0.11617151228500004
-1.0,2.5,3.5,1.0,0.9843098962424978,0.9662461793274975,0.9292673720574998,0.8949736198850008,0.852364796010001,0.8121959175549973,0.7650206262075001,0.7225277344900038,0.6881590380449992,0.657462504655,0.6266953147650006,0.5933733923074995,0.5591290109700021,0.5239788408650008,0.4783183902850007,0.43119005767750074,0.38636721036250016,0.3467830791299998,0.310560056472499,0.27481302218,0.24024318866749905,0.2026226395949998,0.17153830383000046,0.14275921620000037,0.11507241784750005
-1.0,2.5,4.0,1.0,0.984217961527498,0.9660337181524974,0.9291661268924998,0.8948876139300006,0.8518259778175008,0.8117197847624973,0.7646751842499999,0.7224489735400037,0.6876557617299991,0.6569196997150002,0.6261464751350004,0.5926650433849995,0.5585420046500021,0.5234934328550008,0.4778575019700007,0.43072336161250063,0.38584988209750015,0.34591529662999976,0.309638558682499,0.2735051454525,0.2390682996024991,0.20105412094499983,0.17015365591500045,0.14186248654750033,0.11425442633750003
-1.0,2.5,4.5,1.0,0.9842540165274974,0.9657036179749968,0.9285968656424999,0.8946374972975009,0.8512691220800006,0.8110177071399975,0.7645015641099995,0.7228941970650041,0.6886232512049992,0.6569347934325,0.6261782018725001,0.5923633748299992,0.5574027987375019,0.5226255681075006,0.4764464720250011,0.42922905247250026,0.38546458694749985,0.3450662722449998,0.3086657645224993,0.27232319910499997,0.23741132408999924,0.1999267876699996,0.16920008061250066,0.14096529055500018,0.11282097636250021
-1.0,2.5,5.0,1.0,0.9842540165274974,0.9657036179749968,0.9285968656424999,0.8946374972975009,0.8512691220800006,0.8110177071399975,0.7645015641099995,0.7228941970650041,0.6886232512049992,0.6569347934325,0.6261782018725001,0.5923633748299992,0.5574027987375019,0.5226255681075006,0.4764464720250011,0.42922905247250026,0.38546458694749985,0.3450662722449998,0.3086657645224993,0.27232319910499997,0.23741132408999924,0.1999267876699996,0.16920008061250066,0.14096529055500018,0.11282097636250021
-1.0,5.0,0.0,1.0,0.981350556,0.961195127,0.921744806,0.886723229,0.843764201,0.8035119,0.75521693,0.709637879,0.677811715,0.642970601,0.616715796,0.58279318,0.546452909,0.513296128,0.469542727,0.423802483,0.380861121,0.34237822,0.30644376,0.272608981,0.240073074,0.204940302,0.175653936,0.147935907,0.121796887
-1.0,5.0,0.5,1.0,0.9795389536149963,0.9575132145799976,0.9157805919399972,0.8783216066649997,0.8342090164025007,0.7912934528224954,0.7419784339899977,0.6983257773775048,0.6646063922774976,0.629874293297502,0.6038196713174963,0.5701888403975017,0.5343244554575017,0.501865342387501,0.45878596496750135,0.413338502560001,0.37155972142000004,0.33337782708499986,0.2971150297574982,0.2641777584850008,0.2311287673874992,0.19593862894999917,0.16772572168500083,0.13953554183499942,0.11377582395750017
-1.0,5.0,1.0,1.0,0.9798034934174957,0.9579286875799978,0.9164402831174973,0.8789322919424992,0.834727914445001,0.7921700134624966,0.7421764714074979,0.6979388954150048,0.6640933627624979,0.6292309560525022,0.6030525526224967,0.5695835769350013,0.5335653379000012,0.501227645170001,0.4582677089750012,0.413136117527501,0.3713816928299999,0.3332255167549999,0.2975762589424982,0.2649314045600007,0.23198152467999947,0.1971701354774995,0.16929752371750056,0.14167145044749951,0.1158541107875002
-1.0,5.0,1.5,1.0,0.9792785565524967,0.9570841081599979,0.9153927396599971,0.8775542033699995,0.8325855127450016,0.7892415021299972,0.7391509168549985,0.6938775746900039,0.6596868765224982,0.6247009669025015,0.5985311909624974,0.5663298884325013,0.531041658815001,0.49869165005250066,0.4553415196575012,0.4103380526300013,0.3687634577499997,0.33084485563,0.29500268599499824,0.2625467902675005,0.22934472345749923,0.19441984330749956,0.1658929343725005,0.13879819668249962,0.11261644288750007
-1.0,5.0,2.0,1.0,0.9796452316449971,0.9578508209149976,0.9163558140249976,0.8785470727300002,0.833731888782502,0.7900125016274978,0.7398637723424984,0.6942998988200033,0.6593775680524988,0.6238378749425019,0.5970378931024984,0.565340593512501,0.5300789870925011,0.4984695288200009,0.45484867022750064,0.41020597775250117,0.3685374591524998,0.3304376019849999,0.2949203153249985,0.26198450516500044,0.22928510980249928,0.19469908794249968,0.16595475060250042,0.13894454361499978,0.11281508408500004
-1.0,5.0,2.5,1.0,0.980218747649999,0.9586473379299975,0.917193101654998,0.8794926895150013,0.8346321924425025,0.7908995302699974,0.7411462196449987,0.6957257975675024,0.6601578347974995,0.6248824817425018,0.5977075046424988,0.5669389116225009,0.5317257982925014,0.5001510623100015,0.45663686058500036,0.41152492007000113,0.36965441047999986,0.3317311450624998,0.2966628969999991,0.26417344188,0.23080313658499926,0.19545550231749956,0.16592676593500047,0.1382744855425,0.11205988385499994
-1.0,5.0,3.0,1.0,0.980068189797499,0.9584137859924978,0.9168748393374987,0.879067076392501,0.8335841225425021,0.7895001990399971,0.739482621922499,0.6931147470375028,0.6581489031399989,0.622925420572502,0.5954029064674993,0.5647232079400009,0.5288971734600012,0.4976766634875016,0.4542678949475002,0.4095429285575012,0.3674269363999999,0.3296155398124998,0.29434811775749903,0.2619039939050001,0.22849032011999934,0.19298691824249958,0.16344516997250047,0.13565651816500016,0.1090144314924998
-1.0,5.0,3.5,1.0,0.9800820033399991,0.958539032124998,0.9167737169324987,0.8791338879200008,0.8337330075975015,0.7892197696474972,0.7392398858399989,0.692978430875003,0.6582929278724987,0.6222141458150021,0.5952515089774996,0.5641538074675009,0.5283460585125015,0.49731043787000173,0.45278720431250036,0.40804161645250114,0.3666260949650002,0.3295930896849996,0.29352037953749904,0.26083190644750026,0.2271585391149993,0.1917778905449997,0.16214381900000038,0.1346297318600002,0.10786622125249982
-1.0,5.0,4.0,1.0,0.9799801742449992,0.9582946251949979,0.9166265529549986,0.8789894083275006,0.8331941894050015,0.7886662823574971,0.7388107932899989,0.692820669740003,0.6577096625024985,0.6215924955950023,0.5947026693474993,0.5633574783175009,0.5276687952100015,0.49673432637500176,0.45232631599750034,0.40736774261250097,0.36599693515250015,0.32862137267249963,0.29259888174749904,0.2595240297200002,0.22598365004999935,0.1902093718949997,0.1607591710850004,0.13371977212750022,0.10704299272499983
-1.0,5.0,4.5,1.0,0.9797942268674987,0.9576866491124973,0.9156214099849985,0.8782642690275009,0.8319462936725012,0.7864839805174973,0.7382409599124986,0.6928191811050032,0.6592512342699988,0.622300116662502,0.5956122938074989,0.5630682586900007,0.5265029486100012,0.49613183584500137,0.45140945269000077,0.4059340081675004,0.3651587249149998,0.3275150704225,0.2911155616499993,0.2583216534600001,0.22438587839999954,0.18900728405749953,0.1597532038475006,0.13235152981000006,0.10506531457250003
-1.0,5.0,5.0,1.0,0.9797942268674987,0.9576866491124973,0.9156214099849985,0.8782642690275009,0.8319462936725012,0.7864839805174973,0.7382409599124986,0.6928191811050032,0.6592512342699988,0.622300116662502,0.5956122938074989,0.5630682586900007,0.5265029486100012,0.49613183584500137,0.45140945269000077,0.4059340081675004,0.3651587249149998,0.3275150704225,0.2911155616499993,0.2583216534600001,0.22438587839999954,0.18900728405749953,0.1597532038475006,0.13235152981000006,0.10506531457250003
-1.0,7.5,0.0,1.0,0.9788670988624963,0.9563249002549976,0.9136516053149977,0.8755726538449996,0.8307769968575007,0.7878882380899956,0.7386776542124975,0.6948655433675048,0.6606526234149973,0.6257995864300022,0.5998141735899961,0.5662790048450017,0.5309359642500017,0.497621959465001,0.45515873854500133,0.4099980786150009,0.36823167162749987,0.3303005500649999,0.29449464307249823,0.2617379639300008,0.22896085786749926,0.1942601238399992,0.16607587888250086,0.13860502290249943,0.11302929221750013
-1.0,7.5,0.5,1.0,0.9788670988624963,0.9563249002549976,0.9136516053149977,0.8755726538449996,0.8307769968575007,0.7878882380899956,0.7386776542124975,0.6948655433675048,0.6606526234149973,0.6257995864300022,0.5998141735899961,0.5662790048450017,0.5309359642500017,0.497621959465001,0.45515873854500133,0.4099980786150009,0.36823167162749987,0.3303005500649999,0.29449464307249823,0.2617379639300008,0.22896085786749926,0.1942601238399992,0.16607587888250086,0.13860502290249943,0.11302929221750013
-1.0,7.5,1.0,1.0,0.9791316386649958,0.9567403732549978,0.9143085455074975,0.8761780745374991,0.8314858023525011,0.7887533600374969,0.739084283087498,0.6946778498550047,0.6603403450149977,0.6253763155325023,0.5994914808549967,0.5658715394750014,0.5302195791800011,0.4972644073450009,0.45482220568250115,0.409663236330001,0.36805364303749977,0.33014823973499985,0.2949558722574982,0.26249161000500076,0.2298136151599995,0.19540408678999951,0.16759261303500053,0.14072443417999952,0.11510872183250015
-1.0,7.5,1.5,1.0,0.9786649652299967,0.9560056932599977,0.9134504079699974,0.8749791243349994,0.8295451496750017,0.7860446352024972,0.7362656481924985,0.6908386041375039,0.6561326556074981,0.6210325239125016,0.5951601974799974,0.5628132280875014,0.5277462025775009,0.4951645599025006,0.45206637922750126,0.4069939030325012,0.3656805253074995,0.3279796371850001,0.2924618109299983,0.26017867571750053,0.22726052093249924,0.19259818284749955,0.16408176043500045,0.13770089961499965,0.11164350400250006
-1.0,7.5,2.0,1.0,0.979031640322497,0.9567724060149975,0.9144134823349979,0.875971993695,0.8303526791550021,0.7866560185224978,0.7365661660524987,0.6907948820275033,0.6553439056474987,0.6196864969825019,0.5929309715024985,0.5613316858425011,0.526539421865001,0.4945223338400008,0.45117582388000066,0.40670243901750114,0.3653044543599997,0.32742912533,0.2923794402599985,0.2596163906150004,0.22720090727749923,0.1928774274824996,0.16414357666500037,0.1378472465474998,0.11184214520000003
-1.0,7.5,2.5,1.0,0.9796051563274989,0.9575054354199974,0.9152507699649982,0.8769684463000011,0.8313679339100026,0.7876043220449973,0.7379119966224988,0.6920996784550023,0.6562855738024993,0.6209327729925019,0.5937615472399987,0.563042907862501,0.5282447353075014,0.49626342825500147,0.4530220614600004,0.4080780622475011,0.36647761507749976,0.3287793720749999,0.29412202193499914,0.26186301411000007,0.22871893405999924,0.1936567153074995,0.16414459274250046,0.1372043928225,0.11108694496999989
-1.0,7.5,3.0,1.0,0.9794545984749989,0.9573106024424979,0.9149984637249987,0.8766950354650009,0.830635089912502,0.7865205642324975,0.736582447357499,0.6898793614425027,0.6545108608499989,0.6193836475375021,0.5917999288699992,0.5612499286975011,0.5260101297925012,0.4945620842875016,0.4513937468075002,0.40676626612750105,0.3646217513375,0.32703899528499975,0.29219379492499903,0.26017409708250006,0.22698653021999934,0.1916654555949996,0.16222715435500037,0.13495613373500018,0.10840419961749978
-1.0,7.5,3.5,1.0,0.979471180577499,0.9574381634499981,0.9148973158224986,0.8767528773375006,0.8307637501675016,0.7862046081699973,0.736289340699999,0.689535660052503,0.6545931584524987,0.6185274718325022,0.5915155716974995,0.5605515160850011,0.5253514798550013,0.49409821664250164,0.44985953919250043,0.405223949617501,0.3638432379025002,0.32703893747749957,0.291400263279999,0.2591068772250003,0.2256650887024993,0.1904728240399997,0.16092580338250034,0.1339546638375002,0.10731437375749982
-1.0,7.5,4.0,1.0,0.979369351482499,0.957192318434998,0.9147460939424985,0.8766007599275005,0.8302131483975015,0.7856350412624973,0.735839980824999,0.689377898917503,0.6540098930824986,0.6178269763325024,0.5909667320674992,0.5597551869350011,0.5246742165525013,0.4935221051475018,0.44936882183750043,0.40452132478250086,0.36318668042500024,0.3260404228799995,0.29045218930499905,0.25777243396750027,0.22446392485499936,0.1888783717324997,0.15951561088500035,0.13304470410500022,0.10649114522999982
-1.0,7.5,4.5,1.0,0.9791707411649985,0.9565843423524975,0.9137812184724986,0.8758714623925008,0.8289061059400012,0.7832993851424974,0.7352107062099988,0.6893101154050032,0.6554376729024988,0.618351048655002,0.5917432834124988,0.5591425444325008,0.5233466399750012,0.4926350470825014,0.44812708242250077,0.4028566917100004,0.36196660628249977,0.3246312455199999,0.2887524968724993,0.2564121083175001,0.2226873222349996,0.18756374708249954,0.15842242022750055,0.13159822506000002,0.10446332681750001
-1.0,7.5,5.0,1.0,0.9791707411649985,0.9565843423524975,0.9137812184724986,0.8758714623925008,0.8289061059400012,0.7832993851424974,0.7352107062099988,0.6893101154050032,0.6554376729024988,0.618351048655002,0.5917432834124988,0.5591425444325008,0.5233466399750012,0.4926350470825014,0.44812708242250077,0.4028566917100004,0.36196660628249977,0.3246312455199999,0.2887524968724993,0.2564121083175001,0.2226873222349996,0.18756374708249954,0.15842242022750055,0.13159822506000002,0.10446332681750001
-1.0,10.0,0.0,1.0,0.9743386376999998,0.9460990825024979,0.8983893320925027,0.8559157826375017,0.8047490799800009,0.7572719673449996,0.704538894322498,0.6562068618275018,0.6188707348200013,0.5798758246450018,0.5550671980699966,0.522776915650002,0.49141618965000045,0.4611413609450009,0.42238477687250203,0.3814291250350015,0.34402300694999915,0.30780798831500017,0.27656979574999857,0.24624665236250054,0.21664732668749972,0.18506914475749914,0.1586477264725006,0.13186516008749988,0.1080573209424999
-1.0,10.0,0.5,1.0,0.9743386376999998,0.9460990825024979,0.8983893320925027,0.8559157826375017,0.8047490799800009,0.7572719673449996,0.704538894322498,0.6562068618275018,0.6188707348200013,0.5798758246450018,0.5550671980699966,0.522776915650002,0.49141618965000045,0.4611413609450009,0.42238477687250203,0.3814291250350015,0.34402300694999915,0.30780798831500017,0.27656979574999857,0.24624665236250054,0.21664732668749972,0.18506914475749914,0.1586477264725006,0.13186516008749988,0.1080573209424999
-1.0,10.0,1.0,1.0,0.9746031775024993,0.9465952691024979,0.8995514239700024,0.8570646132625012,0.8062964785625014,0.7595006843575005,0.7063460613124987,0.6582628264800018,0.619633348925002,0.5807520413750018,0.5558170354574972,0.5242055641875014,0.49296517300999965,0.4629168153900003,0.42323913017250164,0.3820340696900015,0.3442042843074993,0.3079615061650002,0.2770581422149985,0.24706631566000045,0.21745426147999994,0.18611043146249948,0.1600353125300002,0.1339021412649999,0.11009617621749995
-1.0,10.0,1.5,1.0,0.9741664351250001,0.9459023739674979,0.898824280655001,0.856401129570001,0.8050251650575027,0.757334111880001,0.7034748659325014,0.6542323619325002,0.614901796300002,0.5751464626575001,0.5504799174849994,0.5200602800275016,0.4895182995324994,0.4598845937149995,0.41968327490750146,0.3785160684075015,0.3408453982099989,0.304967420675001,0.2738892360949987,0.24393174567000028,0.21432321154249942,0.18288456015749963,0.1558818178850001,0.13000795005749988,0.10570678317749996
-1.0,10.0,2.0,1.0,0.9740446329925001,0.9455555033399983,0.8978176511700007,0.8546644853375008,0.8023416532700027,0.7538154193575006,0.698761330800002,0.6479652557874997,0.6079416925925013,0.5672922859224998,0.5429106344399998,0.5138377897700019,0.48338697959499954,0.4543926638099994,0.41495468292500154,0.3750839369150013,0.338327548134999,0.30244124665500094,0.2724588684874988,0.24230164425750034,0.21339647960249938,0.1825609968149997,0.1557272297775001,0.12990075388999991,0.10570370655499994
-1.0,10.0,2.5,1.0,0.9744231515050024,0.9459216013324985,0.8984598834950013,0.8554014768600017,0.802969884567503,0.7540125564024999,0.6992257664650023,0.6482012881924988,0.6086491857200019,0.5686159480499997,0.5438144955599992,0.5153794300325023,0.4845069540024997,0.4551750333600002,0.4165544735225016,0.3760591501425013,0.33870930825999906,0.3033628120000007,0.2736119766849992,0.2445138339824999,0.21508013339499926,0.18322274397749944,0.15581521370250015,0.12950909885000012,0.10509657747499988
-1.0,10.0,3.0,1.0,0.9742346267750024,0.9455038639600001,0.8979080491050024,0.8546494377125016,0.8013758787350013,0.7512141395799992,0.6958854384050018,0.6432828947150004,0.6040891564225003,0.5635420910875003,0.5383985567949996,0.5091625805800026,0.47935882345749925,0.450628972345001,0.4129567629750013,0.3724018965275008,0.3347878769224997,0.30002150545999995,0.27049673532499896,0.24203181016249986,0.2129214992749993,0.18117876951999962,0.15372403432000006,0.1271598341425003,0.10240916942499986
-1.0,10.0,3.5,1.0,0.9743205023375022,0.9457371479050003,0.8979915089250019,0.8549174759450012,0.8016858192650005,0.7510905511374992,0.6959514788275014,0.6426125818300011,0.6033702462324991,0.5615685543275011,0.5369748823700007,0.5075990713650026,0.4775883823224997,0.4499203249700011,0.4111242428575015,0.3709826338775006,0.3347532758425001,0.30035076808999966,0.2702457054024992,0.24153817332500022,0.21212261222499934,0.18053072853749977,0.15276413796250002,0.12646890956500031,0.1015481158149999
-1.0,10.0,4.0,1.0,0.974173162127502,0.9452650590100002,0.8976530782450018,0.8543389747250012,0.8005212106025001,0.7498603970599992,0.695012500322501,0.6414257392725012,0.6014270845849989,0.5595901593275014,0.5348122270650005,0.5055996488900028,0.4754196721274996,0.4480560380425014,0.4092973521450014,0.3692501271650002,0.33315443151500007,0.2987318051649995,0.2686402008399992,0.23953913539500024,0.21033401556249945,0.17876748883249982,0.15126720280000006,0.12549632619250028,0.10066883383249993
-1.0,10.0,4.5,1.0,0.9736544249250012,0.9438684459699987,0.8949827297100008,0.8508650751825018,0.7951518687300001,0.7430745417749993,0.6889618411674996,0.6355049874325011,0.5963013527800003,0.5538705310275014,0.5288392754299983,0.49935935800750214,0.4684352708374994,0.4409266477850016,0.4022679727725015,0.3621063410599995,0.3275352362824993,0.29347487560749985,0.2647835926349998,0.23658810014000012,0.20736963715999981,0.1766880730149996,0.14957081656000024,0.12366064157250013,0.09842579204499997
-1.0,10.0,5.0,1.0,0.9736544249250012,0.9438684459699987,0.8949827297100008,0.8508650751825018,0.7951518687300001,0.7430745417749993,0.6889618411674996,0.6355049874325011,0.5965462668000003,0.5541165944400014,0.5290836364299983,0.4995997496600021,0.4684352708374994,0.4409266477850016,0.4022679727725015,0.3623286927824995,0.3275352362824993,0.29347487560749985,0.2647835926349998,0.23658810014000012,0.20736963715999981,0.1766880730149996,0.14957081656000024,0.12366064157250013,0.09842579204499997
-1.0,12.5,0.0,1.0,0.9719585784675033,0.9418612708075004,0.8928845582350047,0.8486187585325037,0.7971340613400024,0.7512302466324998,0.6976624506349992,0.6501552224900005,0.613845888825002,0.5757140917475004,0.550697848564997,0.5166946759500018,0.4840378113699998,0.4516824038425004,0.4128395402900021,0.37135153129500076,0.33331388656499833,0.2980309401050005,0.2667290561549986,0.23642298125999978,0.20795590729249958,0.1773598409899991,0.15287004635000043,0.12806074025250008,0.10533712255249976
-1.0,12.5,0.5,1.0,0.9719585784675033,0.9418612708075004,0.8928845582350047,0.8486187585325037,0.7971340613400024,0.7512302466324998,0.6976624506349992,0.6501552224900005,0.613845888825002,0.5757140917475004,0.550697848564997,0.5166946759500018,0.4840378113699998,0.4516824038425004,0.4128395402900021,0.37135153129500076,0.33331388656499833,0.2980309401050005,0.2667290561549986,0.23642298125999978,0.20795590729249958,0.1773598409899991,0.15287004635000043,0.12806074025250008,0.10533712255249976
-1.0,12.5,1.0,1.0,0.9721088143500031,0.9421356441725005,0.8938928605825045,0.8497530670875035,0.7986972542975025,0.7534146989974999,0.6998760901824995,0.6526217729525005,0.6151314384800025,0.5773461104600005,0.5519662883474976,0.5187160111225014,0.48630265041999915,0.4544191518299999,0.4147234094400018,0.37289241062000067,0.3340566475199983,0.29860978431250046,0.2671507214649985,0.23702043020749974,0.20836487328999964,0.17794367427249927,0.15364515441500023,0.12922073243500012,0.10656458661749978
-1.0,12.5,1.5,1.0,0.9719334924375046,0.9418628321150005,0.8937468691950046,0.8498158789050038,0.7985879485700034,0.7523022608450007,0.6982184099225015,0.649694503899999,0.6116156056675028,0.5727935193149992,0.5477356655649992,0.5156678713150016,0.4837622742649989,0.4524892735174994,0.4120953648925019,0.3704555437500007,0.3316649376074982,0.296422813550001,0.26441596756499863,0.2337809993999996,0.20478804611749915,0.1740006919199994,0.14821599910999997,0.12386962775000003,0.1004943489299998
-1.0,12.5,2.0,1.0,0.9718116903050046,0.9415226725475011,0.8928108419550043,0.8481939245625036,0.7961190213100032,0.7490215678775006,0.693856751147502,0.6439086090749986,0.6052093895675025,0.5653645333474989,0.5405574308799995,0.5097899823725018,0.477931889584999,0.4473841170774994,0.40776266122250193,0.36716711418000053,0.3291735537824982,0.293848247017501,0.2629103796724987,0.23208497283999957,0.2037452645724991,0.17352768413499944,0.14792547617249996,0.12371961772500008,0.10045092359499977
-1.0,12.5,2.5,1.0,0.971338757,0.940729266,0.891111087,0.845947521,0.793586573,0.744475262,0.688724573,0.637093586,0.598609602,0.558509112,0.534105843,0.50327852,0.470766344,0.441523808,0.403214875,0.362971573,0.325373206,0.291373315,0.259439612,0.229254047,0.200377099,0.169211305,0.143274663,0.118757062,0.095666924
-1.0,12.5,3.0,1.0,0.9715206861775058,0.9409944222950023,0.8922705715875052,0.8471501996750043,0.7943362843950026,0.7458126568474994,0.689863412690002,0.637733911554999,0.6003150350050017,0.5608999812524992,0.5353294818424993,0.5037177953000025,0.4728318426374986,0.4423330761475004,0.4046777398325018,0.3636996117000002,0.3250912925674986,0.29082067505500026,0.26038397477999875,0.2306832347949993,0.20251736899499911,0.17183641799999944,0.14569310183249992,0.12075586528250033,0.09706798966249976
-1.0,12.5,3.5,1.0,0.9714180322200053,0.9407982731575021,0.892026943295004,0.8467676933525036,0.7939612795700015,0.7449943937224995,0.6893604853875013,0.6366545960374997,0.5988060111625007,0.5577374151625002,0.5326946093800004,0.5014360266700024,0.4701806013274992,0.4408399445450006,0.4023288890650019,0.36160521176749993,0.3243239964074991,0.2903665878649999,0.2594869951599992,0.22967657661749985,0.20121573717999916,0.17077975144999968,0.14469907715999994,0.12016529590750032,0.09623183808749981
-1.0,12.5,4.0,1.0,0.9712706920100053,0.940375484860002,0.8917722687075039,0.8463168462350035,0.7929538687050011,0.7439549585224994,0.688428116022501,0.6357341310149999,0.5968551065200005,0.5557689565300007,0.5305453062100001,0.49926511773250243,0.46784661523749915,0.4386860056175009,0.3999211156425018,0.35918958120999983,0.32134152197999927,0.2874528554199998,0.2568025327749992,0.22659982972249992,0.19860281699749932,0.16861256803749963,0.14295139845000002,0.11901433645500033,0.09524790158749985
-1.0,12.5,4.5,1.0,0.9707290590750042,0.9390814871025011,0.8891531340600031,0.8427799520100032,0.7876462245625007,0.7374538070549995,0.6812657229724998,0.6285724994024998,0.5903277935225012,0.5489578046500005,0.5233700671824981,0.49144074173250196,0.4591240485699991,0.42941470469500126,0.39151084177750156,0.3512542463349994,0.3144648140799991,0.2805298015675001,0.25088987956999964,0.2216451039324997,0.19421382500249978,0.16539128016249938,0.14063499844000021,0.11676347833000016,0.09287240217999992
-1.0,12.5,5.0,1.0,0.9707290590750042,0.9390814871025011,0.8891531340600031,0.8427799520100032,0.7876462245625007,0.7374538070549995,0.6812657229724998,0.6285724994024998,0.5905727075425012,0.5492038680625007,0.5236144281824981,0.4916811333850019,0.4591240485699991,0.42941470469500126,0.39151084177750156,0.35147659805749937,0.3144648140799991,0.2805298015675001,0.25088987956999964,0.2216451039324997,0.19421382500249978,0.16539128016249938,0.14063499844000021,0.11676347833000016,0.09287240217999992
-1.0,15.0,0.0,1.0,0.9687709605375038,0.9359472708275011,0.8838739031800046,0.8371594905200035,0.7828474339775017,0.7325170711624992,0.6765666344350008,0.6274717873475013,0.586221075249999,0.5446508484549999,0.5218570526975,0.49239410955500185,0.4624451240699986,0.4336316835800006,0.39610160894250035,0.3567928947500007,0.3227316114124982,0.28937875161250026,0.2594644793149986,0.2304365864924997,0.20164606242499983,0.1721970426049994,0.14800728515500045,0.12465042164250015,0.10319202524249965
-1.0,15.0,0.5,1.0,0.9687709605375038,0.9359472708275011,0.8838739031800046,0.8371594905200035,0.7828474339775017,0.7325170711624992,0.6765666344350008,0.6274717873475013,0.586221075249999,0.5446508484549999,0.5218570526975,0.49239410955500185,0.4624451240699986,0.4336316835800006,0.39610160894250035,0.3567928947500007,0.3227316114124982,0.28937875161250026,0.2594644793149986,0.2304365864924997,0.20164606242499983,0.1721970426049994,0.14800728515500045,0.12465042164250015,0.10319202524249965
-1.0,15.0,1.0,1.0,0.9689136722300036,0.9362093212350012,0.8848517179175045,0.8382782873750032,0.7843794166425014,0.7344418521199995,0.6785249920525013,0.6297099423475016,0.5873242887349993,0.5463817257675,0.5229360558200006,0.4941740329925016,0.46446753816499814,0.4361217958750002,0.39775011910250013,0.35811059446000065,0.3232441778574982,0.2899342784225003,0.2598784618399986,0.23104974195999972,0.20205502842249984,0.17278087588749957,0.14878239322000028,0.1258104138250002,0.1044194893074997
-1.0,15.0,1.5,1.0,0.9690412628975045,0.9363457440425013,0.8851287536450048,0.8388439064300036,0.7849639545800019,0.7341500514799999,0.6777776808975022,0.6279479958225006,0.5850654869874996,0.5430785467349993,0.5202819610725014,0.49237393537250157,0.46269759299999796,0.43488964738250013,0.3959934887450002,0.35647680149750083,0.32123343954499817,0.2881437825750007,0.2574476490774987,0.2281149805899995,0.1992177416149994,0.16930674264249962,0.14397663628750001,0.12085440430750014,0.0985637234424997
-1.0,15.0,2.0,1.0,0.9690244759750047,0.9360672247450015,0.8841819325600048,0.8372283377650036,0.7826433910775021,0.731433735995,0.6740468985450029,0.6230086642350003,0.5800376012224989,0.537097228069999,0.5151524074700018,0.4884243594675018,0.4581761379274979,0.4306360205125002,0.39221964195750014,0.35355462911000063,0.3189130728299981,0.28556655253500063,0.2559476026774987,0.22649068734999933,0.1984289396024993,0.16885873768499973,0.1434256614775,0.12038703480000017,0.09811106815249972
-1.0,15.0,2.5,1.0,0.9689391066950058,0.9357780452675015,0.8839149767950051,0.8367222720050045,0.7822795657275023,0.7310131691274997,0.6732503201200031,0.6215361911675,0.5790301560199991,0.5362590442124988,0.5144391613025014,0.4876462784550021,0.457233353414998,0.42951301034250067,0.39205981080000024,0.35316768150500055,0.31812834123499806,0.28525266733250054,0.2557697778424988,0.22721830141499907,0.1990771874699992,0.16903824478749957,0.1433358845225,0.11977054339500023,0.09740717047249968
-1.0,15.0,3.0,1.0,0.9687032270350058,0.935449783705002,0.8831940442900051,0.8357178582225042,0.7804663127650011,0.7284279999099992,0.6699417082925031,0.6171124409450005,0.5754984875949982,0.5323192925024991,0.5099367666350018,0.4821605306300022,0.4528525269799976,0.425403562340001,0.3885197735199997,0.34973025111500056,0.3144920977474983,0.2820400902325001,0.2528729150724987,0.22472145712749897,0.1969878512374993,0.16709547462249977,0.14120598488250002,0.11733364900750037,0.0946540972799996
-1.0,15.0,3.5,1.0,0.9686838947025056,0.9353473147050018,0.8830937844900039,0.8356154157175035,0.7801252836275002,0.727878221159999,0.6695604466375025,0.6166707649450012,0.5757071349474977,0.5315790244249997,0.509934631875002,0.4816229346850021,0.4514300820474981,0.424673326090001,0.3872504000075,0.3486420884475006,0.31423421003999863,0.2820906752199998,0.25271009891499907,0.22456619387749935,0.19666205871749942,0.16697053839249995,0.14081077072500003,0.11731357065250039,0.09410056366499965
-1.0,15.0,4.0,1.0,0.9685865474675055,0.9350609379375018,0.8830471325675039,0.8353781786000034,0.7793153088999999,0.727151247539999,0.6686410574450022,0.6158057005100012,0.5750332085849977,0.5310995140924998,0.509144168960002,0.480520997657502,0.45006718249999805,0.423491431327501,0.38554724754249997,0.34682530232000064,0.3116409591624989,0.2798150467124998,0.25058170156499904,0.22207466643249937,0.1946068507049995,0.16552943551499996,0.13978437448000006,0.11651997846750038,0.0933630852949997
-1.0,15.0,4.5,1.0,0.967833847345004,0.9335954344150017,0.8804076894100032,0.8318390503000032,0.7742948984174993,0.7208544820374989,0.6618527526225012,0.6086056656350008,0.5681796556849984,0.52307947148,0.5017960254025007,0.4726536502150016,0.4417410846174982,0.41439632199000137,0.3774713368299998,0.33960603503500036,0.30507205267249904,0.2734352675324999,0.24515979574999927,0.2170386087924993,0.1890043978974997,0.16061922118999963,0.13567246032500013,0.1129913817525002,0.09039773973249993
-1.0,15.0,5.0,1.0,0.967833847345004,0.9335954344150017,0.8804076894100032,0.8318390503000032,0.7742948984174993,0.7208544820374989,0.6618527526225012,0.6086056656350008,0.5684245697049984,0.5233255348925,0.5020403864025007,0.4728940418675016,0.4417410846174982,0.41439632199000137,0.3774713368299998,0.3398283867575004,0.30507205267249904,0.2734352675324999,0.24515979574999927,0.2170386087924993,0.1890043978974997,0.16061922118999963,0.13567246032500013,0.1129913817525002,0.09039773973249993
-1.0,17.5,0.0,1.0,0.9669036907000036,0.9319200900250018,0.8769653537800033,0.8279839774975036,0.7722727970325012,0.7199139708199995,0.6627231797375005,0.6110197080525015,0.5671092455174983,0.5233029119774995,0.5031070849500009,0.4767221219275015,0.4462791193174983,0.4189251025500004,0.3834347131725003,0.3452457735925006,0.31263198440999856,0.2800960014525001,0.25102044046999883,0.22397291465749994,0.1955198104449999,0.16785700667499967,0.14466099896750048,0.1219871078875002,0.10249818327249968
-1.0,17.5,0.5,1.0,0.9669036907000036,0.9319200900250018,0.8769653537800033,0.8279839774975036,0.7722727970325012,0.7199139708199995,0.6627231797375005,0.6110197080525015,0.5671092455174983,0.5233029119774995,0.5031070849500009,0.4767221219275015,0.4462791193174983,0.4189251025500004,0.3834347131725003,0.3452457735925006,0.31263198440999856,0.2800960014525001,0.25102044046999883,0.22397291465749994,0.1955198104449999,0.16785700667499967,0.14466099896750048,0.1219871078875002,0.10249818327249968
-1.0,17.5,1.0,1.0,0.9670211327500035,0.9321914088325017,0.8778728440850032,0.8290578526200035,0.7738099846125008,0.7218868676924999,0.6647652248450008,0.6132931357600016,0.5682487140249987,0.5250940999099996,0.5042306988000014,0.4785202752500013,0.4483123624074979,0.4214126913875001,0.3851582309125,0.3466136830525005,0.31315707779499863,0.2807669598875001,0.25151843385999884,0.22457894893749997,0.19581604505249992,0.16831135030249977,0.14527350356750038,0.12310724898750015,0.10360210483749972
-1.0,17.5,1.5,1.0,0.9672158301150044,0.9324357632275018,0.8783040888400037,0.8296591339525038,0.7745716921625008,0.7219088438400003,0.6647293445100018,0.6125651690525009,0.567151347409999,0.5231504100799991,0.5026537487850018,0.47734150610000137,0.44737886626999773,0.4209690745475001,0.3840661076025001,0.34565265513750065,0.31170828941999856,0.27949855718250033,0.24969614647249905,0.22225075123499993,0.19355366174499955,0.16534714433249983,0.1409795804400001,0.11867521890500012,0.09824660515249974
-1.0,17.5,2.0,1.0,0.9671990431925045,0.9322153699800018,0.8774140103425039,0.8282539759550039,0.7725522424350011,0.7196071044750005,0.661322743522502,0.6087219364075006,0.5635763614199988,0.5192459911399989,0.4988454309725017,0.4741459446675014,0.44399600684499774,0.41736908304000025,0.3808817848425003,0.34326285132250073,0.3095347638999985,0.27702663502749997,0.24829766121999913,0.2207482222399998,0.19280832974999945,0.16485392652250003,0.1401709879550001,0.11791232840750011,0.09757444540249978
-1.0,17.5,2.5,1.0,0.9669763962825051,0.9317437348000018,0.8768276313725041,0.8273528527000045,0.7715364251100013,0.7187316077000001,0.659963285567502,0.6069346211900003,0.5621101466274989,0.5178908503774987,0.4974179001000014,0.47283269262000166,0.44270381922999774,0.4159095792775006,0.3802538893200004,0.3423195933100006,0.30830673820749843,0.27639947343499993,0.24769196964999918,0.22108686254999965,0.19330211582499934,0.16488809396249998,0.14004143998000013,0.11728389182250015,0.09690227796749977
-1.0,17.5,3.0,1.0,0.9667541959725052,0.9314632712350019,0.8763108499225042,0.8265537398075044,0.7698528058550008,0.7163623171724997,0.6570928846850022,0.6027518646800005,0.5591536436474979,0.514553376479999,0.4933970048675018,0.46783160772750176,0.4389053378099975,0.4121292330975009,0.37698681827249997,0.33914532319000096,0.3049081616824985,0.2733580478649996,0.24486468128749916,0.2184594059124995,0.1911144821974994,0.1628053836875001,0.13760329039000013,0.11450608429750032,0.09390530698749966
-1.0,17.5,3.5,1.0,0.9667556671900052,0.931454482372502,0.876298390417503,0.8265606837925037,0.7697554854975001,0.7160549008024993,0.6570534477300016,0.602603903632501,0.5598865571949981,0.513977068577499,0.4939748830650016,0.46798636417000133,0.438073773587498,0.41247088193000087,0.3763245285925003,0.33853334150000086,0.3050294226124988,0.2733232398724994,0.24460162311499947,0.2182704866449998,0.1910784509674995,0.1627603273400003,0.1372888809250002,0.11453042869250032,0.09332608111499974
-1.0,17.5,4.0,1.0,0.966629130530005,0.9310613070800019,0.875913031542503,0.8259008776550038,0.7687346380924996,0.7150965255949993,0.6560629099225015,0.6018869587375011,0.5596111528074981,0.513977068577499,0.4936957634125016,0.4671676989775013,0.436983832982498,0.41145092163000085,0.37484613843000025,0.3369731943900009,0.30261117279749894,0.2712318423899994,0.24275220541999942,0.21583309000499987,0.18909627089749953,0.16152294086500035,0.1364683888475002,0.11391864019000034,0.09256397463999978
-1.0,17.5,4.5,1.0,0.9657486487300037,0.9293922438125023,0.8727076071300028,0.8212543723300036,0.7617307147174993,0.7062927147899996,0.6458625143850011,0.5907530085124997,0.5492007066024981,0.5034408850899995,0.48263179596000144,0.4556936755050011,0.4252429675799982,0.39924022209750065,0.36414098435749975,0.3277444918025008,0.2947253648174992,0.26386291302499987,0.23648095527749927,0.20996734812749968,0.18261977477499974,0.1557664043549999,0.13152511800750022,0.10960205966250015,0.08872249525000003
-1.0,17.5,5.0,1.0,0.9657486487300037,0.9293922438125023,0.8727076071300028,0.8212543723300036,0.7617307147174993,0.7062927147899996,0.6458625143850011,0.5907530085124997,0.5490442879549982,0.5032677587849995,0.48246817265500147,0.45554202993000104,0.4252429675799982,0.39924022209750065,0.36414098435749975,0.3278121098425008,0.2947253648174992,0.26386291302499987,0.23648095527749927,0.20996734812749968,0.18261977477499974,0.1557664043549999,0.13152511800750022,0.10960205966250015,0.08872249525000003
-1.0,20.0,0.0,1.0,0.9642822250800016,0.9263608463300018,0.8683344429000017,0.8172120308150035,0.7585125026350009,0.7015778500400005,0.6417875871824998,0.5875222975574996,0.5404929496799993,0.4952255554774995,0.4759327153650013,0.4515967122600008,0.42453878312499815,0.39952742022749993,0.36538943945500035,0.32862867315500033,0.29802325784749867,0.2681375439699999,0.24110926818749903,0.21575123752500006,0.18919800872500006,0.1636886446474998,0.1424259308325005,0.12052754565750014,0.10062521060999964
-1.0,20.0,0.5,1.0,0.9642822250800016,0.9263608463300018,0.8683344429000017,0.8172120308150035,0.7585125026350009,0.7015778500400005,0.6417875871824998,0.5875222975574996,0.5404929496799993,0.4952255554774995,0.4759327153650013,0.4515967122600008,0.42453878312499815,0.39952742022749993,0.36538943945500035,0.32862867315500033,0.29802325784749867,0.2681375439699999,0.24110926818749903,0.21575123752500006,0.18919800872500006,0.1636886446474998,0.1424259308325005,0.12052754565750014,0.10062521060999964
-1.0,20.0,1.0,1.0,0.9643770945600016,0.9265730428950019,0.8692381715100018,0.8182503631025035,0.7600482159325012,0.7035950905450005,0.6436758519874999,0.5899842053549997,0.5419639145374994,0.49725018228499956,0.47766530686000164,0.4538038940275007,0.426905177299998,0.4022643555349996,0.3673063632050003,0.3303106000750003,0.29873179624749874,0.26888450217499993,0.24153311123999902,0.21605679935500008,0.18936563823750008,0.16378203910249983,0.1426507238725004,0.1213008125700001,0.10140241798249969
-1.0,20.0,1.5,1.0,0.9646719099150025,0.926956617987502,0.8698727219875023,0.8191906221950036,0.7612156406675011,0.7042005926625007,0.6442784752500005,0.5901631559174993,0.5418746205099996,0.4966809107874994,0.4769410512850019,0.4536589543425007,0.42670401584749795,0.40257342121499967,0.3670068811450004,0.3301502320550004,0.29801992494749874,0.2680559196075,0.24027091030999922,0.21403192152000006,0.18727107456749978,0.1607994387224999,0.1382903193275002,0.11686329737250009,0.09617649439249971
-1.0,20.0,2.0,1.0,0.9647423052150026,0.9269608940100018,0.8693773912850026,0.8183338812100035,0.7601110364550011,0.7028940261350007,0.6421927833900009,0.587617039354999,0.5384952521499996,0.49359723570749914,0.4736444299025018,0.4507004376900007,0.4238705123799981,0.3992478413299998,0.3646842793600007,0.3287645398325003,0.2969021711424987,0.2667549562024997,0.23937097839749935,0.21323661302250005,0.1869101133799996,0.16050134686000006,0.1373697870825002,0.1160833768425001,0.09555233275249975
-1.0,20.0,2.5,1.0,0.9644892138075031,0.9262266071325022,0.8687616336550028,0.8175721661575039,0.7593340129050012,0.7020777718550008,0.6412969117050007,0.5862140461374988,0.5377238509149995,0.49267773657749897,0.47308335436000165,0.4499079530850008,0.42269000771999804,0.3978004399025,0.36394660536000073,0.3281873758425003,0.29566911960749864,0.2656341877624997,0.23810051440999935,0.21294090090999995,0.1869589482249996,0.16029823389000003,0.1372636001125002,0.11524451888500016,0.09494208318749975
-1.0,20.0,3.0,1.0,0.9643418507275032,0.9260055637950022,0.8679905046175034,0.815711184257504,0.7565879253025014,0.6994538333425002,0.6376233204250008,0.5816948082674988,0.5342003540599984,0.48917559166999935,0.46816995214750184,0.4440698313150008,0.4180155978949982,0.3936153259600001,0.3600980771525005,0.32452762897250037,0.2917707136549987,0.26247712523749955,0.23488899997249932,0.20960156886999978,0.18377242249249956,0.15736591046500017,0.1342708356375002,0.11218969719250026,0.09193465916999977
-1.0,20.0,3.5,1.0,0.964343321945003,0.925906105492502,0.8678950867650022,0.8156071378850034,0.7562948847700008,0.6989924839924997,0.6372486072450002,0.5815443123324991,0.5349184032724987,0.48883216343999936,0.46887618565250166,0.4440747903550003,0.4169249950949985,0.39380459389000017,0.3593831362300008,0.32369835288250043,0.29124793685249883,0.26188610174499943,0.23425681017749966,0.20917478339499998,0.18349264882499955,0.15734774551750036,0.13397979103750024,0.11216366101750026,0.0914329338149998
-1.0,20.0,4.0,1.0,0.964216785285003,0.9255340868200019,0.8675418380400022,0.8149764457700034,0.7553409201975008,0.6980858735999996,0.6362580694375002,0.5808467176674992,0.5346771584224987,0.48883216343999936,0.4686300941200017,0.4432715688950003,0.4158350544899985,0.3927846335900002,0.3580713304550007,0.3222809081900005,0.28902316982749904,0.26005947377249955,0.23250685422999953,0.20679071407500005,0.18150102377999958,0.1561861256100004,0.13326861770500026,0.11175444998750027,0.09088870816999985
-1.0,20.0,4.5,1.0,0.9632307070025015,0.9234719735925025,0.8638492457125022,0.8098708066200035,0.7475678881525002,0.6879778523325,0.6247668436800001,0.5676269075799978,0.5228972208924987,0.47687650830499984,0.45601838639000164,0.42994149935250014,0.40308927654999877,0.3794538944425001,0.3464604726525002,0.3121199037800004,0.28036731384749947,0.25211023651250003,0.2260651702574992,0.20080574359749992,0.1747441589324999,0.1500649366525,0.12818205244250025,0.10708831047000018,0.08686081380000006
-1.0,20.0,5.0,1.0,0.9632307070025015,0.9234719735925025,0.8638492457125022,0.8098708066200035,0.7475678881525002,0.6879778523325,0.6247668436800001,0.5676269075799978,0.5227408022449986,0.47670338199999984,0.4558547630850016,0.4297898537775001,0.40308927654999877,0.3794538944425001,0.3464604726525002,0.31218752182000037,0.28036731384749947,0.25211023651250003,0.2260651702574992,0.20080574359749992,0.1747441589324999,0.1500649366525,0.12818205244250025,0.10708831047000018,0.08686081380000006
-1.0,22.5,0.0,1.0,0.9631907901275,0.924254466577501,0.8654490879425012,0.8134085249575028,0.7538816098850005,0.6964561640400007,0.636635949837499,0.5816458920674993,0.5336575415424999,0.4884831030199994,0.4688972227700009,0.44562794076250084,0.4186862609324982,0.39447714001249956,0.3602852256925005,0.3244228227124999,0.2948726455874988,0.2650465169624998,0.23887434495749912,0.21406961132000024,0.18831109646250005,0.16293678637249973,0.1418017750525005,0.12033037419500005,0.10066426588499967
-1.0,22.5,0.5,1.0,0.9631907901275,0.924254466577501,0.8654490879425012,0.8134085249575028,0.7538816098850005,0.6964561640400007,0.636635949837499,0.5816458920674993,0.5336575415424999,0.4884831030199994,0.4688972227700009,0.44562794076250084,0.4186862609324982,0.39447714001249956,0.3602852256925005,0.3244228227124999,0.2948726455874988,0.2650465169624998,0.23887434495749912,0.21406961132000024,0.18831109646250005,0.16293678637249973,0.1418017750525005,0.12033037419500005,0.10066426588499967
-1.0,22.5,1.0,1.0,0.9632856596075,0.9244666631425011,0.8663528165525011,0.8144468572450029,0.7554173231825007,0.6984734045450007,0.6385113806249993,0.5841120978774993,0.53530454239,0.4906966453549995,0.4706811011550013,0.4478696088075007,0.42107098768999807,0.3972261544149992,0.36220139014250047,0.32609026939499985,0.2955698314249988,0.2657538087749998,0.23924648354499908,0.21415153537000026,0.18845187045750006,0.16296872469249976,0.14195958869750044,0.12103175174250001,0.10144147325749969
-1.0,22.5,1.5,1.0,0.9635804749625008,0.9248511969575012,0.8669901180150016,0.8153871163375029,0.7565847479175009,0.6992239931300008,0.6391140038874997,0.584472409172499,0.5356082711025001,0.4903385275799994,0.47016337046250145,0.44794761855750076,0.4212390269474981,0.39788375461499925,0.3620637179950005,0.3260477225974999,0.29502646044249886,0.26497421818999994,0.23802652802499924,0.21216930232500023,0.18639983344749977,0.1599861243124998,0.13759918415250025,0.11659423654500001,0.09621554966749973
-1.0,22.5,2.0,1.0,0.963650870262501,0.9248554729800011,0.8664947873125018,0.8145303753525028,0.7554801437050012,0.6979174266025009,0.6370283120275001,0.5819262926099986,0.5322284417800001,0.4872400506599991,0.46686674908000136,0.4449891019050007,0.41840552347999815,0.3945581747299995,0.35974111621000077,0.32454169936749994,0.29390870663749885,0.2637524873324997,0.23719986876249932,0.2115098602975002,0.18610136388249962,0.15974459631499996,0.1367302337325002,0.115814316015,0.09559138802749975
-1.0,22.5,2.5,1.0,0.9633977788550014,0.9240759122625013,0.865817556165002,0.8136947484925033,0.7546205798950012,0.697101172322501,0.6361324403425,0.5804361732524985,0.53149165083,0.486453804767499,0.4663272199425012,0.4441564217375009,0.41714773984499814,0.39311765400249954,0.35900707227750084,0.32396467886499986,0.29267173414999875,0.2626235443949996,0.23591729180999932,0.21113163218500014,0.18607625712999962,0.15952437063749997,0.1366122248500002,0.11496171970750005,0.09498113846249975
-1.0,22.5,3.0,1.0,0.9632657610775016,0.9238275920025018,0.8647907911175036,0.8112636683100041,0.7510666925525014,0.6932767490675001,0.6312934166749997,0.5751121696149982,0.527283049794999,0.48204883097249956,0.46077083292500115,0.4375266437575004,0.41176309843999853,0.38806072289,0.354065887390001,0.3191704115549999,0.2878021166849991,0.2583514961049994,0.23158789087999931,0.20701641162249984,0.1824157114324996,0.15613175920000008,0.1332978736550002,0.11148253227250011,0.09163569878499979
-1.0,22.5,3.5,1.0,0.9632518869925013,0.9237281337000016,0.8646953732650023,0.8111060109700035,0.7507106410325006,0.6927455161949997,0.6307663508199992,0.5747959284049986,0.5278238391724992,0.4816457751599995,0.4612128400125009,0.4372036414574999,0.41036288705249874,0.38802546901750007,0.3532232390825012,0.3181854621024999,0.28706263008499927,0.25751443304999927,0.23068738140999964,0.2064530218575,0.18198070282999956,0.15600107505500024,0.13295586285000024,0.11141871067000012,0.09110852304999982
-1.0,22.5,4.0,1.0,0.9631253503325012,0.9233561150275017,0.8643421245400024,0.8104753188550035,0.7497566764600008,0.6918389058024995,0.6297758130124992,0.5740983337399986,0.5275825943224992,0.4816457751599995,0.4609667484800009,0.4364004199974999,0.40927294644749873,0.3870055087175001,0.35191143330750113,0.31676801741,0.2848378630599994,0.2556878050774994,0.22893742546249957,0.20406895253750004,0.1799890777849996,0.1548394551475003,0.1322446895175003,0.11100949964000012,0.09056429740499984
-1.0,22.5,4.5,1.0,0.9621392720499997,0.9212940018000022,0.8606092647125024,0.8054102574350036,0.742089491785,0.6817234993649995,0.6182888818524993,0.5607377966524971,0.515802964037499,0.46957096827250006,0.448445826187501,0.42318501247749984,0.396687272287499,0.3736637822550001,0.34042001377250075,0.30661389196499994,0.2761784432199999,0.24775723943249986,0.22253352134249912,0.1981186860699999,0.17357024703999993,0.14922996326250001,0.12756820627000023,0.10648880761750017,0.08653451417500006
-1.0,22.5,5.0,1.0,0.9621392720499997,0.9212940018000022,0.8606092647125024,0.8054102574350036,0.742089491785,0.6817234993649995,0.6182888818524993,0.5607377966524971,0.515646545389999,0.46939784196750006,0.44828220288250104,0.4230333669024999,0.396687272287499,0.3736637822550001,0.34042001377250075,0.30668151000499994,0.2761784432199999,0.24775723943249986,0.22253352134249912,0.1981186860699999,0.17357024703999993,0.14922996326250001,0.12756820627000023,0.10648880761750017,0.08653451417500006
-1.0,25.0,0.0,1.0,0.960530177292496,0.9189160845074998,0.8578648637024964,0.8037185150250014,0.74368369495,0.6830046125700002,0.6197806408399982,0.5616950080000002,0.5125821708150012,0.46585359156999906,0.44874912202750034,0.42866898032250134,0.4038339499449976,0.38238927627749847,0.35094716943499926,0.3174725542249996,0.2896664725224988,0.2612301338199998,0.236507318724999,0.21311958717500004,0.1881185652300004,0.16361326540249937,0.1422328676975006,0.12057288126000008,0.10066947315749966
-1.0,25.0,0.5,1.0,0.960530177292496,0.9189160845074998,0.8578648637024964,0.8037185150250014,0.74368369495,0.6830046125700002,0.6197806408399982,0.5616950080000002,0.5125821708150012,0.46585359156999906,0.44874912202750034,0.42866898032250134,0.4038339499449976,0.38238927627749847,0.35094716943499926,0.3174725542249996,0.2896664725224988,0.2612301338199998,0.236507318724999,0.21311958717500004,0.1881185652300004,0.16361326540249937,0.1422328676975006,0.12057288126000008,0.10066947315749966
-1.0,25.0,1.0,1.0,0.9606099983924961,0.9191159581149999,0.8587685923124964,0.8047568473125013,0.7452194082475002,0.6848124007100002,0.6212013734349984,0.5635171944675003,0.5135926338875013,0.4672069720549991,0.4501034446950004,0.43047584155500124,0.4057830264974974,0.3847059529624982,0.3526545243174992,0.31913268904499953,0.29036365835999883,0.2619374256324998,0.23687945731249896,0.21320151122500003,0.18825933922500038,0.1636452037224994,0.14239068134250055,0.12127425880750003,0.1014344672099997
-1.0,25.0,1.5,1.0,0.9609370712924968,0.91954070811,0.859380229657497,0.8058194879850014,0.7465320440700005,0.6857811145475003,0.6221020413849988,0.5642234235,0.5144180202800014,0.46740682395499905,0.45013266814250036,0.4310709433800013,0.40622420564749745,0.3854710516824983,0.3527210790849993,0.3191469584099995,0.2899692651749988,0.2612930653924999,0.23578227513499914,0.21133059333750004,0.18620730221500012,0.16063164214499948,0.13785432272250034,0.11660537250750001,0.09596007223499975
-1.0,25.0,2.0,1.0,0.9610074665924969,0.9196061568674999,0.8589780782349972,0.8048257992200014,0.7452034304300004,0.6848302408225005,0.620733859147499,0.5631084951099997,0.5129863559725014,0.46641978542499907,0.4483922159125004,0.42950935033000115,0.4044080316074976,0.38274683449999847,0.35076024978999953,0.3174889834899996,0.2886655797274989,0.25989687689749963,0.23492212249999928,0.21058950494500003,0.18588411802999996,0.16037002503749967,0.13696909871500035,0.11580009050750002,0.09519077165749977
-1.0,25.0,2.5,1.0,0.9607583461624972,0.9187950665500001,0.8583021945324972,0.8039887689000017,0.7443915543625005,0.6843211943150004,0.6200124646424992,0.5620672292549996,0.5120339021800013,0.4652153992724989,0.44747710364750043,0.42850731429750133,0.4034282536999976,0.3816329184524986,0.3500262058574996,0.3169119629874996,0.2874797716899988,0.25889544622249955,0.23375705591749923,0.21015862280749997,0.18585901127749996,0.16008787696499968,0.13678642693000032,0.11492103404000006,0.09457528507499977
-1.0,25.0,3.0,1.0,0.9605375196624972,0.9179732291875011,0.8559652583400001,0.7995138454275031,0.7381485643300002,0.6775045829024984,0.6121044258774979,0.5540389682649988,0.5051331793049996,0.4581960176025,0.4392877789150002,0.4185036120474998,0.3944372684299987,0.37275379955,0.3413176677825003,0.3083955897024996,0.2796669889249998,0.2516692499424993,0.22679621986749912,0.2043152977799994,0.18098194441499985,0.15614772194749973,0.1330170903175004,0.11094745793000009,0.09094706178999985
-1.0,25.0,3.5,1.0,0.9605236136674971,0.9177731264025012,0.8558300701824999,0.799431669115003,0.7379372292825002,0.6772843724949981,0.6118242602624977,0.5534433602949989,0.5052033343274998,0.45761894645750006,0.4395088891224999,0.4180121203949996,0.39303559166749885,0.3723468596550001,0.3404894403300003,0.3074261234349996,0.2789627848624999,0.2509590377749992,0.2259138073399993,0.20376916567249953,0.1805228954824999,0.1557710956649998,0.13240543695250043,0.11054124788750007,0.09000731124749989
-1.0,25.0,4.0,1.0,0.9603846673274969,0.9173526461200012,0.8554930995199999,0.798824207622503,0.7368785845350003,0.676274954524998,0.6107690080649976,0.5527457656299988,0.5049620894774998,0.45761894645750006,0.43926279759,0.4171395011774996,0.3918812085274988,0.37126681875250006,0.3391230659125003,0.3059599315499996,0.2766947367000001,0.24909416315999933,0.22413035801999923,0.2013561040124996,0.17850655581749986,0.15456929753749984,0.13167799003250047,0.11010667538750007,0.0894165281274999
-1.0,25.0,4.5,1.0,0.9595111324499959,0.9154144122275014,0.85177334163,0.7936843769300026,0.7289751731699999,0.6660517864074975,0.600481085934997,0.5411150538249977,0.49408883715999985,0.44682143336250063,0.4276531916024999,0.40449109696499946,0.3797586616899993,0.3581105085700005,0.3270013306750002,0.2948886573449997,0.267283871522501,0.24066845252999958,0.21750313344999878,0.19494403136499944,0.17122763221749993,0.14762913100749972,0.12583104705250048,0.10489789138000008,0.08496753670000004
-1.0,25.0,5.0,1.0,0.9595111324499959,0.9154144122275014,0.85177334163,0.7936843769300026,0.7289751731699999,0.6660517864074975,0.600481085934997,0.5411150538249977,0.4939324185124998,0.44664830705750064,0.42748956829749984,0.40433945138999944,0.3797586616899993,0.3581105085700005,0.3270013306750002,0.2949794030549997,0.267283871522501,0.24066845252999958,0.21750313344999878,0.19494403136499944,0.17122763221749993,0.14762913100749972,0.12583104705250048,0.10489789138000008,0.08496753670000004
-0.5,0.0,0.0,1.0,0.9869486529574967,0.972002828974998,0.9382035855499964,0.908388875040001,0.8711526379724995,0.8344202906849982,0.7894673736674992,0.7494591389900009,0.7197879150500012,0.6904408341624998,0.6608683104224989,0.6251661665775002,0.5905789316550024,0.5514425090175015,0.5067204553550017,0.45772001353750136,0.4117322246725004,0.3700252873549988,0.3325778716374985,0.2972667962675006,0.2622065196424994,0.22327064478000003,0.1917406764975009,0.1619737901749998,0.1346717969900005
-0.5,0.0,0.5,1.0,0.9869486529574967,0.972002828974998,0.9382035855499964,0.908388875040001,0.8711526379724995,0.8344202906849982,0.7894673736674992,0.7494591389900009,0.7197879150500012,0.6904408341624998,0.6608683104224989,0.6251661665775002,0.5905789316550024,0.5514425090175015,0.5067204553550017,0.45772001353750136,0.4117322246725004,0.3700252873549988,0.3325778716374985,0.2972667962675006,0.2622065196424994,0.22327064478000003,0.1917406764975009,0.1619737901749998,0.1346717969900005
-0.5,0.0,1.0,1.0,0.9871214104874961,0.9721284060574981,0.9383178079499966,0.908074603922501,0.870518397305,0.8340470357574986,0.7883560836324992,0.748385895102501,0.7180518864175012,0.6886830888449998,0.6592184199899991,0.623028900455,0.5889475688375023,0.5499018733825014,0.5048428441925014,0.4558552378300014,0.4099144501200003,0.3688561382874988,0.33198007591999856,0.29664559113250044,0.2619490301174996,0.22288978816000019,0.19192990913750074,0.1622675757149998,0.13486323208250042
-0.5,0.0,1.5,1.0,0.9866430778299968,0.9713880416374979,0.9374336357649969,0.9070078474550013,0.8687716001050005,0.831743863162499,0.7860473024774994,0.7451648757300007,0.7145889874000017,0.6853748804074996,0.6557036047024993,0.6204581967675002,0.5870827256100023,0.5482486991475013,0.5026932635125013,0.45350930620500157,0.4077965118175001,0.36658324947499876,0.3285640450574985,0.29338034344750025,0.2590093348024995,0.22010977682750038,0.18849297307500057,0.159338689515,0.13140482801000034
-0.5,0.0,2.0,1.0,0.9871647136024975,0.9722540551149977,0.9386259586074972,0.9082955838575018,0.8699508528325007,0.8330347420549993,0.7876248689975001,0.7457369281900008,0.7131015660200017,0.6834886940474999,0.6530737057349998,0.6181298130199998,0.5849341161825025,0.5468729098300014,0.5013234893325008,0.4522783593675013,0.4063160881624998,0.36534061764249925,0.32848140918749885,0.2927533702200001,0.2585883141499995,0.22002837860000027,0.1880282546250005,0.15891681973000013,0.13104348884000028
-0.5,0.0,2.5,1.0,0.9876349303199983,0.9729859033299975,0.9395280538299976,0.909373419267502,0.8708523168575008,0.8336092514599989,0.7885537937975,0.746024752072501,0.7130922546075016,0.6848668619600001,0.6531395270275,0.6181462008474997,0.5846815054275026,0.5474403502600016,0.5020857749025007,0.4532764249075012,0.40686886471499983,0.3659759013599993,0.3296719474649992,0.29409043254999984,0.2599040841799995,0.22105809438500013,0.1886448356050006,0.15884336486750036,0.1308209829300002
-0.5,0.0,3.0,1.0,0.9875906890974983,0.9726205286074968,0.9387239292375003,0.9075135627100016,0.8676160008775016,0.8287862482299979,0.7830145121825011,0.7390601120900036,0.7058290574975,0.6767750870950002,0.645041850622501,0.6103202985299991,0.5766607918475024,0.5396332081500007,0.4950503656800005,0.446978177007501,0.40029221052999986,0.35914363173999997,0.3231548890199992,0.28728792732999964,0.2531741151624993,0.21510936802249966,0.1826805566650007,0.1528820644525005,0.1245550070575001
-0.5,0.0,3.5,1.0,0.9874751957474985,0.9725849691574969,0.9384269780325003,0.9072982259875013,0.8672683701675011,0.8282149839774979,0.7824936602425009,0.7386076327125037,0.7058628606299999,0.6760257581350004,0.6452029294525012,0.6096191997349991,0.5760927223725026,0.5392606321500009,0.4937065301400007,0.4455513893950009,0.39950029495250006,0.35853428512249996,0.32186830797999905,0.28549208359749983,0.2515035515599992,0.2135092536599997,0.18111489220000065,0.15160404803750052,0.1233590359150001
-0.5,0.0,4.0,1.0,0.9873832610324985,0.9723768222374969,0.9383379065750003,0.9072351334850012,0.8668997979900009,0.827787090037498,0.7822090202600009,0.7385519115475038,0.7054119614849997,0.6752916088950005,0.6447148572225011,0.6089423790849992,0.5755374707925026,0.5388063667000009,0.4932456418250007,0.44511344432500083,0.39913956572500003,0.35769330020749995,0.32097338637499895,0.28433713352749984,0.2504493878849992,0.21209778509499966,0.1798324226150007,0.1508077568150005,0.12266147183250009
-0.5,0.0,4.5,1.0,0.9873603986574977,0.9723267935524964,0.9379763704025005,0.9069433038375015,0.8661852158925007,0.8269957445224979,0.7815389191650007,0.7387678901100042,0.7067057053074995,0.6752557785000002,0.6450214615125011,0.609165820057499,0.5742245885900022,0.5378279639250002,0.4916977582375013,0.4434699322975009,0.3989374653125,0.35700070111750004,0.3199979520999991,0.2832535835724995,0.24845843733499923,0.21097200920999948,0.17895092397250084,0.1499721587275004,0.12130264075750034
-0.5,0.0,5.0,1.0,0.9872817707099978,0.9721655214299963,0.9377344161375005,0.9066208500725016,0.8657881476725008,0.8265284957799979,0.7810126040450007,0.7385719356100041,0.7064815455074996,0.6752557785000002,0.6449822209925011,0.609132142884999,0.5741966629950023,0.5378050764650003,0.4916791123600013,0.4432064295950009,0.3986967159125001,0.356640889035,0.31966323456999907,0.28294172908499954,0.24802382852499924,0.21070841987249944,0.17870883206250085,0.14974936111250037,0.12119173012000034
-0.5,2.5,0.0,1.0,0.9869486529574967,0.972002828974998,0.9382035855499964,0.908388875040001,0.8711526379724995,0.8344202906849982,0.7894673736674992,0.7494591389900009,0.7197879150500012,0.6904408341624998,0.6608683104224989,0.6251661665775002,0.5905789316550024,0.5514425090175015,0.5067204553550017,0.45772001353750136,0.4117322246725004,0.3700252873549988,0.3325778716374985,0.2972667962675006,0.2622065196424994,0.22327064478000003,0.1917406764975009,0.1619737901749998,0.1346717969900005
-0.5,2.5,0.5,1.0,0.9869486529574967,0.972002828974998,0.9382035855499964,0.908388875040001,0.8711526379724995,0.8344202906849982,0.7894673736674992,0.7494591389900009,0.7197879150500012,0.6904408341624998,0.6608683104224989,0.6251661665775002,0.5905789316550024,0.5514425090175015,0.5067204553550017,0.45772001353750136,0.4117322246725004,0.3700252873549988,0.3325778716374985,0.2972667962675006,0.2622065196424994,0.22327064478000003,0.1917406764975009,0.1619737901749998,0.1346717969900005
-0.5,2.5,1.0,1.0,0.9871214104874961,0.9721284060574981,0.9383178079499966,0.908074603922501,0.870518397305,0.8340470357574986,0.7883560836324992,0.748385895102501,0.7180518864175012,0.6886830888449998,0.6592184199899991,0.623028900455,0.5889475688375023,0.5499018733825014,0.5048428441925014,0.4558552378300014,0.4099144501200003,0.3688561382874988,0.33198007591999856,0.29664559113250044,0.2619490301174996,0.22288978816000019,0.19192990913750074,0.1622675757149998,0.13486323208250042
-0.5,2.5,1.5,1.0,0.9866430778299968,0.9713880416374979,0.9374336357649969,0.9070078474550013,0.8687716001050005,0.831743863162499,0.7860473024774994,0.7451648757300007,0.7145889874000017,0.6853748804074996,0.6557036047024993,0.6204581967675002,0.5870827256100023,0.5482486991475013,0.5026932635125013,0.45350930620500157,0.4077965118175001,0.36658324947499876,0.3285640450574985,0.29338034344750025,0.2590093348024995,0.22010977682750038,0.18849297307500057,0.159338689515,0.13140482801000034
-0.5,2.5,2.0,1.0,0.9871647136024975,0.9722540551149977,0.9386259586074972,0.9082955838575018,0.8699508528325007,0.8330347420549993,0.7876248689975001,0.7457369281900008,0.7131015660200017,0.6834886940474999,0.6530737057349998,0.6181298130199998,0.5849341161825025,0.5468729098300014,0.5013234893325008,0.4522783593675013,0.4063160881624998,0.36534061764249925,0.32848140918749885,0.2927533702200001,0.2585883141499995,0.22002837860000027,0.1880282546250005,0.15891681973000013,0.13104348884000028
-0.5,2.5,2.5,1.0,0.9876349303199983,0.9729859033299975,0.9395280538299976,0.909373419267502,0.8708523168575008,0.8336092514599989,0.7885537937975,0.746024752072501,0.7130922546075016,0.6848668619600001,0.6531395270275,0.6181462008474997,0.5846815054275026,0.5474403502600016,0.5020857749025007,0.4532764249075012,0.40686886471499983,0.3659759013599993,0.3296719474649992,0.29409043254999984,0.2599040841799995,0.22105809438500013,0.1886448356050006,0.15884336486750036,0.1308209829300002
-0.5,2.5,3.0,1.0,0.9875906890974983,0.9726205286074968,0.9387239292375003,0.9075135627100016,0.8676160008775016,0.8287862482299979,0.7830145121825011,0.7390601120900036,0.7058290574975,0.6767750870950002,0.645041850622501,0.6103202985299991,0.5766607918475024,0.5396332081500007,0.4950503656800005,0.446978177007501,0.40029221052999986,0.35914363173999997,0.3231548890199992,0.28728792732999964,0.2531741151624993,0.21510936802249966,0.1826805566650007,0.1528820644525005,0.1245550070575001
-0.5,2.5,3.5,1.0,0.9874751957474985,0.9725849691574969,0.9384269780325003,0.9072982259875013,0.8672683701675011,0.8282149839774979,0.7824936602425009,0.7386076327125037,0.7058628606299999,0.6760257581350004,0.6452029294525012,0.6096191997349991,0.5760927223725026,0.5392606321500009,0.4937065301400007,0.4455513893950009,0.39950029495250006,0.35853428512249996,0.32186830797999905,0.28549208359749983,0.2515035515599992,0.2135092536599997,0.18111489220000065,0.15160404803750052,0.1233590359150001
-0.5,2.5,4.0,1.0,0.9873832610324985,0.9723768222374969,0.9383379065750003,0.9072351334850012,0.8668997979900009,0.827787090037498,0.7822090202600009,0.7385519115475038,0.7054119614849997,0.6752916088950005,0.6447148572225011,0.6089423790849992,0.5755374707925026,0.5388063667000009,0.4932456418250007,0.44511344432500083,0.39913956572500003,0.35769330020749995,0.32097338637499895,0.28433713352749984,0.2504493878849992,0.21209778509499966,0.1798324226150007,0.1508077568150005,0.12266147183250009
-0.5,2.5,4.5,1.0,0.9873603986574977,0.9723267935524964,0.9379763704025005,0.9069433038375015,0.8661852158925007,0.8269957445224979,0.7815389191650007,0.7387678901100042,0.7067057053074995,0.6752557785000002,0.6450214615125011,0.609165820057499,0.5742245885900022,0.5378279639250002,0.4916977582375013,0.4434699322975009,0.3989374653125,0.35700070111750004,0.3199979520999991,0.2832535835724995,0.24845843733499923,0.21097200920999948,0.17895092397250084,0.1499721587275004,0.12130264075750034
-0.5,2.5,5.0,1.0,0.9872817707099978,0.9721655214299963,0.9377344161375005,0.9066208500725016,0.8657881476725008,0.8265284957799979,0.7810126040450007,0.7385719356100041,0.7064815455074996,0.6752557785000002,0.6449822209925011,0.609132142884999,0.5741966629950023,0.5378050764650003,0.4916791123600013,0.4432064295950009,0.3986967159125001,0.356640889035,0.31966323456999907,0.28294172908499954,0.24802382852499924,0.21070841987249944,0.17870883206250085,0.14974936111250037,0.12119173012000034
-0.5,5.0,0.0,1.0,0.9824585958899972,0.9634927911474979,0.924242801972497,0.8898773902225002,0.8484106193100007,0.8068342950974963,0.7586002971549984,0.7145602966775043,0.6835350185074988,0.6493527636550014,0.6244327172099972,0.5903684402325018,0.5532742655125023,0.5196178680925009,0.4766350797850016,0.42988183308000133,0.38744008129249996,0.3464005028049997,0.310156193742498,0.27655610328000085,0.24240133493499916,0.20648850301749927,0.17738935944000103,0.14880699211249943,0.12299732432750023
-0.5,5.0,0.5,1.0,0.9824585958899972,0.9634927911474979,0.924242801972497,0.8898773902225002,0.8484106193100007,0.8068342950974963,0.7586002971549984,0.7145602966775043,0.6835350185074988,0.6493527636550014,0.6244327172099972,0.5903684402325018,0.5532742655125023,0.5196178680925009,0.4766350797850016,0.42988183308000133,0.38744008129249996,0.3464005028049997,0.310156193742498,0.27655610328000085,0.24240133493499916,0.20648850301749927,0.17738935944000103,0.14880699211249943,0.12299732432750023
-0.5,5.0,1.0,1.0,0.9827667093424965,0.9637845188149978,0.9245802205449972,0.88975814199,0.8478077823100013,0.8064781614199973,0.7566195819349985,0.7116272643975041,0.6798643817974991,0.6453727248700016,0.6201696202974977,0.5861764639600013,0.5492346344350014,0.515883692397501,0.4731516139925011,0.42763084789750133,0.38562193061999983,0.3452748122149998,0.309962550199998,0.27623257473750074,0.24237566797999943,0.20676893887499959,0.17815945902750074,0.1502639852424995,0.12422469805000019
-0.5,5.0,1.5,1.0,0.9822757622099972,0.9630429617149978,0.9236876929074974,0.8886717488050003,0.8460280177325017,0.8039772090474979,0.7540780598549987,0.7079294431575036,0.6758814011074993,0.6412991521625014,0.616113212219998,0.5833694796700015,0.5471601559725014,0.5137612290550008,0.47059996261000114,0.42488776685000146,0.3827287531074996,0.3426134754349998,0.306078594727498,0.2727538423750005,0.23923600187249935,0.20382763873999973,0.17453889225250055,0.1470216778699997,0.12041822124250004
-0.5,5.0,2.0,1.0,0.9824647750249976,0.9634796728099976,0.924215693544998,0.8888826932175009,0.8461427381575024,0.8035068874099984,0.7536443650424988,0.7070326576925029,0.6734377415849997,0.638460495802502,0.611984911954999,0.579614605095001,0.5436638383775014,0.511394873607501,0.4682791366225003,0.42279594929500147,0.3806003532524994,0.34107445907249984,0.3052704533424984,0.27167060328250037,0.23856721109249943,0.20368675410249978,0.17410404069750046,0.1466858670524999,0.12016536982499992
-0.5,5.0,2.5,1.0,0.9831440108649997,0.9644858804274974,0.9255694738199984,0.890503199620002,0.847697786300003,0.8049980612324977,0.755904687124999,0.7088305539850022,0.6746404427475001,0.640471852987502,0.6130646189599994,0.5817652173375008,0.546083439327502,0.5136490155575018,0.47043726448750006,0.4245365495025013,0.3819808035824995,0.34258904904,0.30726147144999916,0.2742463302674999,0.2404247936999994,0.2047371158149996,0.17423627494000052,0.1460982390800002,0.11945637717249984
-0.5,5.0,3.0,1.0,0.9830155682599997,0.9643280443324972,0.9253785559999987,0.8902287174600017,0.8468060985575027,0.8036283650749977,0.7543062790274995,0.7062974257475024,0.6726250974299995,0.638409803500002,0.6107247487299999,0.5793304862100007,0.5432211861875018,0.5109453409800018,0.46792776751999987,0.42258537424500126,0.3800515666824995,0.34075122425249993,0.3054149637824991,0.2724192832224999,0.23864099643749948,0.20276490573499956,0.17221301082500054,0.14395040188750027,0.11677980837999978
-0.5,5.0,3.5,1.0,0.98294200631,0.9644051871749975,0.9251239101524986,0.8901078697250013,0.8466304174950021,0.8033531072524975,0.7541327926549992,0.7063226620850027,0.6728579963674994,0.6375654089350022,0.6107322279475,0.5789339370100007,0.5430180925575019,0.5107336360750019,0.46647136299250014,0.42110215350750124,0.37923072751499975,0.34061757743749976,0.30467089704749906,0.2712123551850001,0.2373550388624994,0.20158138315499965,0.17078205765000057,0.1427645054775003,0.11553472143499981
-0.5,5.0,4.0,1.0,0.982840177215,0.9641650944999972,0.9249889198824985,0.8899863035850011,0.8462618453175019,0.8028478588149975,0.7537645020799992,0.7061879407350027,0.6723271081674993,0.6369568046375024,0.6102441557175,0.5781691361325008,0.5423725839950019,0.510188667140002,0.4660104746775001,0.4204570306625012,0.37875816673999974,0.33967265800999974,0.30377597544249907,0.27005740511500015,0.23630087518749943,0.20016991458999964,0.16949958806500057,0.1419549841750003,0.11483192033499984
-0.5,5.0,4.5,1.0,0.9826697825249993,0.9639339526124969,0.9242800000249989,0.8894719664000016,0.8452132428000015,0.8007411928924975,0.7529119229249992,0.7062018526375029,0.6741684295999992,0.6377597962300017,0.6116438160549996,0.5784064602900005,0.5415823339700018,0.5097880326275013,0.46528167133750076,0.41913965045250096,0.37829595021249973,0.3390211257625001,0.30243240081499917,0.2691646738174998,0.23467857998499952,0.19891640438999944,0.16859853703250072,0.14070473803750017,0.1128812838200001
-0.5,5.0,5.0,1.0,0.9826100770674993,0.963813260512497,0.9241014069799988,0.8892370515250014,0.8449275021425017,0.8004085243274974,0.7525409613699992,0.7061773547375029,0.6741340328174994,0.6377597962300017,0.6116045755349996,0.5783727831175005,0.5415544083750017,0.5097651451675013,0.46526302546000076,0.4188761477500009,0.3780552008124997,0.3387993402675001,0.3022277326249992,0.26897584183499984,0.23452437491999947,0.1987603484099994,0.16845700543250072,0.14057574698750017,0.11277037318250009
-0.5,7.5,0.0,1.0,0.9818243882749972,0.9623781603949979,0.9222334815549974,0.8872791433075001,0.8451744134875008,0.8035636025374963,0.7552052570999984,0.7110637951025044,0.6795276052924986,0.6452780567875016,0.6203710949699971,0.586418998162502,0.5498610704350021,0.5155599461200009,0.4725399196125015,0.42625869668750127,0.3837218183024998,0.3431487871849999,0.307317484059998,0.27393387979000094,0.24012622042999918,0.2047378182399993,0.17569543287000106,0.1476119430349994,0.12202856535250024
-0.5,7.5,0.5,1.0,0.9818243882749972,0.9623781603949979,0.9222334815549974,0.8872791433075001,0.8451744134875008,0.8035636025374963,0.7552052570999984,0.7110637951025044,0.6795276052924986,0.6452780567875016,0.6203710949699971,0.586418998162502,0.5498610704350021,0.5155599461200009,0.4725399196125015,0.42625869668750127,0.3837218183024998,0.3431487871849999,0.307317484059998,0.27393387979000094,0.24012622042999918,0.2047378182399993,0.17569543287000106,0.1476119430349994,0.12202856535250024
-0.5,7.5,1.0,1.0,0.9821325017274964,0.9626698880624979,0.9225570914649975,0.8871452152674998,0.8447555776700013,0.8030442912299973,0.7531135777849984,0.7081905222650043,0.6759237419499988,0.6413201060600019,0.6164253433349975,0.5822971760950015,0.5457364573225013,0.5119786486500009,0.4691876510925011,0.42381811278500137,0.38195032103999965,0.34202309659499996,0.306902660959998,0.2735556258700008,0.23991220520499948,0.2049307105199996,0.17641046457750073,0.1490441901624995,0.12325822464500018
-0.5,7.5,1.5,1.0,0.9816998180249972,0.9620391891099977,0.9218567207324976,0.8862432250375002,0.8431858157150016,0.8007745640474978,0.7507789753624988,0.7047147760325035,0.6721395580924991,0.6374327308825015,0.612559013542498,0.5795183185150016,0.5437122813425013,0.5100934135225007,0.4666804104425011,0.4212261881975015,0.37932375835749943,0.3395949575199999,0.303119339812498,0.2701698959075005,0.23687750942249935,0.20195496664249976,0.17270467087750052,0.14565160198999968,0.11922419790750002
-0.5,7.5,2.0,1.0,0.9818888308399977,0.9624717798149974,0.9223730874499982,0.8864322504675007,0.8429616895825024,0.8002176277974984,0.7500170966524987,0.703351944327503,0.6692164570799994,0.634111139552502,0.6076947851599991,0.5752711966150011,0.5399718547575013,0.507306953245001,0.46396187853750037,0.4190336089675014,0.37709193956249926,0.337947211035,0.3023339755024984,0.2690981983250004,0.2362290372349994,0.2017939049649998,0.17223179695250043,0.14526128549749986,0.11890171700999992
-0.5,7.5,2.5,1.0,0.9825680666799996,0.9634144998224973,0.9237268677249988,0.8881035926900018,0.8446316888200032,0.8017700764999978,0.7523408020024991,0.7050287383000021,0.6705805596525,0.6363241659475021,0.6089354563624992,0.5775347127675009,0.5424499579500018,0.5096206561200017,0.4661780536250001,0.42083089008750135,0.37857525269249925,0.33951850467,0.30433710657499913,0.27176302512999995,0.2381056972749994,0.20286714012749957,0.17239303194000047,0.14470086187250014,0.11819272435749979
-0.5,7.5,3.0,1.0,0.9824396240749996,0.9632953826874973,0.9236475570649987,0.8880305532325017,0.8440467297775028,0.8007591363024977,0.7510764423624994,0.7028863435800023,0.6688159039324995,0.634670052175002,0.6069537021399998,0.5755491246225009,0.5401817241275017,0.5076900363975018,0.4644092076424999,0.4195772744375013,0.37705082409999946,0.3380956753599999,0.3029231049174991,0.27056815262749995,0.2369023126374995,0.20137225440999956,0.1709339254000005,0.14292273297000024,0.11587886257499978
-0.5,7.5,3.5,1.0,0.9823688306849999,0.9633496011474976,0.9233540191174986,0.8878474727525013,0.8437839173625021,0.8004483518099975,0.7509468420799993,0.7027041946900028,0.6689870757399993,0.6336807566625022,0.606828221675,0.5751085407425011,0.5399548087300018,0.5074630082275019,0.4630551257600001,0.41808969271250135,0.3762412654624998,0.3379947500124998,0.30232561719249906,0.26944809866250025,0.2357186182074994,0.2002355488274997,0.1695136170100005,0.14176215296750028,0.1146921600099998
-0.5,7.5,4.0,1.0,0.9822670015899999,0.9631095084724974,0.9232190288474985,0.8877259066125011,0.8434153451850022,0.7999431033724975,0.7505582841799994,0.7025694733400027,0.6684561875399992,0.6329933070850025,0.6063401494449999,0.5743437398650011,0.5393093001675018,0.506918039292502,0.46256440840500007,0.4174445698675012,0.3757687046874998,0.33704983058499977,0.3014306955874991,0.2682931485925002,0.23466445453249943,0.19882408026249965,0.1682311474250005,0.1409526316650003,0.11398935890999985
-0.5,7.5,4.5,1.0,0.9820839439599992,0.9628783665849971,0.9225101089899986,0.8871575806175015,0.8423075959425016,0.7975995411424976,0.7495917938874992,0.702517090365003,0.6701963783124991,0.6335272142475019,0.6076213296224995,0.5742384888100007,0.5383229603225016,0.5061622654200013,0.4614193984350007,0.41577574646000093,0.3748338537949997,0.33601542093500014,0.2999135090274992,0.26714632846499986,0.2329541014474996,0.19745803324999944,0.16724287297250068,0.13962414880000015,0.1119885821350001
-0.5,7.5,5.0,1.0,0.9820242385024991,0.962757674484997,0.9223315159449987,0.8869226657425016,0.8420218552850015,0.7972668725774976,0.7492208323324993,0.7024925924650031,0.6701619815299992,0.6335272142475019,0.6075820891024994,0.5742048116375007,0.5382950347275016,0.5061393779600013,0.4614007525575007,0.41544467174750094,0.3745378794124998,0.3357936354400002,0.29970884083749916,0.26695749648249983,0.2327902363124996,0.19730364401499942,0.16711198615750067,0.13949515775000015,0.11187767149750011
-0.5,10.0,0.0,1.0,0.9776504970024987,0.9527410579674995,0.9072168240100008,0.8677542165975022,0.8190491199800014,0.7723959249274998,0.7212434798974993,0.6719052027650018,0.6376104913700018,0.5980861755500012,0.5744958419849973,0.5408974667200014,0.5079723702474996,0.4779350390075001,0.4383908247625017,0.3958907603850016,0.35930349636749903,0.3220090463875003,0.2900361646599982,0.2591201579025004,0.22921088334999962,0.19649824747749942,0.16923410694250074,0.1416849367474998,0.11776907071250005
-0.5,10.0,0.5,1.0,0.9776504970024987,0.9527410579674995,0.9072168240100008,0.8677542165975022,0.8190491199800014,0.7723959249274998,0.7212434798974993,0.6719052027650018,0.6376104913700018,0.5980861755500012,0.5744958419849973,0.5408974667200014,0.5079723702474996,0.4779350390075001,0.4383908247625017,0.3958907603850016,0.35930349636749903,0.3220090463875003,0.2900361646599982,0.2591201579025004,0.22921088334999962,0.19649824747749942,0.16923410694250074,0.1416849367474998,0.11776907071250005
-0.5,10.0,1.0,1.0,0.977959773799998,0.9530780858399994,0.908077910245001,0.8679207502400017,0.8189671043325022,0.7726490921775011,0.7202637242949994,0.6710535433925018,0.6348028703300024,0.5953346472975016,0.5714056707274978,0.5389010418900008,0.5060031407449989,0.4763031863149997,0.4362464786625012,0.3941220554225016,0.35743799531499904,0.3209042868050003,0.28956551061499813,0.2587561967975004,0.2289093567299999,0.19660286524749981,0.16982937978750035,0.14307378217999978,0.11902003595000013
-0.5,10.0,1.5,1.0,0.9775570211549985,0.9525121810874994,0.9075663044200004,0.8675101573300019,0.8180343995350029,0.7711103223150019,0.7179633822825011,0.6674534984425005,0.6305640037400027,0.5902958519075002,0.5666536128824996,0.5352418827150011,0.5032831644799987,0.47368546952499907,0.4331699177000013,0.39096151295500164,0.35420263979749883,0.3181174003700009,0.28571959133499825,0.25507348693250015,0.22547586698249947,0.19322882156,0.16552707961750002,0.13898524395999987,0.11425830915750006
-0.5,10.0,2.0,1.0,0.9774781638549987,0.9522839581699991,0.9066839607850004,0.8656020165975018,0.8153773614800031,0.7677843905950017,0.7135911903200014,0.6601940859225002,0.6221576151425022,0.5811841736225001,0.5575658934899999,0.5278375561075013,0.49655585946999886,0.46774294205249917,0.42837563851000143,0.3877652892150014,0.35188124048499886,0.3157306165800008,0.28434491554999847,0.25341552045250015,0.22419077720499947,0.19252806352750004,0.1648426682375,0.13836605574999997,0.11380549073500001
-0.5,10.0,2.5,1.0,0.9779971803900012,0.9529262539974992,0.9079482768675011,0.8670495005975026,0.8167774235700033,0.7687502025300006,0.7152063546850016,0.6607782625024993,0.6232317558400026,0.5834358373149999,0.5588508875774992,0.5299777229675017,0.4985516804324992,0.4692156980125,0.4305773215550013,0.3892803910600015,0.352845440502499,0.3171051313900005,0.285970793667499,0.2561556649499997,0.22626985179499937,0.19348375802749979,0.16509087107250006,0.13805683081000023,0.11324456923249991
-0.5,10.0,3.0,1.0,0.9778086612025014,0.9525770862,0.9075392637725014,0.8664721071575023,0.8155940787875023,0.7664593745650005,0.7118466457550012,0.6562295302675004,0.6196716985275015,0.5791076435875004,0.5545380863249996,0.5241829468400019,0.4941954651999989,0.4647195137425007,0.4270800556475011,0.38622300075250116,0.3501220800624995,0.314880303565,0.28375741198249893,0.2542383664649996,0.22458480972499945,0.1918077719174998,0.16348163655750006,0.1362286857225003,0.11104686455999987
-0.5,10.0,3.5,1.0,0.9778582913700012,0.9528166590200001,0.9075413422750009,0.866740793170002,0.8157480016650014,0.7664610623150006,0.7122064838475007,0.6562927079800012,0.6193670419000008,0.5770401371600008,0.5535511278300003,0.5230384613600018,0.49312690462749925,0.46437951593750076,0.42546422479000134,0.38500931508500097,0.3502006259124999,0.31520070295499975,0.2836927174474992,0.2536082363625,0.2239198672474995,0.19139815178249997,0.16241479479250007,0.13540012942000035,0.11012851401749991
-0.5,10.0,4.0,1.0,0.9777817396900013,0.9525106152175,0.9072488742025009,0.8663788717500017,0.8151176931525012,0.7655630304900005,0.7117158384025005,0.6554776203675015,0.6177799865575007,0.5750848091650012,0.551739925805,0.5213341182775018,0.49138708409749915,0.4629086336375012,0.42404397905500135,0.38372470859000074,0.349163943305,0.3139734204824997,0.28245037159249925,0.2521666048250001,0.22255062424499958,0.189988972155,0.1611512232000001,0.13455309408500032,0.10939429081249992
-0.5,10.0,4.5,1.0,0.9772764748600002,0.9513470053574996,0.904942140445,0.8631547467625025,0.8100997663550007,0.7589023467050001,0.7052059083299999,0.6504779341575013,0.6131213474400011,0.5699966018250011,0.5461155717099987,0.5157599514050016,0.48508374182999925,0.4561884916675015,0.4173817497075013,0.3769799878900002,0.34367899074249986,0.3091160103525004,0.27870444595749944,0.24910158643749966,0.21931223097749983,0.1876100277199998,0.15947451814000022,0.1329180834925002,0.10724019824750011
-0.5,10.0,5.0,1.0,0.9772167694025002,0.9512263132574995,0.9047635473999999,0.8629198318875023,0.8098140256975007,0.75842184966,0.7046859973949998,0.6503160124675014,0.613195199635001,0.5702426652375011,0.5461786097174988,0.5158166714825017,0.4849008226774992,0.45600896680750147,0.4172107026000013,0.3767056125475002,0.3432138412924999,0.30886933180000037,0.27847061807249945,0.24891275445499964,0.21914836584249983,0.18745563848499977,0.15934363132500023,0.13278909244250023,0.1071292876100001
-0.5,12.5,0.0,1.0,0.9752376433350023,0.948410209715002,0.9014976139775028,0.8600454056375041,0.810757829520003,0.7652514607049998,0.7128672937050005,0.6648950212675001,0.6311933638925022,0.592667144405,0.5687324606549976,0.5326375234800014,0.499023430899999,0.4669724619499997,0.4274281909750019,0.3846770844675009,0.34733942940999823,0.3115147477100006,0.2792093626199982,0.24880753542999962,0.22021757128999947,0.1887889437099995,0.16345642682000047,0.13788051691250006,0.11504887232249987
-0.5,12.5,0.5,1.0,0.9752376433350023,0.948410209715002,0.9014976139775028,0.8600454056375041,0.810757829520003,0.7652514607049998,0.7128672937050005,0.6648950212675001,0.6311933638925022,0.592667144405,0.5687324606549976,0.5326375234800014,0.499023430899999,0.4669724619499997,0.4274281909750019,0.3846770844675009,0.34733942940999823,0.3115147477100006,0.2792093626199982,0.24880753542999962,0.22021757128999947,0.1887889437099995,0.16345642682000047,0.13788051691250006,0.11504887232249987
-0.5,12.5,1.0,1.0,0.9754326162125018,0.9485254243525019,0.902204910682503,0.8603428296350037,0.8108702346350032,0.7659455719725003,0.7129664456850002,0.6649270140750003,0.6292629257525029,0.5910226614525003,0.5666531873424981,0.532063793625001,0.49834887939499845,0.46685865881499927,0.4269457403925015,0.38444280042250084,0.34642937362999837,0.31101609671000063,0.27883813500499816,0.2483739180049996,0.2196572174299996,0.18843610805749963,0.16343922167250025,0.13839237335000004,0.1154884463499999
-0.5,12.5,1.5,1.0,0.9752912840325031,0.9483796026775021,0.9022744567850041,0.8606585322350045,0.8110995376150036,0.7654609364350015,0.7118796187925011,0.6624301646199995,0.6262397789750035,0.5870368536349994,0.5630076246874993,0.529501778802501,0.4965354004524981,0.4653432853874991,0.42479699014750166,0.38247096484000087,0.34426614584749804,0.3091399724175009,0.27577384651499814,0.24478754020249935,0.21597583738749915,0.1845399620824999,0.15795681277499982,0.13284692165250006,0.10904587490999987
-0.5,12.5,2.0,1.0,0.9752039632925034,0.9481564130550018,0.901457925172504,0.8588559593825045,0.8086428507400037,0.7623533681950013,0.7078342909850014,0.655659636562499,0.6184248263275033,0.5783842200174992,0.5543543605174994,0.5224938441675014,0.4901669949874983,0.4597471848674992,0.4203599462225018,0.37938097127750076,0.34193535476999803,0.3066695918275008,0.2742649060574983,0.2430144900724994,0.21453955193749916,0.18368975960749986,0.15713646656499983,0.13211441075250016,0.10850779779749983
-0.5,12.5,2.5,1.0,0.9752501828025045,0.9482223008250021,0.9019700251550046,0.8591112928950053,0.8088650224450042,0.7619297938900003,0.7075691329700017,0.6541445623599985,0.6176249124625036,0.578975048142499,0.5541248393874987,0.5224743403525018,0.4901672905549985,0.4592474523499998,0.42077119590500184,0.3793940039125008,0.3416519469874981,0.30689627138000064,0.2747729143974985,0.2443696329524991,0.215664172722499,0.18428980376749965,0.15726847264749988,0.1316952790125003,0.10792658912499974
-0.5,12.5,3.0,1.0,0.9750449992900048,0.9479729302125022,0.9017660580050042,0.8587423247975049,0.8080084808500037,0.7602785375650004,0.7050365411300017,0.6502046408449992,0.6148713454975029,0.5755511897424992,0.550493805549999,0.5174061041400021,0.48646718520499826,0.4555008627125002,0.41804880369750175,0.37688228004750074,0.3394878183174985,0.3050582880750004,0.2730302285924986,0.24258551309499907,0.21408786437249913,0.18267195064249964,0.1555462560024999,0.12975420803000035,0.10566077481999972
-0.5,12.5,3.5,1.0,0.9749394503950044,0.947783069950002,0.901441048395003,0.8583604662550042,0.8074774583725021,0.7595549467825006,0.7048018772975009,0.649854580495,0.6137923810175023,0.5722937673124998,0.5482602819549998,0.5154878927325018,0.4844467376174987,0.4543548952700004,0.415889491460002,0.3749009403375004,0.33885680611249896,0.30455301807250007,0.27238542681499905,0.24152489678499964,0.21293497518749926,0.18182172340249989,0.15441628517749995,0.12893418287500039,0.10476732631249977
-0.5,12.5,4.0,1.0,0.9748628987150043,0.9475263267450019,0.9012323364150028,0.858126198937504,0.8070043476575021,0.7588476338350005,0.7043178409925006,0.6493058704175,0.6121975826800021,0.5703483756850002,0.5464624320649996,0.513612063187502,0.4825416411924986,0.45259436097000055,0.41388836301500176,0.3729332099975003,0.3364364934049992,0.30203096608,0.27006412313749906,0.23900555628249967,0.21074140866499946,0.1800086000674998,0.1529019700375,0.12790877146000035,0.10392844858999985
-0.5,12.5,4.5,1.0,0.9743347381525033,0.9464653321675017,0.8989768165450022,0.854839079267504,0.8020481185900014,0.7525088310875,0.6967527869724998,0.6432740103200003,0.606344923547502,0.5645498184300004,0.5400634341924986,0.5066741439400017,0.4746438771474988,0.4438224561250012,0.4059283275375015,0.36547273588749996,0.32976146592999955,0.29553602047750055,0.2642903699074992,0.23399291086499932,0.20613357086999978,0.17651487093999954,0.15060525120750015,0.12584621200500024,0.10158898539
-0.5,12.5,5.0,1.0,0.9742750326950032,0.9463446400675017,0.8987982235000022,0.854604164392504,0.8017623779325014,0.7520283340425,0.6962328760374998,0.6431744442425003,0.6064795179100021,0.5647958818425004,0.5401882601199987,0.5067961637975017,0.4745285404724988,0.44371135328500116,0.40582392321250155,0.3652634726349999,0.32936050930499955,0.29528934192500056,0.2640565420224992,0.2338040788824993,0.20603590315749976,0.17642713814749952,0.15054091558000016,0.12571722095500024,0.1014780747525
-0.5,15.0,0.0,1.0,0.9724774499425024,0.9435666399525021,0.8939560221650024,0.8502652102825039,0.7994893151975023,0.7499001341424993,0.6963364833950004,0.6445731071800016,0.605995961455001,0.566311213592499,0.5428084629074995,0.5117672380275009,0.4815554094774985,0.4529802900074998,0.415003725132501,0.3739777163725008,0.33982210062999846,0.3053002189625004,0.27400581858999845,0.24461078213999965,0.2155586689524997,0.18482860358999964,0.1593789053900005,0.13488409840250015,0.11291965437749978
-0.5,15.0,0.5,1.0,0.9724774499425024,0.9435666399525021,0.8939560221650024,0.8502652102825039,0.7994893151975023,0.7499001341424993,0.6963364833950004,0.6445731071800016,0.605995961455001,0.566311213592499,0.5428084629074995,0.5117672380275009,0.4815554094774985,0.4529802900074998,0.415003725132501,0.3739777163725008,0.33982210062999846,0.3053002189625004,0.27400581858999845,0.24461078213999965,0.2155586689524997,0.18482860358999964,0.1593789053900005,0.13488409840250015,0.11291965437749978
-0.5,15.0,1.0,1.0,0.9726740230900022,0.9437258833975021,0.8947138188225024,0.8506506381825035,0.7997253796200025,0.7507245798749997,0.6966362698700006,0.6450915822700017,0.6048005733375014,0.5651202089474993,0.5413715342075,0.5116698895175006,0.481738806014998,0.4534369206724993,0.41472794910750077,0.37389567995750084,0.33883319941999857,0.3049244516500005,0.27379848505749843,0.24417685716999965,0.21499831509249984,0.18447576793749984,0.15947408246500025,0.13539595484000014,0.1133592284049998
-0.5,15.0,1.5,1.0,0.9728259182575033,0.9439344636950022,0.8951035689675032,0.851423334565004,0.8005576124100026,0.7509313081550003,0.696281610285001,0.6434869429775012,0.6027007866925016,0.5620173991024987,0.5389544732850006,0.5100670611125006,0.48039652231749774,0.4522343524349994,0.41318104877000095,0.37243665295500095,0.3368845433374984,0.30328063537750066,0.2706755124049985,0.24047066028249942,0.21154638764249942,0.18072093390500002,0.15432028676249987,0.13020369965000017,0.10724768795749977
-0.5,15.0,2.0,1.0,0.9728639992550033,0.943864730912502,0.8946104383225033,0.8500837001025039,0.7986185759350027,0.7491965791325006,0.6932025470375014,0.6384589023450005,0.5973826815200016,0.5549952382874984,0.5333902985475004,0.5053167190150006,0.4754555020774979,0.44749113011999975,0.4094000662850012,0.36966683098500086,0.33492221808749845,0.30106272810500057,0.26943398956499864,0.23895479395249936,0.21038899441749945,0.18004379963250003,0.15329427278499985,0.1291426593150002,0.1063172781449998
-0.5,15.0,2.5,1.0,0.9729015574400046,0.9437986756800021,0.8947476799300037,0.8501096555150046,0.7987328968625032,0.7490861802150001,0.6928866987750016,0.6372219413200001,0.5965991374450018,0.5544264540999982,0.5329248370524999,0.504653526245001,0.4746359757299981,0.44641239720500026,0.40917490110500127,0.3692297423200009,0.3342476300324986,0.30088787031500036,0.26946066128749885,0.2397577749224991,0.21133985824749923,0.18051537709249982,0.15334107091499993,0.12860172883500035,0.10565733391249972
-0.5,15.0,3.0,1.0,0.9726963739275046,0.943505392427502,0.8941631404000033,0.8493110641325042,0.7971539831050023,0.7463483573425,0.6890103664200014,0.6319712228550002,0.5923235784775013,0.5494890471549986,0.5275573961325004,0.4978103663700011,0.469296651232498,0.44103844726500063,0.4047936948575009,0.365334708500001,0.33120665708749875,0.2982849548950002,0.26713572487749887,0.23754721136749896,0.20957106023999944,0.17873794931499987,0.15148294439,0.12652577219000039,0.10328123462749966
-0.5,15.0,3.5,1.0,0.9726580010925044,0.9433829262650018,0.8939648798025022,0.8491755515850037,0.7968107938300014,0.7460749011875002,0.6891210630900007,0.6322478448425009,0.5929816490400014,0.5490306733199989,0.5282215776250003,0.4978825739400008,0.46858290525999835,0.4407870175900008,0.40396076292250116,0.36460622689500083,0.3311369303474991,0.29832172045999994,0.26731996521249923,0.23746329998499938,0.20939401034999963,0.17881945239500002,0.15095178408000007,0.12627623805500038,0.10267040407999974
-0.5,15.0,4.0,1.0,0.9726314423875044,0.9432539660800018,0.8939398430725021,0.8491167051800035,0.7964762013650012,0.7455996517325002,0.6885689376575006,0.6317084557825008,0.5925590746425012,0.5484605180824988,0.5276914168900003,0.49701265976000064,0.4675536311574983,0.43990509977500075,0.402574768315001,0.36317983899500084,0.32907844352499926,0.29641097481999995,0.26550157419999915,0.23544947934249946,0.20770560643249972,0.17768054228000005,0.15010766224000008,0.12558308430000037,0.10207798448749977
-0.5,15.0,4.5,1.0,0.9719041644300028,0.9418707648175019,0.8915182508125011,0.8456629885375035,0.7908788164150008,0.7379325145449995,0.6791968911199998,0.6233663059450003,0.5835260817650009,0.5390513541074992,0.5182240866275003,0.48775717917750083,0.45777690186499853,0.4294932351250013,0.3934832010900004,0.35515099450750076,0.3217773398749998,0.2897552835850004,0.2598550551749992,0.23014029191499927,0.2021736432324998,0.1730435940049997,0.14652274348500013,0.12251471188000027,0.09917925574500001
-0.5,15.0,5.0,1.0,0.9718444589725028,0.9417500727175019,0.8913396577675011,0.8453610221900036,0.7905082395850007,0.7373502890299994,0.6785582054124998,0.6231507798625003,0.583542384525001,0.5391495941449992,0.5182277513150004,0.4877562194425009,0.4575387240449985,0.42926115351500127,0.39326331822000044,0.35483158067250076,0.3213763832499998,0.2895086050325004,0.2596212272899992,0.22995145993249924,0.20207597551999978,0.17295586121249973,0.14645840785750014,0.12238572083000028,0.09906834510750002
-0.5,17.5,0.0,1.0,0.9709104354475027,0.9399651269750019,0.8882540976400014,0.8427552941350036,0.7904142658575022,0.7402159430224993,0.68590686525,0.6339008620450024,0.5933859755225006,0.5520169979824984,0.5300557594475002,0.5015617874450004,0.47107205840499844,0.44296386072,0.40573926346500117,0.36466492470000056,0.33051717113749873,0.2963673603400003,0.26626938782749887,0.2389103768824999,0.2098273971324999,0.1794581881574998,0.15488777291500058,0.13067742916500025,0.11031723024249977
-0.5,17.5,0.5,1.0,0.9709104354475027,0.9399651269750019,0.8882540976400014,0.8427552941350036,0.7904142658575022,0.7402159430224993,0.68590686525,0.6339008620450024,0.5933859755225006,0.5520169979824984,0.5300557594475002,0.5015617874450004,0.47107205840499844,0.44296386072,0.40573926346500117,0.36466492470000056,0.33051717113749873,0.2963673603400003,0.26626938782749887,0.2389103768824999,0.2098273971324999,0.1794581881574998,0.15488777291500058,0.13067742916500025,0.11031723024249977
-0.5,17.5,1.0,1.0,0.9710817389525027,0.9402807006300019,0.8891607517300015,0.8433866251525033,0.7910127879700022,0.7412986029949995,0.686527182345,0.6344546098425025,0.5922268424275009,0.5508863039574986,0.5286634414750004,0.50148266882,0.471266283937498,0.4436735786549997,0.4057745157250009,0.36484913375000055,0.32993475854249893,0.2962878068775003,0.2663121727449989,0.2386218887549999,0.20929345343749997,0.17959909317499992,0.15526987541500042,0.1316528132200002,0.11124301813999982
-0.5,17.5,1.5,1.0,0.9712838285750037,0.9405555275100019,0.8896380141275021,0.8440974085925038,0.7919005918475023,0.74165677618,0.6866768041025004,0.6337824463575018,0.5911715820250012,0.5489931753524983,0.5271618505375008,0.500356192175,0.47061357493749784,0.44311503449999967,0.404730585395001,0.3636184339625006,0.3281501159274988,0.2947639336350004,0.26338821198499907,0.23516676003999978,0.20605288673999958,0.17600485141000002,0.1504293451800001,0.12671304260250016,0.10548328927249981
-0.5,17.5,2.0,1.0,0.971372561332504,0.9405558875975015,0.8892337284575024,0.8430024399025037,0.7903233600875026,0.7404939991400005,0.6840313406475005,0.6300945396750012,0.5876944664625018,0.544208252337498,0.5231435327975,0.496431327405,0.46670665534749795,0.43889683649250005,0.40142230146500146,0.3613392158700005,0.32628031151999887,0.29261483815249983,0.2621522102249993,0.23364095275249988,0.20491137385499938,0.1752417244100002,0.14919865966250007,0.12553961337750016,0.10447744153999984
-0.5,17.5,2.5,1.0,0.9712383271075048,0.9402744257800018,0.8889590874350027,0.842459717215004,0.7897183902150025,0.7398531521675001,0.6829896337250005,0.628455610360001,0.5863587622700017,0.5431225112449979,0.5218718397174997,0.49514856648250033,0.46546044692249816,0.4374100339275004,0.4006647274725016,0.36023281540250046,0.32506332394749893,0.2920839483349997,0.2616067822324994,0.2339663533924997,0.2056371467724993,0.1754481732550001,0.14915839912250012,0.12496613019250026,0.10384471929249982
-0.5,17.5,3.0,1.0,0.9710095939050051,0.9399202335325016,0.8882533817525023,0.8415275365475036,0.7878238961450019,0.7367077292600002,0.6788203268975004,0.6226723421725006,0.5815390743600015,0.5376488853649983,0.5157781912800001,0.4879537020250004,0.4599664394624981,0.4316772259250008,0.39599653189250117,0.35605763555000075,0.3218516985499991,0.28942614555749957,0.2592627592824994,0.2316620241624995,0.2038062309074994,0.17352968008250008,0.14698172521750016,0.1225815704475003,0.10120544536249977
-0.5,17.5,3.5,1.0,0.9709920246200049,0.9398914475075015,0.8881429214500011,0.8415014104900029,0.7877244156500012,0.7366766354850001,0.6792728482674997,0.6230669825400011,0.5825390576175022,0.537168985069998,0.5168452026224997,0.48855101157749964,0.4596911558074983,0.43249768133250077,0.3957706837900015,0.35580533492250077,0.32216112044749934,0.28958290663749936,0.2594381388024997,0.23162521050249985,0.2037607802224996,0.17372133565750034,0.14653427862250024,0.1223327573800003,0.10054460798249984
-0.5,17.5,4.0,1.0,0.9709722358600048,0.9397701794700015,0.887935634452501,0.841204202632503,0.7873728287800011,0.7361610265449999,0.6787096459424997,0.6226296334500011,0.5824364394400022,0.536993056232498,0.5167352340499997,0.4880008812324997,0.4589741678824983,0.43185093231250077,0.3946512589725014,0.35461953009000075,0.3202658994524996,0.2878476346874994,0.2578915841399997,0.22962744885749992,0.20209843759499968,0.17270372625250033,0.14581942720250027,0.12174607848500035,0.09994673298999988
-0.5,17.5,4.5,1.0,0.9701463656500031,0.938332513387502,0.8853184976050001,0.8376334661550031,0.7808832064750005,0.7272069004549994,0.6674524300799993,0.6106754484574995,0.5696483172775012,0.5242689551174987,0.5035770797200013,0.4755474486550002,0.4465668669399986,0.41960792395250107,0.38416867801000015,0.34533898349750136,0.31191580835750016,0.28004880721500053,0.2511372291699993,0.2232233972949995,0.19546181147499986,0.16687327536249982,0.14118417280000026,0.11781934316500026,0.09621906135250013
-0.5,17.5,5.0,1.0,0.9700866601925031,0.9382118212875019,0.8851399045600001,0.8373314998075032,0.7805126296450006,0.7266246749399993,0.6668137443724993,0.6100205583299996,0.5688012125350013,0.5239480054374988,0.5027029878775013,0.47469711468500025,0.44588714777999855,0.4189508146275012,0.3835518601400002,0.3446449902075014,0.31131057372000015,0.27963213341750054,0.2507574212049993,0.22291135806499948,0.19520591277749982,0.16663882886249984,0.14098331408000025,0.11769035211500027,0.09610815071500013
-0.5,20.0,0.0,1.0,0.9686702192775017,0.9348896487375022,0.8815705632075002,0.8340863619625037,0.7792670467875022,0.7268584596499994,0.6700753734274998,0.6155211512950018,0.5740229480375008,0.5315625786024981,0.5097338992475007,0.4820034864425002,0.45249342466249787,0.42618356550749986,0.389354719177501,0.35050975276500046,0.3170833867624988,0.28508195505250006,0.2561552206049992,0.22934684035999986,0.20178199292250018,0.17420086874749974,0.15099236239500058,0.12844007342000024,0.10817710784999973
-0.5,20.0,0.5,1.0,0.9686702192775017,0.9348896487375022,0.8815705632075002,0.8340863619625037,0.7792670467875022,0.7268584596499994,0.6700753734274998,0.6155211512950018,0.5740229480375008,0.5315625786024981,0.5097338992475007,0.4820034864425002,0.45249342466249787,0.42618356550749986,0.389354719177501,0.35050975276500046,0.3170833867624988,0.28508195505250006,0.2561552206049992,0.22934684035999986,0.20178199292250018,0.17420086874749974,0.15099236239500058,0.12844007342000024,0.10817710784999973
-0.5,20.0,1.0,1.0,0.9688046822900018,0.9352798593925021,0.8826651816000005,0.8348919930175035,0.7802444400900024,0.7282616817874995,0.6713223173399999,0.6171101597825018,0.5745992054250009,0.5326327372824982,0.5105740965000011,0.4836081390999999,0.4544371116549977,0.4284999760249996,0.39108703354750074,0.3519771749800005,0.3177830062499989,0.285879183425,0.2565961660124992,0.22955535305249986,0.20170649269750016,0.17398781399749982,0.15110885269000052,0.12918151338750017,0.10888031594999976
-0.5,20.0,1.5,1.0,0.9691342758325026,0.9357305464825022,0.883394145847501,0.8358025043600036,0.7813638790925025,0.7290188006199998,0.6719034538725002,0.6171191877675015,0.574306304472501,0.5318528156074982,0.5096465979750012,0.48344000040249996,0.4542830114249978,0.42847283048499973,0.39075975121750084,0.35145902772750054,0.31674017260749887,0.28479555826500014,0.2544450202749993,0.22669060871249974,0.19883973358249984,0.17041351905749988,0.14623816132250025,0.12422159822250016,0.10306523098999977
-0.5,20.0,2.0,1.0,0.9692869057750029,0.9359519688275019,0.8832605261100014,0.8352686408325034,0.7806814669400026,0.7289348735499999,0.6705182227550002,0.6150506382200008,0.5711176685225019,0.5280444940899978,0.5059676360675004,0.47966983231249954,0.4510989644849981,0.4247992560225001,0.38816946908500144,0.3500168543550005,0.31571300165999894,0.2836154986224997,0.2536072083199995,0.22578606900749987,0.19793236794249963,0.16971904068500013,0.14498375266250024,0.12301388191250018,0.10207934060749983
-0.5,20.0,2.5,1.0,0.9691272772250035,0.9354357727875022,0.8829431300850016,0.8348663984675038,0.7802703545275026,0.7281800149374997,0.6696901979675001,0.6137257946350005,0.5704006925025018,0.5271871250399977,0.5054537557750002,0.4787820802424998,0.44985340395249807,0.4232117141650003,0.3872975282300015,0.34921697694250037,0.3145430794449989,0.2826311543649995,0.25242779458249953,0.2253600055674998,0.19796566513249958,0.1694452877825001,0.14490120951750024,0.12219563148000023,0.10146909104249982
-0.5,20.0,3.0,1.0,0.9689207401725038,0.9350513891875021,0.8818591241900013,0.8328174057425034,0.777400185965002,0.7244692358774995,0.6644486674474996,0.6071823074800001,0.5643827876875015,0.5209099108599983,0.4980953279075004,0.4705966883999998,0.44312277326749827,0.41673326237500063,0.3817017821475013,0.34453108567500074,0.31085564980749913,0.2797291787924996,0.24970712393249958,0.22209575156749975,0.1951404807599996,0.16660014689750022,0.14207511219250024,0.1193670698225003,0.09844733891749982
-0.5,20.0,3.5,1.0,0.9688146931400037,0.9348280717475018,0.8815833368600002,0.8325296209150028,0.7768722110975013,0.7240929140874993,0.664357925952499,0.6072919092400008,0.5652629875300024,0.520766372594998,0.4991955339624998,0.4710614265149991,0.44262043659749845,0.4172281072675006,0.3812694267100016,0.3439620584150008,0.3103822948924993,0.2793366192674994,0.24920060618249995,0.22150718436999997,0.19442937210749972,0.16654622463250038,0.14163991913500032,0.11906397399250031,0.09786290280249992
-0.5,20.0,4.0,1.0,0.9687949043800036,0.9347265222450019,0.8814041021100002,0.8322538892625029,0.7765639399050014,0.7236290699624992,0.6637947236274989,0.6068739103800007,0.5651945288900023,0.5201712540399979,0.4991185935099998,0.47052673990249905,0.4419034486724984,0.4165813582475007,0.38031658628000153,0.34289020500500095,0.30862576135749953,0.27781252165749953,0.24772693708249988,0.2195361835150001,0.1927313097224997,0.16557844813750036,0.14100884187750032,0.11864909344500031,0.09742425356999992
-0.5,20.0,4.5,1.0,0.9678395283350021,0.9330010102325024,0.8784053066424994,0.8283618716275031,0.769116523542501,0.7132978701049987,0.6511817364974987,0.5932044334474991,0.5509174507525012,0.5056897209524989,0.4843293364075012,0.45657679391749967,0.4284244629574988,0.4032124802175008,0.3688213633550001,0.3324956251525014,0.29941759346000046,0.2693067696075005,0.2407482781424993,0.21291330012999968,0.1857666616199999,0.1593215970224999,0.13601427279000033,0.11423239420250025,0.09349998028750015
-0.5,20.0,5.0,1.0,0.9677798228775021,0.9328803181325023,0.8782267135974994,0.8280599052800031,0.7687459467125011,0.7127156445899986,0.6505430507899986,0.5925495433199991,0.5500703460100012,0.5053687712724989,0.4834552445650012,0.4557264599474997,0.4277447437974988,0.4025553708925008,0.3682045454850001,0.3318016318625014,0.29881235882250046,0.26889009581000045,0.24036847017749932,0.21260126089999967,0.1855107629224999,0.15908715052249991,0.13581341407000033,0.11410340315250025,0.09338906965000014
-0.5,22.5,0.0,1.0,0.9678381130900005,0.9332693144525015,0.8794928995874999,0.8314837212350034,0.7757100229875021,0.7225275803874996,0.6653930095724995,0.6102388889600018,0.5682593656700009,0.525811013647498,0.5039223540350004,0.47650657002250013,0.4472935263524978,0.42171489139749974,0.38535352053500094,0.34725042986500027,0.3142339410899988,0.28253803216000006,0.2539531418949992,0.22760005928499993,0.20073080174500024,0.17341272311249967,0.15068661407250059,0.1282728118375002,0.10814278741749973
-0.5,22.5,0.5,1.0,0.9678381130900005,0.9332693144525015,0.8794928995874999,0.8314837212350034,0.7757100229875021,0.7225275803874996,0.6653930095724995,0.6102388889600018,0.5682593656700009,0.525811013647498,0.5039223540350004,0.47650657002250013,0.4472935263524978,0.42171489139749974,0.38535352053500094,0.34725042986500027,0.3142339410899988,0.28253803216000006,0.2539531418949992,0.22760005928499993,0.20073080174500024,0.17341272311249967,0.15068661407250059,0.1282728118375002,0.10814278741749973
-0.5,22.5,1.0,1.0,0.9680245710375004,0.9337543555425014,0.8807373462024999,0.832498580520003,0.7772347307825023,0.7245908368699997,0.6675421990499996,0.6128501650300018,0.569960010870001,0.5280965673324982,0.5058184814450007,0.4791131812825,0.45017668282249773,0.4249168915049995,0.38749640263500085,0.34890352119250034,0.31507849753249895,0.28343474663000007,0.25441253422249915,0.22758013287999998,0.20063476702000022,0.17312996436249972,0.1507361249725005,0.12894236244000015,0.10884599551749977
-0.5,22.5,1.5,1.0,0.9683541645800011,0.9342050426325017,0.8814663104500007,0.8334090918625033,0.7783541697850022,0.72549304217,0.6681233355825,0.6130405537475014,0.5700601326575011,0.527527799379998,0.5050975078025008,0.47916799202000004,0.45039178330249774,0.42523828048499956,0.3873309302175009,0.3486443424775005,0.31441668523249894,0.28256818823250013,0.2526997000099993,0.22505137135999992,0.19796228980999991,0.1696975889424998,0.14587437860750024,0.12398244727500014,0.10303091055749977
-0.5,22.5,2.0,1.0,0.9685067945225014,0.9344264649775014,0.8813326907125009,0.832875228335003,0.7776717576325024,0.7254091151000002,0.666738104465,0.6109720042000008,0.566871035745002,0.5237046760224977,0.5014185458950002,0.4753978239299997,0.447207736362498,0.42156470602249996,0.38474064808500136,0.3472021691050004,0.31338951428499895,0.2813881285899997,0.2518618880549995,0.22414683165500002,0.19705492416999967,0.16900311057000006,0.14461996994750023,0.12277473096500016,0.10204502017499983
-0.5,22.5,2.5,1.0,0.968347165972502,0.9338649950975015,0.8809538211700011,0.8323990741625034,0.7771781049600023,0.7246542564874998,0.6659100796774999,0.6095600344750006,0.566188670010002,0.5230793141774975,0.5009262120075001,0.47453142648249985,0.4457651269874981,0.4198733273350001,0.38392819313750154,0.3465476572650003,0.3123201569449989,0.2804935879849996,0.2507691426799995,0.22390541267499997,0.1972630120924996,0.16896410080500004,0.14452560489000024,0.1219427421825002,0.10143477060999981
-0.5,22.5,3.0,1.0,0.9681406289200025,0.9334391609275017,0.8797674955625014,0.8301725673900034,0.7742965680050024,0.7206764127149996,0.6605287570274991,0.6029099195475,0.5600104637850016,0.5162736200649983,0.49349653486500017,0.46648186148499976,0.43943094857249837,0.4136106005925006,0.37849442626250146,0.3416170115225007,0.3083531340274994,0.27718284743499955,0.24742567309749958,0.2200895194474998,0.1939674270799996,0.1656333474625001,0.14142201719000025,0.11873753947500018,0.09814552428999983
-0.5,22.5,3.5,1.0,0.9680345818875022,0.9332158434875013,0.8794917082325003,0.8298847825625029,0.7736984506300015,0.7202205357199994,0.6601959939224986,0.6027567931475005,0.5606079767225025,0.515957869102498,0.4942250433049995,0.46651740440749906,0.43852417683999845,0.4137917242200006,0.37783923819500165,0.3408587732800008,0.30762656513749953,0.2764598810924994,0.24663590423999995,0.219317328975,0.19308717589999969,0.1654669060000003,0.1409698353975003,0.11840925336000017,0.09754412125499991
-0.5,22.5,4.0,1.0,0.9680147931275022,0.9331142939850013,0.8793124734825003,0.8296090509100028,0.7733901794375017,0.7197566915949993,0.6596327915974984,0.6023387942875005,0.5605395180825025,0.515362750547498,0.4941481028524995,0.46598271779499906,0.4378071889149984,0.4131449752000006,0.3768863977650016,0.3397869198700008,0.30587003160249976,0.27493578348249953,0.24516223513999985,0.21734632812000007,0.1913891135149997,0.16449912950500029,0.14033875814000035,0.11799437281250019,0.09710547202249994
-0.5,22.5,4.5,1.0,0.9670594170825006,0.931388781972502,0.8763136780149995,0.825717033275003,0.7659565759450014,0.7093807180624987,0.6469279514049983,0.5884271531199987,0.5460206568775012,0.500650890304999,0.47921803991500106,0.45206056487749957,0.42430202303249875,0.3997987400200008,0.3654519015075002,0.32938014067000126,0.29668011360000074,0.26648137810000044,0.2382396368149993,0.21082626911749966,0.1847304725424999,0.15851227911249988,0.13557130984250035,0.1136639360075002,0.09319259046000017
-0.5,22.5,5.0,1.0,0.9669997116250006,0.931268089872502,0.8761350849699994,0.8254150669275032,0.7655859991150012,0.7087984925474986,0.6462892656974982,0.5877722629924987,0.5451735521350012,0.5003299406249989,0.4783439480725011,0.45121023090749957,0.42362230387249883,0.39914163069500086,0.3648350836375001,0.3287342177825013,0.2961097927975007,0.2660851438525005,0.23786534472749923,0.21051422988749968,0.18447457384499988,0.15827783261249992,0.13537045112250035,0.1135349449575002,0.09308167982250015
-0.5,25.0,0.0,1.0,0.965631538882496,0.9290122499175021,0.8741122047274961,0.8244506579375036,0.7687957994375014,0.714599945667499,0.6548687129274992,0.5991252109525024,0.5552953150575001,0.5106047037149978,0.491418976895002,0.4661759941575005,0.4385708216949976,0.41428574265999935,0.3791072073124996,0.3427002553825004,0.3106337216199987,0.27982170897000047,0.25201744175749896,0.22712404218999968,0.20083888551750062,0.17423629099499924,0.15130242638750066,0.12862305060000023,0.10838849065249968
-0.5,25.0,0.5,1.0,0.965631538882496,0.9290122499175021,0.8741122047274961,0.8244506579375036,0.7687957994375014,0.714599945667499,0.6548687129274992,0.5991252109525024,0.5552953150575001,0.5106047037149978,0.491418976895002,0.4661759941575005,0.4385708216949976,0.41428574265999935,0.3791072073124996,0.3427002553825004,0.3106337216199987,0.27982170897000047,0.25201744175749896,0.22712404218999968,0.20083888551750062,0.17423629099499924,0.15130242638750066,0.12862305060000023,0.10838849065249968
-0.5,25.0,1.0,1.0,0.965818763504996,0.929484968050002,0.8753566513424963,0.8254655172225034,0.7703205072325016,0.7164537497849992,0.6565632042124991,0.6010924676800024,0.5563594224825001,0.5120300955499979,0.49288554858750233,0.4683477986050004,0.44101832795999757,0.41705540504999916,0.38104127984499947,0.34434603484750037,0.3114782780624988,0.2807184234400004,0.25247683408499894,0.22710411578499973,0.20074285079250057,0.1739535322449993,0.1513519372875006,0.12929260120250016,0.10907948543249972
-0.5,25.0,1.5,1.0,0.9661458364049968,0.929912594212502,0.8759737906574969,0.8263945907600035,0.7714605498400016,0.7174282495049993,0.6572872721474997,0.6016287741350022,0.5569812019500003,0.5120301567199979,0.49271152908500226,0.46881129261750054,0.4413551520849976,0.41746020795499933,0.3809462388699996,0.34414367229500054,0.3108586179449988,0.27987956888000054,0.25077837240499906,0.22470426920249964,0.19807037358250024,0.17033918386999944,0.14615232691500035,0.12391246217500017,0.1028424147049998
-0.5,25.0,2.0,1.0,0.9662984663474973,0.9301951892925018,0.8759333501999972,0.8259158978275035,0.770773422937502,0.7178587720049996,0.6567550314049996,0.6013456406000016,0.5564477591725011,0.5108121720349977,0.49121200064500153,0.467059299275,0.4396829022899979,0.4148701648699997,0.3788798387249999,0.3429396348375006,0.3097438916599988,0.27869997789000006,0.24994056044999927,0.22374707547249972,0.19711037573,0.16959734815749963,0.14485506120750033,0.12266619937750019,0.10167046145499983
-0.5,25.0,2.5,1.0,0.9661428087749977,0.929626420617502,0.8755905297249973,0.8254826191275036,0.7703274580075018,0.7174111211649994,0.6561014837974994,0.6003825243775015,0.555549730595001,0.5097686699299976,0.49034408363000154,0.46602354596250023,0.4385182986424979,0.4135053908624998,0.3780673837775001,0.3422851229975004,0.3085784434749988,0.2777296710775001,0.24877798434749926,0.22333795921749966,0.1972131992275,0.1693845886099996,0.14469603324750036,0.12180775043500024,0.10105497487249983
-0.5,25.0,3.0,1.0,0.9658722823599979,0.928576701042502,0.8730470338299976,0.8211524132050034,0.7652595124125016,0.7115900476349989,0.6491269617399986,0.5920557260800002,0.5478049595075012,0.5017988189899985,0.48174940994250137,0.4563533438674998,0.4301409874324986,0.40524292357250064,0.3705842091825001,0.3355347260250008,0.3033647526924997,0.27286854072,0.24392244296249926,0.21872118785999942,0.1932907709549999,0.1656819560674997,0.1412357766875004,0.11826032787250018,0.09752950241999986
-0.5,25.0,3.5,1.0,0.9657535404774978,0.9282527391200022,0.8727314761949974,0.8209401094050033,0.7648061115100013,0.7114451931049989,0.6489925231874983,0.5914888107675003,0.5477544678775014,0.5012333705649984,0.4820462011625011,0.4560731999349994,0.42908779014499865,0.40500908567750066,0.3698965769100003,0.3347407453725008,0.3027236497199997,0.2723106719074999,0.2431842644199995,0.21793772575999956,0.19228121502000003,0.1652222151274998,0.14051395233500044,0.11755110683000015,0.09651552457749991
-0.5,25.0,4.0,1.0,0.9657337517174978,0.928151189617502,0.8726379227524973,0.8207761662400033,0.7644978403175015,0.7109813489799989,0.6484293208624982,0.5910708119075003,0.5476860092375014,0.5006382520099985,0.48196926071000107,0.4555385133224994,0.42837080221999857,0.4043623366575006,0.3689437364800002,0.33366889196250077,0.30096711618499994,0.27078657429749997,0.24171059531999944,0.21596672490499963,0.19058315263500006,0.16423434952249977,0.1398666014900005,0.11711086481250017,0.09603962936499995
-0.5,25.0,4.5,1.0,0.9649624238674963,0.9267815256125023,0.8700353155099966,0.817349413880003,0.7581378288225012,0.7016937895999977,0.6380405207374976,0.5798986049399985,0.5355958272350013,0.489261656147499,0.4696691092350021,0.4432437737099997,0.4160942588124992,0.39193095452750115,0.35823191564249923,0.3235871720475012,0.2919192871150013,0.26244016465250075,0.23486819778749893,0.20915073548249932,0.18321349067000015,0.15710196565999962,0.1340396779775005,0.11201924096250016,0.09175573400250016
-0.5,25.0,5.0,1.0,0.9649027184099963,0.9266608335125022,0.8698567224649966,0.8170474475325031,0.7577672519925011,0.7011115640849979,0.6374018350299975,0.5792437148124985,0.5347487224925014,0.48894070646749893,0.46879501739250207,0.44239343973999967,0.4154145396524992,0.3912738452025012,0.3576150977724993,0.3229875045000013,0.2913742707975013,0.2620439304050008,0.23449390569999892,0.20883869625249932,0.1829575919725001,0.1568675191599996,0.1338388192575005,0.11189024991250016,0.09164482336500016
0.0,0.0,0.0,1.0,0.998832184,0.995536672,0.971678701,0.951303508,0.92131133,0.892361063,0.853252697,0.81135177,0.78623913,0.756214579,0.728970607,0.692608453,0.652842128,0.61587688,0.565554896,0.513141514,0.464194481,0.420989489,0.380805094,0.343010173,0.306471903,0.267089955,0.234002704,0.202584076,0.172848307
0.0,0.0,0.5,1.0,0.9953760551424954,0.9887218153699987,0.9616638621049961,0.9377666745275032,0.9058765589799991,0.872682677020003,0.8296607822249998,0.7874839710574975,0.7608952331300043,0.7300389393949989,0.701543900155002,0.6647711142699976,0.626278839395002,0.5898849432375011,0.5426861052050017,0.4917915058450021,0.4433414478500002,0.4014513326349977,0.3617299856849996,0.3254387419949994,0.29112504153000035,0.251914867882501,0.21951896711750096,0.18805719488250003,0.15993283183500068
0.0,0.0,1.0,1.0,0.9951651181249952,0.9879819047124987,0.9601138528574965,0.934811830805003,0.9019455130900004,0.8688147400975035,0.8251867583675002,0.7831903930599983,0.7548614279125038,0.7233895745999992,0.6955993039350018,0.6581267611674971,0.6203225600800019,0.5830211103825006,0.535974465072501,0.48544763806750196,0.43760216245000016,0.39632020486999797,0.35774104582749944,0.32146502776749936,0.28786318795000054,0.24718728929750106,0.21479363916000074,0.1840451460225002,0.15535358570000066
0.0,0.0,1.5,1.0,0.9951026527449952,0.9878363476674987,0.9599227232399966,0.934615035502503,0.9016033146775004,0.8682634462625036,0.8245649475125002,0.7825343900624983,0.7542136115950037,0.7227056961299992,0.6949260745550019,0.6574683915699973,0.6199674574550018,0.5823525354475007,0.5353058357700008,0.4843312151300019,0.4364273494250002,0.394585163934998,0.3543914546399993,0.3173481979074994,0.2838126636450005,0.24431875199500103,0.21221638616750066,0.1816163436375002,0.15307029689000068
0.0,0.0,2.0,1.0,0.9953094486999963,0.9883036190324981,0.9603276851824972,0.9350545273250032,0.9016788297375009,0.8687961912825038,0.8251049326375005,0.7813418370524989,0.7498635124300034,0.7193676531299998,0.689380709667502,0.6507419632974968,0.6149139114175021,0.5776795787075006,0.5309378271299997,0.4806311393875014,0.4329539875275,0.39043386832749916,0.3511022739049999,0.31432144704999937,0.28077539905750043,0.24128034391000075,0.20969656727250055,0.17959083478750032,0.15064260401000057
0.0,0.0,2.5,1.0,0.9958832110224975,0.9891338423074978,0.9616431843924975,0.9370687344300034,0.9036398363950007,0.8704009715675034,0.8266902062375004,0.7827302519174989,0.7507051481375032,0.7216856625674999,0.6906499029075022,0.6518592772874969,0.6151695752325026,0.578677079130001,0.5318409728025,0.4816124738925013,0.43319713606499993,0.3905667136974995,0.35190078010500037,0.315323414702499,0.28153056794250053,0.24169909820000057,0.20935816275000063,0.17894744528000042,0.14975096822250036
0.0,0.0,3.0,1.0,0.9958915187924976,0.9884916857099956,0.9602347028625025,0.9339506533200027,0.8987889279375021,0.8636638191525013,0.8194084832625019,0.7739928592500033,0.7423715507125014,0.7123705707300004,0.681940524517503,0.6436006056649962,0.6069421773650027,0.570672097315,0.5241766995774998,0.47439486088000105,0.4263991967725002,0.38390582575499993,0.34562380774250023,0.30910117795499886,0.2757241744650002,0.23699321155750003,0.20457779996250072,0.17427038020500066,0.14506804249250035
0.0,0.0,3.5,1.0,0.9959149891699975,0.9886454928799954,0.9599299044825028,0.9340400654975025,0.8983401397300024,0.863271149290001,0.8190838245675016,0.7728074791375036,0.7423737494750011,0.7118393911725007,0.6813635912925031,0.6419425426874962,0.6061177566675027,0.5708842827175,0.5230973146249999,0.4735036780575011,0.4258544034950003,0.3840565392574997,0.3454453374675001,0.30870949514249896,0.275178481715,0.23696767308749972,0.20364873895000074,0.17337191420500073,0.1441950794925004
0.0,0.0,4.0,1.0,0.9958732953474976,0.9885381288649954,0.9599950352225028,0.9341168337225025,0.8981454365350023,0.863046203197501,0.8190070204200016,0.7728768377275036,0.7423356148225012,0.7115546447100007,0.6813359393475029,0.6414198645899962,0.6057480262900028,0.5706141484325,0.5228436187325,0.47326616887500106,0.4258920604000004,0.38384552574249975,0.3452440083200002,0.308495799757499,0.27509389626499997,0.23690575069249975,0.2036051272400007,0.17333222396500073,0.1441793684400004
0.0,0.0,4.5,1.0,0.996148312147496,0.9890056756124944,0.9604018480725034,0.9348142369175032,0.8986693408900019,0.8631335030575009,0.818098817317502,0.7727849092700043,0.7434573963225004,0.7107967878425001,0.6809900194025034,0.6427404266024956,0.6050895541600024,0.5704710039874981,0.5214735563800013,0.47109780522750155,0.4238835815900007,0.3831286628899994,0.3434289193399998,0.30687238496249836,0.27185950193249964,0.2346389384049991,0.20166123525000093,0.17135643355750083,0.1418397942100008
0.0,0.0,5.0,1.0,0.998832184,0.993600724,0.966164627,0.940819974,0.904960856,0.869788759,0.824447865,0.778197303,0.748026552,0.714120501,0.684049777,0.646047365,0.6059764,0.569922742,0.521527466,0.470740185,0.423795629,0.381482222,0.341639332,0.303877112,0.267777728,0.228904006,0.196392199,0.165613247,0.136577606
0.0,2.5,0.0,1.0,0.9953760551424954,0.9887218153699987,0.9616638621049961,0.9377666745275032,0.9058765589799991,0.872682677020003,0.8296607822249998,0.7874839710574975,0.7608952331300043,0.7300389393949989,0.701543900155002,0.6647711142699976,0.626278839395002,0.5898849432375011,0.5426861052050017,0.4917915058450021,0.4433414478500002,0.4014513326349977,0.3617299856849996,0.3254387419949994,0.29112504153000035,0.251914867882501,0.21951896711750096,0.18805719488250003,0.15993283183500068
0.0,2.5,0.5,1.0,0.9953760551424954,0.9887218153699987,0.9616638621049961,0.9377666745275032,0.9058765589799991,0.872682677020003,0.8296607822249998,0.7874839710574975,0.7608952331300043,0.7300389393949989,0.701543900155002,0.6647711142699976,0.626278839395002,0.5898849432375011,0.5426861052050017,0.4917915058450021,0.4433414478500002,0.4014513326349977,0.3617299856849996,0.3254387419949994,0.29112504153000035,0.251914867882501,0.21951896711750096,0.18805719488250003,0.15993283183500068
0.0,2.5,1.0,1.0,0.9951651181249952,0.9879819047124987,0.9601138528574965,0.934811830805003,0.9019455130900004,0.8688147400975035,0.8251867583675002,0.7831903930599983,0.7548614279125038,0.7233895745999992,0.6955993039350018,0.6581267611674971,0.6203225600800019,0.5830211103825006,0.535974465072501,0.48544763806750196,0.43760216245000016,0.39632020486999797,0.35774104582749944,0.32146502776749936,0.28786318795000054,0.24718728929750106,0.21479363916000074,0.1840451460225002,0.15535358570000066
0.0,2.5,1.5,1.0,0.9951026527449952,0.9878363476674987,0.9599227232399966,0.934615035502503,0.9016033146775004,0.8682634462625036,0.8245649475125002,0.7825343900624983,0.7542136115950037,0.7227056961299992,0.6949260745550019,0.6574683915699973,0.6199674574550018,0.5823525354475007,0.5353058357700008,0.4843312151300019,0.4364273494250002,0.394585163934998,0.3543914546399993,0.3173481979074994,0.2838126636450005,0.24431875199500103,0.21221638616750066,0.1816163436375002,0.15307029689000068
0.0,2.5,2.0,1.0,0.9953094486999963,0.9883036190324981,0.9603276851824972,0.9350545273250032,0.9016788297375009,0.8687961912825038,0.8251049326375005,0.7813418370524989,0.7498635124300034,0.7193676531299998,0.689380709667502,0.6507419632974968,0.6149139114175021,0.5776795787075006,0.5309378271299997,0.4806311393875014,0.4329539875275,0.39043386832749916,0.3511022739049999,0.31432144704999937,0.28077539905750043,0.24128034391000075,0.20969656727250055,0.17959083478750032,0.15064260401000057
0.0,2.5,2.5,1.0,0.9958832110224975,0.9891338423074978,0.9616431843924975,0.9370687344300034,0.9036398363950007,0.8704009715675034,0.8266902062375004,0.7827302519174989,0.7507051481375032,0.7216856625674999,0.6906499029075022,0.6518592772874969,0.6151695752325026,0.578677079130001,0.5318409728025,0.4816124738925013,0.43319713606499993,0.3905667136974995,0.35190078010500037,0.315323414702499,0.28153056794250053,0.24169909820000057,0.20935816275000063,0.17894744528000042,0.14975096822250036
0.0,2.5,3.0,1.0,0.9958915187924976,0.9884916857099956,0.9602347028625025,0.9339506533200027,0.8987889279375021,0.8636638191525013,0.8194084832625019,0.7739928592500033,0.7423715507125014,0.7123705707300004,0.681940524517503,0.6436006056649962,0.6069421773650027,0.570672097315,0.5241766995774998,0.47439486088000105,0.4263991967725002,0.38390582575499993,0.34562380774250023,0.30910117795499886,0.2757241744650002,0.23699321155750003,0.20457779996250072,0.17427038020500066,0.14506804249250035
0.0,2.5,3.5,1.0,0.9959149891699975,0.9886454928799954,0.9599299044825028,0.9340400654975025,0.8983401397300024,0.863271149290001,0.8190838245675016,0.7728074791375036,0.7423737494750011,0.7118393911725007,0.6813635912925031,0.6419425426874962,0.6061177566675027,0.5708842827175,0.5230973146249999,0.4735036780575011,0.4258544034950003,0.3840565392574997,0.3454453374675001,0.30870949514249896,0.275178481715,0.23696767308749972,0.20364873895000074,0.17337191420500073,0.1441950794925004
0.0,2.5,4.0,1.0,0.9958732953474976,0.9885381288649954,0.9599950352225028,0.9341168337225025,0.8981454365350023,0.863046203197501,0.8190070204200016,0.7728768377275036,0.7423356148225012,0.7115546447100007,0.6813359393475029,0.6414198645899962,0.6057480262900028,0.5706141484325,0.5228436187325,0.47326616887500106,0.4258920604000004,0.38384552574249975,0.3452440083200002,0.308495799757499,0.27509389626499997,0.23690575069249975,0.2036051272400007,0.17333222396500073,0.1441793684400004
0.0,2.5,4.5,1.0,0.996148312147496,0.9890056756124944,0.9604018480725034,0.9348142369175032,0.8986693408900019,0.8631335030575009,0.818098817317502,0.7727849092700043,0.7434573963225004,0.7107967878425001,0.6809900194025034,0.6427404266024956,0.6050895541600024,0.5704710039874981,0.5214735563800013,0.47109780522750155,0.4238835815900007,0.3831286628899994,0.3434289193399998,0.30687238496249836,0.27185950193249964,0.2346389384049991,0.20166123525000093,0.17135643355750083,0.1418397942100008
0.0,2.5,5.0,1.0,0.9960696841999961,0.9888444034899945,0.9601598938075034,0.9344917831525033,0.897986532012502,0.8623335857500009,0.8172015406425018,0.7726775252025042,0.7432332365225004,0.7107967878425001,0.6809248833100034,0.6427067494299956,0.6050616285650023,0.570448116527498,0.5214549105025013,0.4708343025250016,0.4236687352875008,0.3827237064224993,0.3428895336199998,0.30643593539749836,0.2714437561999996,0.23438741755249906,0.2014191433400009,0.17104120887000082,0.14172888357250082
0.0,5.0,0.0,1.0,0.989352659722497,0.9773451265424984,0.9445095572449971,0.9157182661150024,0.8790436025500012,0.8406725784525011,0.7952560441724991,0.7500692033100007,0.7236202731225018,0.6883171846575006,0.6649567227050005,0.6311223977874987,0.5896228867225015,0.5581881077375006,0.5131749719725008,0.4636952829475014,0.4189986790224999,0.37804046807999897,0.34021929169499915,0.30587147054750013,0.2724749607425001,0.23561075418000044,0.2052044722400008,0.17439418691500028,0.1479837310850003
0.0,5.0,0.5,1.0,0.989352659722497,0.9773451265424984,0.9445095572449971,0.9157182661150024,0.8790436025500012,0.8406725784525011,0.7952560441724991,0.7500692033100007,0.7236202731225018,0.6883171846575006,0.6649567227050005,0.6311223977874987,0.5896228867225015,0.5581881077375006,0.5131749719725008,0.4636952829475014,0.4189986790224999,0.37804046807999897,0.34021929169499915,0.30587147054750013,0.2724749607425001,0.23561075418000044,0.2052044722400008,0.17439418691500028,0.1479837310850003
0.0,5.0,1.0,1.0,0.9891650132774966,0.9762690879124974,0.9422106200049976,0.9120539150575021,0.8733249465700026,0.8347572488275026,0.7866503329874991,0.7408002224850009,0.7129907230350018,0.6760687769625009,0.6536598787975013,0.6205938950649982,0.5789352570475006,0.5466618117950006,0.5029802121249998,0.4559703061400013,0.4120165147199996,0.3721512918049992,0.335886709717499,0.3013872139899999,0.2685821265975004,0.23073020916500067,0.2003974403375005,0.1711248861100003,0.1439246725900002
0.0,5.0,1.5,1.0,0.9890927019824965,0.9761223381874974,0.9420111349349977,0.911633098305002,0.8726964794575026,0.8336299446775028,0.785644225264999,0.7398750266825008,0.7115330664950018,0.674453823990001,0.6521279370000014,0.6194367371499983,0.5781688143225007,0.5452549856125006,0.5016592911349995,0.4542232661875012,0.4097199024349996,0.3695804323574992,0.3314712057024989,0.29609831369499995,0.26338226892000044,0.2273241131350007,0.19705030953250036,0.1675572368500003,0.14081531481500018
0.0,5.0,2.0,1.0,0.9888299036799978,0.9757936360674967,0.9409922091524985,0.9098871719875025,0.8706963019850038,0.8313079346350029,0.7829975114024991,0.7353267246300006,0.7048416568000022,0.668761396902502,0.6430827534025024,0.6092741937449979,0.5703535753450009,0.5380947989625011,0.4946661906499984,0.44789234107750103,0.4041430497849994,0.3634837245649996,0.3257922065074996,0.29148241763749977,0.2589996327525006,0.22371300693500068,0.19393349483250016,0.16449947366750053,0.13791584231499998
0.0,5.0,2.5,1.0,0.9898689837150012,0.9771716284799963,0.9430406233949991,0.9125689676725031,0.873470301422504,0.8342452619700015,0.786453341307499,0.7395156938924998,0.7078515221575026,0.6731710649850028,0.6458910306725025,0.6129298170824982,0.5736773917075024,0.5413541653275025,0.49736167064249814,0.44967286928000083,0.40498999982749934,0.36404369765999994,0.3266627108975006,0.2931670403474992,0.2602681787700007,0.2241064122525004,0.19312573354000026,0.16348429794750097,0.13649285898999963
0.0,5.0,3.0,1.0,0.991263188,0.979304663,0.946334213,0.916287952,0.876780305,0.838528992,0.791111271,0.74276913,0.710333923,0.67445849,0.647546451,0.61290605,0.575920633,0.542263012,0.496884393,0.449327507,0.40522323,0.365778854,0.328785358,0.293801171,0.260232497,0.224076612,0.19377858,0.16506145,0.137936372
0.0,5.0,3.5,1.0,0.9898740945675014,0.977370098564996,0.9428189737549999,0.9126996146350023,0.8727523207525042,0.8333722811000008,0.785808424342499,0.7366645394050013,0.7060691581250018,0.670485571865003,0.6435148949300031,0.6094952833824983,0.5709806124475022,0.539769565092502,0.49394987193999845,0.44670453960250084,0.4028568384124995,0.36368554893500005,0.32632084416000046,0.29322492935499944,0.26068364831500057,0.2249428743400001,0.19278773657750037,0.16269968074500107,0.1349221208949997
0.0,5.0,4.0,1.0,0.9898225063650014,0.9772307887949959,0.9428381856825,0.9127179092225022,0.8725576175575042,0.8330699805100009,0.785647969602499,0.7366548978100014,0.7059510344175017,0.6703263703450031,0.6434872429850031,0.6088846250574982,0.5705206250875022,0.5394087273225021,0.49369617604749844,0.4462598526450008,0.4027826637699995,0.36347453542,0.32611951501250047,0.29301123396999945,0.26059906286500056,0.22488095194500013,0.19274412486750034,0.16264676042500106,0.13490117282499972
0.0,5.0,4.5,1.0,0.9899884034974998,0.9777227433174954,0.9430169249200006,0.9134573732775028,0.8728930846850035,0.8320077666100008,0.7854511530299996,0.7364775026200018,0.7079821410275008,0.6704188715500016,0.645015039255003,0.6102183082649973,0.5705821026450022,0.540389159405,0.49378185694249965,0.4454396559750011,0.402224818995,0.3638286776375002,0.3251959012400001,0.2922614376149987,0.2583496170600003,0.22266922685749954,0.19116287247250058,0.16097011528500108,0.13263500103250014
0.0,5.0,5.0,1.0,0.9899286980399998,0.9776020512174955,0.9428383318750005,0.9132224584025026,0.8723216033700035,0.8313424294800008,0.7847092299199996,0.7365415751525017,0.707947744245001,0.6704188715500016,0.6449499031625031,0.6101846310924973,0.5705541770500022,0.540366271945,0.49376321106499965,0.4451761532725012,0.4020099726925001,0.36356174775750005,0.3247865648600001,0.29194801055499864,0.2582142750725003,0.22252523936249954,0.19102134087250058,0.16084250372750108,0.13252409039500013
0.0,7.5,0.0,1.0,0.9885417885224969,0.9758637936049982,0.9421333845424972,0.9128654786900023,0.8751955027025015,0.8363912727900008,0.7909570556349992,0.7454693817450011,0.7184870445875017,0.6837211474725008,0.6599301002850005,0.6258855377824988,0.5846841785600012,0.5527521997500005,0.5071952313900007,0.45841363207250135,0.4139816318949996,0.37369215429749936,0.336785482559999,0.30289741073250037,0.269384808035,0.23332248190000043,0.20319969199500076,0.1730794248575002,0.1469048791975002
0.0,7.5,0.5,1.0,0.9885417885224969,0.9758637936049982,0.9421333845424972,0.9128654786900023,0.8751955027025015,0.8363912727900008,0.7909570556349992,0.7454693817450011,0.7184870445875017,0.6837211474725008,0.6599301002850005,0.6258855377824988,0.5846841785600012,0.5527521997500005,0.5071952313900007,0.45841363207250135,0.4139816318949996,0.37369215429749936,0.336785482559999,0.30289741073250037,0.269384808035,0.23332248190000043,0.20319969199500076,0.1730794248575002,0.1469048791975002
0.0,7.5,1.0,1.0,0.9883657129524964,0.9748119478299972,0.9399904423349977,0.909403728117502,0.8697141609275028,0.8303804608600024,0.7823194814749991,0.7365966538200012,0.7079763665125018,0.6712968495450012,0.6485685346275012,0.6158732094674982,0.5743133748250004,0.5419502855800004,0.4977281800674996,0.45080421598000137,0.4070718766649995,0.36794768509499937,0.3321530362724989,0.29823120287250005,0.26474303971750046,0.22780812773250073,0.19809409737000042,0.1694496261300002,0.1424114516700001
0.0,7.5,1.5,1.0,0.9883516650874964,0.9747783711274972,0.9399467297324979,0.9091270076700022,0.8692547280900028,0.8294780572575026,0.7815202934099992,0.7358935330250012,0.7067369916200019,0.6699108963775012,0.6472497675075013,0.6147441782624984,0.5735972345825004,0.5407806876125004,0.4964516698099994,0.44920833248750136,0.40504187920999946,0.36561002335249937,0.3278381665824988,0.29306149497250006,0.25964815236500044,0.2241863565300008,0.19452658130000025,0.16533138285750015,0.13894076931000016
0.0,7.5,2.0,1.0,0.9880888667849977,0.9744455486174965,0.9389161700299988,0.9073591623700024,0.8669055916600041,0.8270065851100027,0.7785453956499994,0.7308791847325008,0.6995661404350021,0.6637355343200022,0.6374311638625024,0.6040647324524983,0.5655938692075007,0.533347803550001,0.48927218221999835,0.44296871367000124,0.3995356328049994,0.35946299897249967,0.32226154365499954,0.28851695720999987,0.2553553884150006,0.2205248077300008,0.191306344275,0.16212905833000046,0.13590203785
0.0,7.5,2.5,1.0,0.9891279468200009,0.9757600534199962,0.9409645842724993,0.910091793875003,0.8697370666450043,0.8300150911950013,0.7820691965524992,0.7346657142324999,0.7025786494950025,0.6681322382500028,0.6403467505975026,0.6075923202974984,0.5689761878125021,0.5366667308400023,0.4920909731024981,0.4448684700925009,0.4005535577874994,0.36005819125749994,0.32321604940750065,0.2902990305299992,0.25669722947500073,0.22098683339750047,0.19055658447250015,0.16122242926500094,0.1345399118599996
0.0,7.5,3.0,1.0,0.9890004044550013,0.9756054919674962,0.9406729554674997,0.909660093157503,0.8690550994050044,0.8288637783800011,0.7807719506524995,0.7320056457400004,0.7002157161125021,0.666026447885003,0.6380508806300029,0.6047815470324982,0.5659451403325021,0.5340631047425023,0.48947936369249817,0.4426333710875008,0.3988090992674995,0.3588242398875,0.3220675298600007,0.28972306966749917,0.2565920281750007,0.2208296222450004,0.19046944661000012,0.16091338984750095,0.13417180722999963
0.0,7.5,3.5,1.0,0.9890895427325015,0.975988510769996,0.9404950083099994,0.9101043181825023,0.8691644363950042,0.8293000308025009,0.7815917396899991,0.7317290028825012,0.7006752315600018,0.6655218912900032,0.638088131487503,0.6042716101299985,0.5660812823975018,0.5349871022450021,0.4889152572124984,0.44207307260750084,0.3986632068924996,0.36011198346499995,0.32337597569250043,0.29099866499249954,0.2582305253050006,0.22289766027250024,0.1909642491875002,0.16097744169250103,0.13339263714249971
0.0,7.5,4.0,1.0,0.9890379545300014,0.9758492009999961,0.9405142202374993,0.9101226127700021,0.8689697332000041,0.8289977302125009,0.7814110176249991,0.7317193612875011,0.7005791519175016,0.6653652895225034,0.6380604795425029,0.6035444213449985,0.5656212950375018,0.5346262644750022,0.4886317322799984,0.4416283856500008,0.3985890322499997,0.3599009699499999,0.32317464654500044,0.29078496960749955,0.2581459398550006,0.22283573787750025,0.1909206374775002,0.16092452137250102,0.1333716890724997
0.0,7.5,4.5,1.0,0.9891564760974998,0.9763195115599956,0.9406295769475002,0.9106833898100025,0.8690846147575035,0.8276579746325008,0.7810517613524999,0.7314431055550016,0.7024726001950008,0.6651247095375017,0.639580860585003,0.6044834767399977,0.565580871885002,0.535257848895,0.4880265881024995,0.44031719343000103,0.39770485479750006,0.3598417235475002,0.3218968525825001,0.28958688767749874,0.25595048415750055,0.22078829290249963,0.18934642630250043,0.15933560609500097,0.13125202251750015
0.0,7.5,5.0,1.0,0.9890967706399998,0.9761988194599955,0.9404509839025,0.9104484749350026,0.8685131334425036,0.8269926375025008,0.7803098382424999,0.7314564653675015,0.7023482731600008,0.6650365741000016,0.639447013577503,0.6044497995674977,0.565552946290002,0.535234961435,0.48800794222499955,0.43998611871750115,0.3973795585300002,0.35953183948250017,0.32148751620250005,0.2892734606174987,0.2558054821000005,0.22064597215249962,0.1892155394875004,0.15920799453750098,0.13114111188000016
0.0,10.0,0.0,1.0,0.9828109365774961,0.9635182223250004,0.9237956531124978,0.8895875028700023,0.8459091706200007,0.8032895915775026,0.7560959162699997,0.7050163310775023,0.6748956923450024,0.6384351081650016,0.6134734821424996,0.5773934664349989,0.5417529718624978,0.5120649339449992,0.47001368870750093,0.4267191782175013,0.38724398279249933,0.34960440464249976,0.3172368174824982,0.2861464362950007,0.25639538732500017,0.22365419150000054,0.19566571900000046,0.16755287971500013,0.14273200570250036
0.0,10.0,0.5,1.0,0.9828109365774961,0.9635182223250004,0.9237956531124978,0.8895875028700023,0.8459091706200007,0.8032895915775026,0.7560959162699997,0.7050163310775023,0.6748956923450024,0.6384351081650016,0.6134734821424996,0.5773934664349989,0.5417529718624978,0.5120649339449992,0.47001368870750093,0.4267191782175013,0.38724398279249933,0.34960440464249976,0.3172368174824982,0.2861464362950007,0.25639538732500017,0.22365419150000054,0.19566571900000046,0.16755287971500013,0.14273200570250036
0.0,10.0,1.0,1.0,0.9825531797074948,0.9624389676674996,0.9221649852424985,0.8863970313625016,0.8407595783775023,0.798108729732505,0.748242475685,0.6979945464600025,0.665386745440003,0.6282912864625022,0.6035149260975005,0.5701400268324985,0.535025698129997,0.5044772096099986,0.46242316719000004,0.41976541688250163,0.38012876565749926,0.3436741524774999,0.31246181307249804,0.28137928384000044,0.2518076240625006,0.21811669523000102,0.19022144659750004,0.16394256134500004,0.13840726723750052
0.0,10.0,1.5,1.0,0.984360232,0.96612431,0.927842328,0.893138538,0.849860775,0.808321733,0.758515445,0.707918674,0.672977712,0.634929185,0.610767699,0.579147203,0.545009043,0.513632589,0.471146614,0.426727228,0.385402146,0.348676599,0.31436206,0.281986961,0.250815281,0.217231529,0.189049815,0.16231378,0.13703472
0.0,10.0,2.0,1.0,0.9823419822099954,0.9618765114774992,0.9207184931099985,0.8836964590375013,0.8373201365800028,0.7937608151150051,0.7423511281725008,0.6881405584850018,0.653910987067503,0.6158324332925019,0.5905770892900014,0.5590156894174992,0.5258445786424973,0.4954311971924988,0.45394796852749997,0.4127382043100017,0.37390318285499946,0.3371431496749999,0.30453200767999844,0.27285423446000046,0.24354932896500048,0.2115567418025012,0.18372269881499975,0.15675092732499993,0.13169230908500046
0.0,10.0,2.5,1.0,0.9832433025999991,0.962890080194999,0.9225342009274994,0.8860459148800017,0.8396557328125028,0.796095016692503,0.744729475395001,0.6904558748500007,0.6559775207200029,0.6196536109025016,0.5930191476800009,0.5620534837674996,0.5284251690449986,0.4976536964175,0.45650536247999995,0.41400330466000157,0.3741934693124995,0.3373681051099998,0.3050028920149997,0.2744676853999997,0.24476754513750051,0.21187503172250063,0.1830461424874998,0.1561027712300005,0.1304699953775001
0.0,10.0,3.0,1.0,0.9830917629199994,0.962585535662499,0.9220465160649993,0.8851468634725014,0.8382833143600026,0.7935447797400029,0.7416464694875008,0.686569592130001,0.6530551059850024,0.6157615911050018,0.589545950865001,0.556274168465,0.5240472131949986,0.4931971992575005,0.45310957019750014,0.4107700882750014,0.3718655177974998,0.33569869060249957,0.3032245809999997,0.2733245937874997,0.24424878839000053,0.2114010351300006,0.18279472244749984,0.15565671126250052,0.1302190819400001
0.0,10.0,3.5,1.0,0.9833993768074997,0.9635632284699989,0.9229327937324983,0.8869366033825006,0.8400185842400019,0.7958197307950026,0.7443632913250003,0.688015362187502,0.655208999300002,0.617729069667502,0.5915253455275008,0.5570857886425004,0.5250659486149987,0.49496744164500045,0.45348485127250043,0.41170560698000125,0.37336913102749997,0.33830650700999954,0.30551055904499974,0.27528637936500017,0.24685537107000044,0.21411024817500038,0.18372038011749997,0.15588074815000058,0.12950545863000013
0.0,10.0,4.0,1.0,0.9834217229449996,0.9634671497324989,0.9228024295124984,0.8867527317775005,0.8396525946975018,0.7951889652875026,0.7441412836900001,0.6875558210050022,0.6546257228025019,0.6169464108025021,0.5907692469225007,0.5558099993200004,0.5237851590249987,0.49395119139000065,0.45261977240500045,0.4110214870700012,0.3730076393225001,0.3377906577949995,0.3049728283749997,0.2747504987400002,0.24636616839000053,0.21376270991250043,0.1835677391325,0.1557484473500006,0.12945308845500014
0.0,10.0,4.5,1.0,0.9831678032424982,0.9628443585649987,0.9211694544599984,0.8845902187075009,0.8357493453700016,0.7897608966325019,0.7383415495400008,0.6823137683175016,0.648815573740001,0.6103573849050005,0.5844539749825004,0.5501309486949997,0.5177978602774995,0.48814509279750007,0.4463616004375005,0.404446117767501,0.3667979087525005,0.3326358842825003,0.3008056370574995,0.2711155320349992,0.2422457321250006,0.21035224728249985,0.18100249075000005,0.15368445368000047,0.1272163548975004
0.0,10.0,5.0,1.0,0.983075007997498,0.9626601808674987,0.9209908614149985,0.8843553038325009,0.8352451628800016,0.7890232491700019,0.7375321666150007,0.6821897043400016,0.6484039092425009,0.6101236846550006,0.5841448270700004,0.5499130196049997,0.5176149411249995,0.4879655679375,0.44619055333000057,0.40417174242500103,0.36630343741750054,0.3323347409900003,0.30040319922749953,0.27095771878249925,0.2421007300675006,0.21020992653249984,0.18087160393500007,0.15355684212250048,0.12710544426000042
0.0,12.5,0.0,1.0,0.9796826713299986,0.9577283149650018,0.9159765150124991,0.8790363610650032,0.8345668454325011,0.7932860615150022,0.7445542968475002,0.6948928378400017,0.665647521682503,0.6302336426325009,0.6045352562224996,0.5660639939124991,0.5295746770249979,0.4973589824899992,0.4557064576150011,0.4126952800425007,0.3727047034624988,0.3368678139575001,0.30419491026499856,0.27340723424250013,0.24538087507749995,0.21428815184000033,0.18816617563500035,0.16257433219750042,0.1385918344625001
0.0,12.5,0.5,1.0,0.9796826713299986,0.9577283149650018,0.9159765150124991,0.8790363610650032,0.8345668454325011,0.7932860615150022,0.7445542968475002,0.6948928378400017,0.665647521682503,0.6302336426325009,0.6045352562224996,0.5660639939124991,0.5295746770249979,0.4973589824899992,0.4557064576150011,0.4126952800425007,0.3727047034624988,0.3368678139575001,0.30419491026499856,0.27340723424250013,0.24538087507749995,0.21428815184000033,0.18816617563500035,0.16257433219750042,0.1385918344625001
0.0,12.5,1.0,1.0,0.9793343857324979,0.956591932920001,0.9144024632075,0.8760329503525027,0.8296727150050023,0.7883555695500037,0.7377325248950001,0.688900847947502,0.6573174753225034,0.6212976242425013,0.5959794513225001,0.560017339794999,0.5242013667449972,0.49138890690999865,0.4498267151625004,0.4072276898900008,0.3668002105774991,0.3316473177900001,0.2995193322849984,0.26912271382249997,0.24075628942500024,0.20856120616250057,0.18252080644000013,0.15839478247250022,0.1338138406575002
0.0,12.5,1.5,1.0,0.9795008542674983,0.9567348514175008,0.9149581010700004,0.8767419185250028,0.8305966636675022,0.7887578889500045,0.7379341691200004,0.6885084753575016,0.6562569834475034,0.6193375504125013,0.5940986136550008,0.5585440401449993,0.5228984889499972,0.49039370005249866,0.44847112801250033,0.405667346610001,0.36484731693749894,0.3296615743950002,0.29577048409749834,0.2639889524475001,0.23544380298,0.2039725513025009,0.1770619734174998,0.1522931749125,0.1282865076600003
0.0,12.5,2.0,1.0,0.9793200518049988,0.9562643144375005,0.9133541356400003,0.8740614300100025,0.8273678077575025,0.7845856404575041,0.7329187572175005,0.6803222442675013,0.6471106596550034,0.6095929741475011,0.583799494047501,0.5498279180049997,0.5156565497349975,0.483618066509999,0.44236035543250063,0.400965878700001,0.36120743086249907,0.32596314552000016,0.2922477081774987,0.26053062419000006,0.23232671025500007,0.20133762737000085,0.17475398600999972,0.1496412756800001,0.12544580918000026
0.0,12.5,2.5,1.0,0.9797551601100015,0.9566602754275005,0.9143552867300011,0.8752250149200029,0.8285661096375025,0.7855622540675022,0.7334975086075007,0.6802660991950005,0.6469699860950031,0.611578899417501,0.5843304905100004,0.5505428705925002,0.5162776078174982,0.4839200309949998,0.44313749029000066,0.400807015582501,0.36033759919499914,0.32508679621499986,0.29174658179999946,0.26084709263249956,0.23258321526000003,0.2012101833975004,0.17392073557249982,0.14875088137750048,0.12411659900749994
0.0,12.5,3.0,1.0,0.9795968504850019,0.9564309999800004,0.9140479790850007,0.8745182600800026,0.8273667180675024,0.7836887503000021,0.7312713895075007,0.6769130256275006,0.6447989926075026,0.608468636445001,0.5814760076750004,0.5455333199975005,0.5126595171599981,0.4802290749250001,0.44050350925750065,0.3980378736150009,0.35837431211499937,0.32374222073749975,0.2903867557999995,0.2598498814549995,0.23219336062750004,0.20084864040750033,0.17371372554999984,0.1483181779800005,0.12395636232249994
0.0,12.5,3.5,1.0,0.9798198778700019,0.9570420286900001,0.914646278564999,0.8757190649425014,0.8285624383925011,0.7853520421750021,0.7334774209874999,0.6781547995750014,0.6464244468550026,0.6097990002675014,0.5830137266200003,0.5463734277300005,0.5134712323574984,0.48172231067750004,0.44077458313000106,0.3987188614350006,0.35956887915499963,0.3257075115174996,0.29258275042499987,0.2621124665,0.23488673889000014,0.20325839678500024,0.17465710790749994,0.14846283978500055,0.1233107420375
0.0,12.5,4.0,1.0,0.979842224007502,0.9569880601250002,0.9145753230224989,0.8756017449000013,0.8282711616050008,0.7847994382225021,0.7331606858674998,0.6779184006825015,0.6460043999975024,0.6091544493275015,0.5823934940600002,0.5451112795600006,0.5121454699549983,0.4805392851200003,0.439379420385001,0.3973209930500006,0.3578437469324998,0.3240572819124996,0.2910814124974998,0.26044660697,0.23349804361500023,0.20243599292500025,0.1742864083725,0.14818500810500054,0.12321123870500005
0.0,12.5,4.5,1.0,0.9795634062950005,0.95641689875,0.9129741730874992,0.8732799209075016,0.8243873107275007,0.7797155128500015,0.7266703902900002,0.6721119902075011,0.6394875245300013,0.6020537350600003,0.5757735078450001,0.5385390023175002,0.5051390217449993,0.47317079349250013,0.43206030450250077,0.3903358913925005,0.3507735470400005,0.31736518826500054,0.28496090627999954,0.25487258542999897,0.2279477702175004,0.19764756017749976,0.17086893902250014,0.14562298043750047,0.12061668097000032
0.0,12.5,5.0,1.0,0.9794706110500004,0.9562633214875,0.9127955800424992,0.8730450060325016,0.8238831282375009,0.7789778653875014,0.7258610073650001,0.6720502818425012,0.6391366022000013,0.6018200348100003,0.5755261478525001,0.5384179415850002,0.5050236850699993,0.4730596906525001,0.43207187159750077,0.39012662814000054,0.3503432685300005,0.31709943781000055,0.28455846844999955,0.25476827204999897,0.22786896558250036,0.1975718958699998,0.17080460339500014,0.14549536888000048,0.12050577033250033
0.0,15.0,0.0,1.0,0.9783709846424989,0.9548773511000022,0.9104815048924989,0.8716054838500032,0.8247884660700013,0.7790569970275009,0.7287220231075,0.6738833567725022,0.6374399515925022,0.5989521657424995,0.5753219671175003,0.5431105081449992,0.5101777620224978,0.48178671526749917,0.44300350984500114,0.40279884206750055,0.366681221109999,0.3323872392175001,0.30119127072499874,0.27108325734250005,0.2428097468250001,0.2126655818775003,0.18649325202500033,0.16013691537500047,0.13651347743250003
0.0,15.0,0.5,1.0,0.9783709846424989,0.9548773511000022,0.9104815048924989,0.8716054838500032,0.8247884660700013,0.7790569970275009,0.7287220231075,0.6738833567725022,0.6374399515925022,0.5989521657424995,0.5753219671175003,0.5431105081449992,0.5101777620224978,0.48178671526749917,0.44300350984500114,0.40279884206750055,0.366681221109999,0.3323872392175001,0.30119127072499874,0.27108325734250005,0.2428097468250001,0.2126655818775003,0.18649325202500033,0.16013691537500047,0.13651347743250003
0.0,15.0,1.0,1.0,0.9780939017974986,0.9539852668125016,0.9091486085849998,0.8690032520475023,0.8203409183325021,0.774611599790002,0.7217671829100002,0.6682803566575022,0.6295334370025025,0.5910130589599999,0.5674287578700006,0.537422910099999,0.5054949855674972,0.4768682736399985,0.43803147549250054,0.3979898055600008,0.3611717271399993,0.3279255203700003,0.2972366526374986,0.2672487269674999,0.23875841069500034,0.20718792833000052,0.18123636189250011,0.15618690152750028,0.13173548362750012
0.0,15.0,1.5,1.0,0.9782693208674991,0.9541431632925014,0.9097402363925003,0.8696775467300025,0.8212421294750023,0.7750479513625028,0.7219879145500002,0.6678948708625019,0.6284816909175027,0.5891406634024997,0.5656442848075008,0.5362627403899989,0.5042394340624972,0.47585231322249866,0.4367402606200006,0.3964080525050009,0.3592260646749992,0.32595203741250034,0.29333096675749865,0.2619885734025,0.23339976659000017,0.2025802860650008,0.1757689456699998,0.15036915117750008,0.12674401360000026
0.0,15.0,2.0,1.0,0.9782668710099994,0.9539734803500011,0.9088221646825005,0.8679369440925023,0.8188703180450024,0.7724270013925026,0.7180339889425004,0.6616047564925012,0.6220659515800028,0.5812907672124994,0.5587489514,0.5300892819024992,0.4987026340874974,0.46985691458749906,0.43117966675750097,0.39163942739250096,0.3554299694599992,0.3222948090700001,0.2900129079149989,0.25876837075499987,0.2304527035125002,0.1997379562500008,0.1728703600224997,0.14738721890500012,0.12350930061750026
0.0,15.0,2.5,1.0,0.978542896510002,0.953997104135001,0.9091651642875012,0.8680266427800024,0.8191032289800027,0.7726289401825014,0.7173159553875006,0.6605963614425004,0.6208770436550025,0.580178440179999,0.5579466652649996,0.5290540324424993,0.4974266067074977,0.4678903944324995,0.42981544236750113,0.389907720880001,0.35374396134999936,0.3203655127299998,0.2886260212849997,0.25854067642499945,0.23078410685500014,0.1995381748275003,0.17194660645749976,0.1464032566400005,0.12208597444999998
0.0,15.0,3.0,1.0,0.9783599778800023,0.9537304344775006,0.9085145327025009,0.8668998541050021,0.8171538399675023,0.7695754826550012,0.7136799453475,0.6557503591450007,0.6168683707900025,0.5753642949699992,0.5530314516050001,0.5220610874924994,0.4920332844824978,0.4625675847975,0.4255953675425009,0.3857954728900011,0.3508688418949996,0.31826094762499973,0.28684728117749975,0.2573452477124994,0.23021525352000016,0.19906702404250026,0.1716751771174998,0.1458630362125005,0.12192573776499999
0.0,15.0,3.5,1.0,0.9784782242350023,0.9540285563300003,0.909011076487499,0.8677246650000017,0.8177212591975014,0.7710030519650014,0.7156237770299992,0.6569877203500013,0.6194555888325026,0.5783756511999992,0.5562711244524998,0.5233759453799992,0.4931179759699982,0.4635406882800001,0.4257120489800012,0.3862456081925007,0.3518413960274998,0.3198111205249996,0.2890040405775,0.2597402154374999,0.23298303502000026,0.20145214272000025,0.17265101460249993,0.14616717195250054,0.12147528875500006
0.0,15.0,4.0,1.0,0.9785005703725024,0.9540065335200003,0.9089860397574989,0.8676658185950015,0.8174299824100011,0.7705278025100015,0.7150716515974992,0.6566026421050014,0.6195678534750027,0.5783967291299992,0.5562462735874998,0.5227677916649992,0.49239726494249814,0.4629641687525002,0.42466839128500106,0.3851040355300007,0.35031087558,0.31818768850499973,0.28750270265,0.25807435590749994,0.2315943397450003,0.20062973886000024,0.17228031506749997,0.14588934027250056,0.12137578542250012
0.0,15.0,4.5,1.0,0.978030931435001,0.9530502285000003,0.9070000564849988,0.8647939864425015,0.812466528192501,0.7635692096450007,0.7062937289274993,0.6483907197750007,0.6103457561175017,0.568530393249999,0.5466357637775006,0.5136241112324993,0.4830353988749988,0.45336313551000046,0.4159502567625004,0.37703628332000094,0.34258723034750055,0.3110185863600005,0.28127602528749956,0.25204564411749897,0.22596929785250044,0.19576950384999978,0.16863910003750018,0.14299110223000044,0.11855464993500033
0.0,15.0,5.0,1.0,0.9779381361900009,0.9528966512375004,0.9068214634399987,0.8644920200950017,0.8118775095300009,0.7627298337125006,0.7053655712299992,0.6480863424275006,0.6097378611775016,0.5676631232699989,0.5457874211800007,0.5129129477399996,0.48234725232749887,0.45269967818500056,0.41544403479750047,0.37660473967250085,0.3421569518375005,0.31075283590500047,0.2808735874574996,0.251988349722499,0.22589049321750043,0.19569383954249975,0.16857476441000016,0.14286349067250048,0.11844373929750032
0.0,17.5,0.0,1.0,0.9765688107549998,0.9507859291125021,0.9033642693324979,0.8621979050025028,0.813913168100001,0.7675130041100001,0.7160920304024992,0.6596402005225026,0.620959879197502,0.5827496947774986,0.5580177134475001,0.5287567584324989,0.4965415558349979,0.46946759605249966,0.4323860909800013,0.3921771637075003,0.3561924305699992,0.3214353987900001,0.29184781212999916,0.26401638098250013,0.23512576546250036,0.20387693725750014,0.17794142648250066,0.15274067698250063,0.12983110497249994
0.0,17.5,0.5,1.0,0.9765688107549998,0.9507859291125021,0.9033642693324979,0.8621979050025028,0.813913168100001,0.7675130041100001,0.7160920304024992,0.6596402005225026,0.620959879197502,0.5827496947774986,0.5580177134475001,0.5287567584324989,0.4965415558349979,0.46946759605249966,0.4323860909800013,0.3921771637075003,0.3561924305699992,0.3214353987900001,0.29184781212999916,0.26401638098250013,0.23512576546250036,0.20387693725750014,0.17794142648250066,0.15274067698250063,0.12983110497249994
0.0,17.5,1.0,1.0,0.9762974620249999,0.9501118712550014,0.902396790894999,0.860126784640002,0.8099579969825019,0.7636875427175011,0.7103696719224993,0.6553817253300029,0.6143537927225021,0.5755836092499989,0.5513263961775005,0.5246663542174989,0.4930357664874975,0.465909335404999,0.4287483486625009,0.3887880645275005,0.3521530457474995,0.3182997118475003,0.28926606622749906,0.26149785640250006,0.23260200949250048,0.20080533989250035,0.1750095922075004,0.15028317949750042,0.12661564227000008
0.0,17.5,1.5,1.0,0.9764977981350005,0.9502813421100013,0.9029882657174995,0.8606115460500021,0.8106162752950021,0.7638001395625018,0.7105400329874996,0.6553126446000027,0.6136175386475023,0.5741045049724989,0.5498938562000006,0.5234757643224988,0.49174619179499734,0.4648933749874991,0.42745713379000094,0.38694127252000066,0.3499599291724994,0.3160931918175003,0.28488655518249933,0.2555605983875003,0.22661116277250032,0.19575225288750064,0.16946348730250008,0.1444931451100002,0.12168177363500027
0.0,17.5,2.0,1.0,0.9765575709125008,0.9502469489550007,0.9023123149899998,0.859295661480002,0.8085442395950021,0.7618313208325018,0.7071910754524996,0.650059233765002,0.6091533717150028,0.5683187114374985,0.5444739645549994,0.5178318622624987,0.48693121608499756,0.4593824764424996,0.42231845952500136,0.38259924636000087,0.3461759232724997,0.3126066263124995,0.2816617154399996,0.25253108158750026,0.2236074852025002,0.1928260119700008,0.16625215391250006,0.14145249561000017,0.1185962493725003
0.0,17.5,2.5,1.0,0.9765683380125028,0.9499686926450007,0.9020842631100002,0.8586841385650019,0.807952351842502,0.7611622927100011,0.7054424712199995,0.6483658329275014,0.6074560945750027,0.5665912178024981,0.542843884119999,0.5160961311799988,0.4851044200674978,0.456808867135,0.42024686273250156,0.3801129515900008,0.34383372575249965,0.3103463270174992,0.2797309799525003,0.25177145717999994,0.22349270726500012,0.19217986702250045,0.16516953022000017,0.14037715947250043,0.11722160047000012
0.0,17.5,3.0,1.0,0.976361030887503,0.9496240359450004,0.90129799481,0.8574461120150018,0.8056881399625017,0.757630319867501,0.701457188107499,0.642857569727501,0.6028593859100027,0.5612590185499983,0.5371762847499996,0.5087024803824991,0.47927097167749794,0.45069600747250044,0.41533696995250147,0.3753096910475009,0.3406261054124999,0.3079031600324992,0.27776385673750037,0.2504462758074999,0.22296499746750015,0.19140366127750044,0.16454122538750016,0.13965406415750042,0.11671974239000012
0.0,17.5,3.5,1.0,0.9764616586925028,0.9499140114100002,0.901806172514998,0.8581736383025012,0.8061031191100008,0.7585522781000011,0.7033240931749982,0.6435250114450015,0.6048882529300036,0.5629586378099982,0.5395524294899987,0.5096243586999986,0.4798546045874981,0.4518951416600005,0.4157042307500018,0.3758797700450006,0.34133258278000006,0.30896010969749904,0.2791569118200006,0.25183180545500045,0.22383623552250026,0.19190191782500055,0.1643719162650003,0.13920856113500044,0.1160551773725002
0.0,17.5,4.0,1.0,0.9764907747750029,0.9498996807475002,0.9015988855174979,0.8578764304450012,0.8057948479175008,0.758036669160001,0.7027608908499982,0.6431629729850016,0.6051604956825036,0.5631374062999981,0.5396956554899988,0.5091600283649985,0.4792656657724981,0.4513723839575005,0.41475139032000174,0.3748079166350006,0.3398817211050003,0.30742865011499915,0.27767595391000055,0.25016594592500047,0.22244754024750032,0.19107951396500053,0.16400121673000034,0.13893072945500046,0.11595567404000023
0.0,17.5,4.5,1.0,0.9758696540800017,0.9488211061350006,0.8993106662049977,0.8547533666150012,0.7998299109375008,0.7495859778350004,0.6919464137849984,0.6316942056299996,0.592525288745002,0.5504575806724984,0.526818444322501,0.497294288429999,0.4676846386349989,0.4399543947175005,0.4046596768475003,0.36546154859250135,0.33102727441750096,0.29936564482750055,0.2707017437349997,0.2429305999349994,0.21542619829250043,0.18491247227750005,0.15904291026500036,0.13479529721000036,0.11183064305750039
0.0,17.5,5.0,1.0,0.9757768588350015,0.9486675288725006,0.8991320731599975,0.8544514002675014,0.7992408922750007,0.7487466019025003,0.6910182560874983,0.6309504642374995,0.5910539863025019,0.5491711209749983,0.525092345195001,0.49573375070249925,0.46655495074749886,0.4388659096775005,0.4035192015275003,0.36465542549000135,0.33039271789500096,0.2986295967925005,0.27015332582499973,0.24245781273499947,0.21508746904000042,0.18461170374250002,0.15884205154500036,0.13462624355750036,0.11171973242000037
0.0,20.0,0.0,1.0,0.9729654165425003,0.9428514237975029,0.8923984552374972,0.8472232299325034,0.7951019326550021,0.7435361173849999,0.6901676541699995,0.6318139460525032,0.5896609661200014,0.5484479656899979,0.5256257843275008,0.49996752635999964,0.4693645328474977,0.4431468722425001,0.40650534651500136,0.3681080344725004,0.3334802274399991,0.30246348983750004,0.27358651323249966,0.24507578759249998,0.2202894456025006,0.1915468049024999,0.1662627130275007,0.14358487407750065,0.12284569266999985
0.0,20.0,0.5,1.0,0.9729654165425003,0.9428514237975029,0.8923984552374972,0.8472232299325034,0.7951019326550021,0.7435361173849999,0.6901676541699995,0.6318139460525032,0.5896609661200014,0.5484479656899979,0.5256257843275008,0.49996752635999964,0.4693645328474977,0.4431468722425001,0.40650534651500136,0.3681080344725004,0.3334802274399991,0.30246348983750004,0.27358651323249966,0.24507578759249998,0.2202894456025006,0.1915468049024999,0.1662627130275007,0.14358487407750065,0.12284569266999985
0.0,20.0,1.0,1.0,0.9729595448550005,0.9429618768125024,0.8929759872724975,0.8473076976950028,0.7946740785300022,0.7438492332550001,0.6895651937274994,0.6323128701100033,0.5886795927525015,0.547584814477498,0.524989166960001,0.5010246896274994,0.47105246446999743,0.44464979039999974,0.407632783915001,0.36891243010000047,0.33238334539499925,0.30135701913000007,0.2730577664149996,0.24470092654999992,0.21929237641750066,0.18982268286499998,0.1649205647800006,0.1423951413550005,0.12097007633499997
0.0,20.0,1.5,1.0,0.973172998972501,0.9431739045000022,0.8936659953499979,0.8479716509050028,0.795440290920002,0.7443867876650003,0.6901494850849995,0.632742739562503,0.5887563333850016,0.5471875934049979,0.5245727028850012,0.5006577812999994,0.4705365705024975,0.44408806037249987,0.4068445448775011,0.3679205991275005,0.3313983147074993,0.30017589616750007,0.2698409561774998,0.2399515054125001,0.2142719692175004,0.18480075255500023,0.1593041421100005,0.13686874855750034,0.11595705276750012
0.0,20.0,2.0,1.0,0.9733076570175014,0.9433240097350019,0.8935035843374983,0.8472845054775027,0.7942750674750019,0.7433782206300004,0.6871666901549993,0.6293488800375022,0.5850041746000026,0.5420832195949976,0.5192361341524999,0.4951071115174988,0.4660541136849979,0.4393049449825003,0.40307761712000173,0.3649766790150006,0.3287464674574994,0.29790874622999935,0.26790216044500004,0.23813151888750025,0.21218293620750014,0.18226815231250054,0.15665074588500047,0.1342100680350003,0.11315397774750018
0.0,20.0,2.5,1.0,0.9731540467575023,0.9427892675675021,0.8930389547074985,0.8464517076475029,0.7931606546925017,0.7420533234725002,0.6853349116499992,0.627670409900002,0.5840679360000026,0.5410260063024973,0.5185382595149997,0.494074611537499,0.46468187795499794,0.43719893515500047,0.40148554746250187,0.36359980087750055,0.3271664276424994,0.2955549981224992,0.2655923314525003,0.2368442624675002,0.21133677293250003,0.18083787152250047,0.15548943142750052,0.13280490708000037,0.11167599339000012
0.0,20.0,3.0,1.0,0.9729366712100028,0.9423092480425018,0.8918313356149984,0.8441224601800026,0.7898554999900014,0.7377011577949998,0.6799020419249986,0.6208830801550013,0.5774959632550027,0.5336868255774978,0.5105566283024997,0.48438493382999903,0.4563665143274982,0.4291311059600009,0.39454346843000176,0.35827630816000083,0.32347636172249983,0.29255842376999913,0.2628522292300004,0.23457901146750026,0.2097556081524999,0.17909648800750053,0.1540236754675005,0.1312976993150003,0.11046994280000018
0.0,20.0,3.5,1.0,0.972446181,0.941655216,0.891100888,0.84415359,0.789541613,0.737369928,0.678650458,0.621063372,0.578266852,0.533998412,0.512382133,0.484695886,0.455234416,0.428504871,0.392511479,0.354770692,0.31980213,0.288465084,0.259042921,0.231201087,0.204512894,0.175769762,0.15169514,0.128883625,0.1073438
0.0,20.0,4.0,1.0,0.9728680132800025,0.9421591108925016,0.8914343586999969,0.8438072727000021,0.7889529867950005,0.7364499669399998,0.6790874767274979,0.620128361655002,0.5778647342425036,0.5324039755174974,0.511291468012499,0.48403126811249847,0.4546258225124983,0.4288680898250011,0.392840631637502,0.3564963470375008,0.3210394750775002,0.29035448145749915,0.26067830624000066,0.23217149202250062,0.20675291455750003,0.17765326728500072,0.15302623703500065,0.1303309519425003,0.10966093281000029
0.0,20.0,4.5,1.0,0.9719958064350013,0.9406118077325022,0.8886220541099965,0.8403752489725023,0.7819850025900004,0.7263778852699991,0.6672354189799978,0.6071645285199997,0.5641456510900021,0.5185560508224983,0.497192977690001,0.47072693446749914,0.4418786702949986,0.4163937026525008,0.3820238184200004,0.34606907389750147,0.3114384624075011,0.28165414350750045,0.25366710199749964,0.22494946477499972,0.1997053574950003,0.17134669857500018,0.14790036992000066,0.12598537640250027,0.10525243759000043
0.0,20.0,5.0,1.0,0.9719030111900012,0.9404582304700021,0.8884434610649966,0.8400732826250024,0.7813959839275004,0.7255385093374991,0.6663072612824976,0.6063829294149997,0.562764278900002,0.5173577265624982,0.49556148505000097,0.4691663967399993,0.4407489824074986,0.41530521761250094,0.3808833431000004,0.3452629507950015,0.31068912518250114,0.2809055639800005,0.25311868408749966,0.2244766775749997,0.19936662824250026,0.17104593004000018,0.14769951120000066,0.12588199012000026,0.10514152695250041
0.0,22.5,0.0,1.0,0.9722506562150006,0.9413285637525025,0.890149170882497,0.8438922299625038,0.7908240853150023,0.7384656488099999,0.6828173340549993,0.6253290970725033,0.5823523831550013,0.5408518295674978,0.518892451952501,0.4928604992125,0.4638011288399975,0.4378419050975002,0.4020426332475014,0.36419643514500016,0.3297391771799991,0.2985269414875001,0.26991411799249965,0.24242116302749991,0.21728911321500066,0.18954943396999976,0.1652822741375007,0.14290185708750067,0.12230114451249983
0.0,22.5,0.5,1.0,0.9722506562150006,0.9413285637525025,0.890149170882497,0.8438922299625038,0.7908240853150023,0.7384656488099999,0.6828173340549993,0.6253290970725033,0.5823523831550013,0.5408518295674978,0.518892451952501,0.4928604992125,0.4638011288399975,0.4378419050975002,0.4020426332475014,0.36419643514500016,0.3297391771799991,0.2985269414875001,0.26991411799249965,0.24242116302749991,0.21728911321500066,0.18954943396999976,0.1652822741375007,0.14290185708750067,0.12230114451249983
0.0,22.5,1.0,1.0,0.9724037028425007,0.9417965188000025,0.8912840010674973,0.8448751695375034,0.7917952674075022,0.7405108125400001,0.6843455049774994,0.6272235004925033,0.5830823998625013,0.5421582966499978,0.5197565336300012,0.4952678325324998,0.46628026337499734,0.4396129487524999,0.40301005744000107,0.36477189341500027,0.3288422379899992,0.29781558084000004,0.26978450209499955,0.24175774022249993,0.21621604616250067,0.18755601818499987,0.16376554213000066,0.14168198638500054,0.12047895820249994
0.0,22.5,1.5,1.0,0.9726718077350012,0.9421022670250023,0.8920345435749977,0.8457388708250035,0.7928044794075021,0.7414657327750003,0.6850800825449997,0.6276533699450031,0.5833541579525015,0.5417610755774978,0.5193400695550014,0.4950986078099998,0.4661254737399974,0.4395642949575,0.4025427990825012,0.3640533505075005,0.3282278839399993,0.29717978611750007,0.2673607319824997,0.2378770792775001,0.2123477488275004,0.18316030181750015,0.15842274534500053,0.13619805977000038,0.1155106097625001
0.0,22.5,2.0,1.0,0.9728064657800016,0.9422564926500021,0.891899379099998,0.8450907973575034,0.7916904737375019,0.7405764439925002,0.6822492880824993,0.6244910540200023,0.5797827943300025,0.5370320309174975,0.5144088705850001,0.4899396437399992,0.4616430169224978,0.43478117956750034,0.3988765048700018,0.3613678896900005,0.3259696243574994,0.2949618387649994,0.265631266365,0.23618240275250024,0.2103743143325001,0.18085285681000043,0.1558699094300005,0.1336391234275003,0.11279481458000015
0.0,22.5,2.5,1.0,0.9726180102300022,0.9416607610800024,0.8913879824449981,0.8443726014675035,0.7908531831350016,0.7392317390950001,0.6808850568524992,0.6228332895925022,0.5789876075200024,0.5363838825799973,0.5138562058025,0.48906610484249946,0.4602040172124978,0.4328691878325005,0.3976743109125019,0.36027766792750043,0.3246100655049993,0.2931363551574993,0.2635719220300001,0.23528984770250022,0.209874068815,0.17971350562000044,0.15466822995250054,0.13219203972500038,0.11131006783250012
0.0,22.5,3.0,1.0,0.9724006346825026,0.9410581738850019,0.8899532959199979,0.8418928530925028,0.7875606546550011,0.7350574630699996,0.6755803918799986,0.6161006965150012,0.5724409177175026,0.5289930209174977,0.5058975636349998,0.4795107612099994,0.4520012421399982,0.425132114327501,0.3910360772100019,0.3550222357575008,0.3209692125174998,0.29011391259499936,0.26080934320500027,0.23297689373250022,0.2080278023149999,0.1777105023450005,0.15300921604000053,0.1305581846000003,0.11004189274250016
0.0,22.5,3.5,1.0,0.9722149914450025,0.9407224628775017,0.8894475971749968,0.8414247323600023,0.7865259987175004,0.7340134268049997,0.674882868872498,0.6154878950475018,0.5724768284700035,0.5279002636124972,0.5065512476474993,0.4793136030424987,0.4509301614524982,0.425470350835001,0.39001231318000207,0.35392402377250076,0.31981597280249996,0.2889292759949992,0.25967281214250065,0.23167466014500054,0.20621676174000003,0.17698050980250069,0.15230857769750064,0.12986926890750028,0.10928385980500023
0.0,22.5,4.0,1.0,0.9722441075275025,0.9407278507500016,0.8892683624249967,0.8411490007075024,0.7862610432025005,0.7335495826799995,0.6743196665474979,0.6151452068175018,0.5725299140675034,0.5274193914924972,0.5064743071949992,0.4788508121174987,0.4502131735274982,0.42482360181500106,0.389138180875002,0.3528806898775009,0.31821591352000017,0.2874419882474993,0.25818092101750056,0.22995130809500058,0.20470815294,0.1761236622000007,0.15193787816250065,0.1295914372275003,0.10918435647250029
0.0,22.5,4.5,1.0,0.9713719006825012,0.9391929087675023,0.8864903801299963,0.8376779403225026,0.7793897490875002,0.7235704440599988,0.6624469064524976,0.6020960001799998,0.558752560892502,0.5134583580949983,0.492350904147501,0.46565183923999953,0.43747755675749844,0.4124183116825011,0.3784246403800003,0.3425310530650015,0.30868361670250116,0.27887784435000057,0.2513108037999996,0.22290547148999973,0.19778910577250022,0.16991116072000018,0.14682868519250067,0.12524684173750025,0.10480458121750041
0.0,22.5,5.0,1.0,0.9712791054375011,0.9390393315050024,0.8863117870849964,0.8373759739750026,0.7788007304250003,0.7227310681274989,0.6615187487549976,0.6013144010749998,0.5573711887025019,0.5122935797274983,0.49073796308250095,0.4640643864924996,0.4363415857124985,0.4113298266425012,0.3772841650600003,0.34177300036500147,0.30796919331250117,0.2781359448925006,0.2507679017674996,0.22242505547999972,0.19745037652000022,0.16961039218500018,0.14662782647250064,0.12514345545500025,0.10469367058000043
0.0,25.0,0.0,1.0,0.967381005,0.932841852,0.879890188,0.831485116,0.776260302,0.723769336,0.665182445,0.606969334,0.563425599,0.518098106,0.499432702,0.474520245,0.447275521,0.421949872,0.38747325,0.351563767,0.318029152,0.288428526,0.260897374,0.235003299,0.209970181,0.182988802,0.160320048,0.138794502,0.118421917
0.0,25.0,0.5,1.0,0.9703611410724963,0.9376974447200038,0.8852585445849948,0.8375437574750049,0.7844512527575024,0.7316076949849989,0.6735124255874997,0.6150492635650032,0.5702332882525,0.5256336735924976,0.5066520331300031,0.48231713223750033,0.4550895302749975,0.4299145175599998,0.39548251340749985,0.35922831670750044,0.32586531815249875,0.2952755402300008,0.267354683567499,0.2419998773674994,0.2167966969200011,0.18982900741999914,0.16551738114250078,0.14337356972250084,0.12261441413499975
0.0,25.0,1.0,1.0,0.9705809193824961,0.9382877804500036,0.886594819302495,0.8387945718450045,0.7854224348500025,0.733443406349999,0.6744081079824997,0.6162996476425032,0.570326767185,0.5260799788249977,0.5070865590900033,0.48428965874500013,0.45713301460499745,0.43125322349749967,0.39624112803249967,0.3597964631150006,0.3249683789624989,0.29456417958250075,0.267225067669999,0.24137059565499938,0.2157602541700011,0.1878355916349992,0.16409441447500073,0.14211515253250068,0.12067135799749985
0.0,25.0,1.5,1.0,0.9708578985874969,0.9385681528725036,0.8872726977974955,0.8397565948550045,0.7865428756175024,0.7345184423399993,0.67531311428,0.6170754348325032,0.5710812133250002,0.5262301857374977,0.5071939527625033,0.4845291172975002,0.4570999486149974,0.4312879836274997,0.39584430111749974,0.3590772216800006,0.3243478539324989,0.29398434164750076,0.26484692186499914,0.23765299073999954,0.21196520544000083,0.1832809179974995,0.1581921739525006,0.1361139684025005,0.11500738435250005
0.0,25.0,2.0,1.0,0.9709925566324974,0.9387835512325033,0.8872307126024956,0.8391636919825044,0.7854342675975022,0.7340638322224994,0.6732455006699997,0.6157386104550026,0.5702163607125013,0.5241062797499976,0.504496496535002,0.4814347845599996,0.45420694858249777,0.4276209469575001,0.39272864738250024,0.3566298967775008,0.322002039012499,0.2917741335250001,0.26311745624749944,0.23584327096499969,0.20988650652000054,0.1809261156499998,0.1555964809900006,0.13351648557250043,0.11210552630250013
0.0,25.0,2.5,1.0,0.9708080720599979,0.9381805208675036,0.8867965860049958,0.8385044098375046,0.784659906172502,0.7330383596799993,0.6720557466199995,0.6145296995300025,0.5693131120000011,0.5230904084549973,0.5036219033575019,0.48039188979749986,0.4530459545999978,0.42603555990250025,0.3915264534250003,0.35553967501500067,0.32059697405249893,0.2899168826075001,0.26100807693499956,0.23478301863999962,0.20928099657750043,0.17960506916499974,0.1543301386100006,0.13197907881500048,0.11051625545500011
0.0,25.0,3.0,1.0,0.9705529609524981,0.9370414038950028,0.8842485364674951,0.8343059133925034,0.7797393610150009,0.727514020212499,0.6657327312424987,0.6068964248850011,0.5620996603650018,0.5158722954049978,0.4956016202375019,0.4703434407349997,0.44378081195249824,0.4174696775150008,0.38386232674500015,0.3491900288175009,0.3164616227799996,0.28624003948000026,0.2574884854324997,0.23199949393249966,0.20703707749750033,0.17727504118999984,0.1522846087925006,0.12996528161000037,0.10884090415750018
0.0,25.0,3.5,1.0,0.9703546228649981,0.9366050484050029,0.8837030674174948,0.8339132736875032,0.7788494215500004,0.726781006412499,0.6652335327874982,0.6058698345050011,0.561618521457502,0.5145857236074977,0.4958784819950017,0.4696848456124993,0.4424882358449983,0.41759442577500083,0.38291195876500034,0.3482188780075009,0.3154603827774997,0.2851527409200002,0.2564035446849999,0.23068598871749987,0.2049914677425004,0.17620439182999992,0.15128774443000068,0.12892079246000035,0.10769650214500022
0.0,25.0,4.0,1.0,0.9703837389474981,0.9366104362775028,0.8836095139749948,0.8337493305225031,0.7785844660350003,0.7263171622874988,0.6646703304624982,0.6055271462750011,0.561671607055002,0.5141048514874977,0.49580154154250167,0.4692220546874993,0.4417712479199983,0.41694767675500083,0.3820378264600003,0.347175544112501,0.31397716604,0.2836654531725003,0.25491165355999973,0.22896263666749989,0.2034828589425004,0.1753475442274999,0.1509170448950007,0.12864296078000037,0.10759699881250027
0.0,25.0,4.5,1.0,0.9696266790774969,0.9353098743500032,0.8812316130924942,0.8307074709550031,0.7728009850900005,0.717359331164998,0.6550528329624977,0.5951750133199991,0.5503365266950019,0.5036179061624984,0.48419685275750274,0.4576955746799999,0.4303246465424988,0.40559077600750126,0.3720701011649992,0.3372336106475018,0.3046267427175015,0.27517601570750133,0.2480240819124991,0.22167080739249928,0.19611884376250047,0.1682908870649998,0.14491140172500064,0.12345671416250034,0.10270553330750044
0.0,25.0,5.0,1.0,0.967381005,0.931027823,0.874896995,0.822322002,0.762484042,0.705461566,0.642726649,0.582166597,0.536042143,0.48925859,0.468656521,0.44262029,0.41516685,0.39046575,0.357309155,0.322513748,0.290351071,0.261361288,0.234064108,0.208192437,0.183460009,0.156826826,0.134552321,0.11346503,0.093572117
0.5,0.0,0.0,1.0,0.9953760551424954,0.9887218153699987,0.961861328159996,0.9380229893400032,0.9064944689349992,0.8733918279250029,0.8300529851899999,0.7878871560674975,0.7608952331300043,0.7300389393949989,0.701840758907502,0.6655130123274975,0.627442715372502,0.591018637277501,0.5437566562800017,0.4927994704125021,0.4443926660975002,0.4021202910499977,0.36237113468499954,0.32605434932999944,0.29171387649500036,0.25247548848250106,0.21978619408250094,0.1885658044075,0.16017439195000066
0.5,0.0,0.5,1.0,0.9953760551424954,0.9887218153699987,0.961861328159996,0.9380229893400032,0.9064944689349992,0.8733918279250029,0.8300529851899999,0.7878871560674975,0.7608952331300043,0.7300389393949989,0.701840758907502,0.6655130123274975,0.627442715372502,0.591018637277501,0.5437566562800017,0.4927994704125021,0.4443926660975002,0.4021202910499977,0.36237113468499954,0.32605434932999944,0.29171387649500036,0.25247548848250106,0.21978619408250094,0.1885658044075,0.16017439195000066
0.5,0.0,1.0,1.0,0.9951651181249952,0.9879819047124987,0.9601138528574965,0.934811830805003,0.9022544680675004,0.8691693155500034,0.8251867583675002,0.7831903930599983,0.7548614279125038,0.7233895745999992,0.6955993039350018,0.6581267611674971,0.6207559743550017,0.5834420552325007,0.536370982267501,0.48581978918000196,0.43865338069750015,0.396989163284998,0.3583821948274995,0.3217728314349993,0.2881576054325005,0.2474675995975011,0.21479363916000074,0.18429945078500015,0.15535358570000066
0.5,0.0,1.5,1.0,0.9951026527449952,0.9878363476674987,0.9599227232399966,0.934615035502503,0.9016033146775004,0.8682634462625036,0.8245649475125002,0.7825343900624983,0.7542136115950037,0.7227056961299992,0.6949260745550019,0.6574683915699973,0.6199674574550018,0.5823525354475007,0.5353058357700008,0.4843312151300019,0.4364273494250002,0.394585163934998,0.3543914546399993,0.3173481979074994,0.2838126636450005,0.24431875199500103,0.21221638616750066,0.18187064840000022,0.15307029689000068
0.5,0.0,2.0,1.0,0.9953094486999963,0.9883036190324981,0.9603276851824972,0.9350545273250032,0.9016788297375009,0.8687961912825038,0.8251049326375005,0.7813418370524989,0.7498635124300034,0.7193676531299998,0.689380709667502,0.6507419632974968,0.6149139114175021,0.5776795787075006,0.5309378271299997,0.4806311393875014,0.4329539875275,0.39043386832749916,0.3511022739049999,0.31432144704999937,0.28077539905750043,0.24128034391000075,0.20969656727250055,0.17984513955000034,0.15064260401000057
0.5,0.0,2.5,1.0,0.9958832110224975,0.9891338423074978,0.9616431843924975,0.9370687344300034,0.9036398363950007,0.8704009715675034,0.8266902062375004,0.7827302519174989,0.7507051481375032,0.7216856625674999,0.6906499029075022,0.6518592772874969,0.6151695752325026,0.578677079130001,0.5318409728025,0.4816124738925013,0.43319713606499993,0.3905667136974995,0.35190078010500037,0.315323414702499,0.28153056794250053,0.24169909820000057,0.20935816275000063,0.17912526650250044,0.14975096822250036
0.5,0.0,3.0,1.0,0.9958915187924976,0.9884916857099956,0.9602347028625025,0.9339506533200027,0.8987889279375021,0.8636638191525013,0.8194084832625019,0.7739928592500033,0.7423715507125014,0.7123705707300004,0.681940524517503,0.6436006056649962,0.6069421773650027,0.570672097315,0.5241766995774998,0.47439486088000105,0.4263991967725002,0.38390582575499993,0.34562380774250023,0.30910117795499886,0.2757241744650002,0.23699321155750003,0.20457779996250072,0.17444820142750067,0.14506804249250035
0.5,0.0,3.5,1.0,0.9959149891699975,0.9886454928799954,0.9599299044825028,0.9340400654975025,0.8983401397300024,0.863271149290001,0.8190838245675016,0.7728074791375036,0.7423737494750011,0.7118393911725007,0.6813635912925031,0.6419425426874962,0.6061177566675027,0.5708842827175,0.5230973146249999,0.4735036780575011,0.4258544034950003,0.3840565392574997,0.3454453374675001,0.30870949514249896,0.275178481715,0.23696767308749972,0.20364873895000074,0.17337191420500073,0.1441950794925004
0.5,0.0,4.0,1.0,0.9958732953474976,0.9885381288649954,0.9599950352225028,0.9341168337225025,0.8981454365350023,0.863046203197501,0.8190070204200016,0.7728768377275036,0.7423356148225012,0.7115546447100007,0.6813359393475029,0.6414198645899962,0.6057480262900028,0.5706141484325,0.5228436187325,0.47326616887500106,0.4258920604000004,0.38384552574249975,0.3452440083200002,0.308495799757499,0.27509389626499997,0.23690575069249975,0.2036051272400007,0.17333222396500073,0.1441793684400004
0.5,0.0,4.5,1.0,0.996148312147496,0.9890056756124944,0.9604018480725034,0.9348142369175032,0.8986693408900019,0.8631335030575009,0.818098817317502,0.7727849092700043,0.7434573963225004,0.7107967878425001,0.6809900194025034,0.6427404266024956,0.6050895541600024,0.5704710039874981,0.5214735563800013,0.47109780522750155,0.4238835815900007,0.3831286628899994,0.3434289193399998,0.30687238496249836,0.27185950193249964,0.2346389384049991,0.20166123525000093,0.17135643355750083,0.1418397942100008
0.5,0.0,5.0,1.0,0.9960696841999961,0.9888444034899945,0.9601598938075034,0.9344917831525033,0.897986532012502,0.8623335857500009,0.8172015406425018,0.7726775252025042,0.7432332365225004,0.7107967878425001,0.6809248833100034,0.6427067494299956,0.6050616285650023,0.570448116527498,0.5214549105025013,0.4708343025250016,0.4236687352875008,0.3827237064224993,0.3428895336199998,0.30643593539749836,0.2714437561999996,0.23438741755249906,0.2014191433400009,0.17104120887000082,0.14172888357250082
0.5,2.5,0.0,1.0,0.9953760551424954,0.9887218153699987,0.961861328159996,0.9380229893400032,0.9064944689349992,0.8733918279250029,0.8300529851899999,0.7878871560674975,0.7608952331300043,0.7300389393949989,0.701840758907502,0.6655130123274975,0.627442715372502,0.591018637277501,0.5437566562800017,0.4927994704125021,0.4443926660975002,0.4021202910499977,0.36237113468499954,0.32605434932999944,0.29171387649500036,0.25247548848250106,0.21978619408250094,0.1885658044075,0.16017439195000066
0.5,2.5,0.5,1.0,0.9953760551424954,0.9887218153699987,0.961861328159996,0.9380229893400032,0.9064944689349992,0.8733918279250029,0.8300529851899999,0.7878871560674975,0.7608952331300043,0.7300389393949989,0.701840758907502,0.6655130123274975,0.627442715372502,0.591018637277501,0.5437566562800017,0.4927994704125021,0.4443926660975002,0.4021202910499977,0.36237113468499954,0.32605434932999944,0.29171387649500036,0.25247548848250106,0.21978619408250094,0.1885658044075,0.16017439195000066
0.5,2.5,1.0,1.0,0.9951651181249952,0.9879819047124987,0.9601138528574965,0.934811830805003,0.9022544680675004,0.8691693155500034,0.8251867583675002,0.7831903930599983,0.7548614279125038,0.7233895745999992,0.6955993039350018,0.6581267611674971,0.6207559743550017,0.5834420552325007,0.536370982267501,0.48581978918000196,0.43865338069750015,0.396989163284998,0.3583821948274995,0.3217728314349993,0.2881576054325005,0.2474675995975011,0.21479363916000074,0.18429945078500015,0.15535358570000066
0.5,2.5,1.5,1.0,0.9951026527449952,0.9878363476674987,0.9599227232399966,0.934615035502503,0.9016033146775004,0.8682634462625036,0.8245649475125002,0.7825343900624983,0.7542136115950037,0.7227056961299992,0.6949260745550019,0.6574683915699973,0.6199674574550018,0.5823525354475007,0.5353058357700008,0.4843312151300019,0.4364273494250002,0.394585163934998,0.3543914546399993,0.3173481979074994,0.2838126636450005,0.24431875199500103,0.21221638616750066,0.18187064840000022,0.15307029689000068
0.5,2.5,2.0,1.0,0.9953094486999963,0.9883036190324981,0.9603276851824972,0.9350545273250032,0.9016788297375009,0.8687961912825038,0.8251049326375005,0.7813418370524989,0.7498635124300034,0.7193676531299998,0.689380709667502,0.6507419632974968,0.6149139114175021,0.5776795787075006,0.5309378271299997,0.4806311393875014,0.4329539875275,0.39043386832749916,0.3511022739049999,0.31432144704999937,0.28077539905750043,0.24128034391000075,0.20969656727250055,0.17984513955000034,0.15064260401000057
0.5,2.5,2.5,1.0,0.9958832110224975,0.9891338423074978,0.9616431843924975,0.9370687344300034,0.9036398363950007,0.8704009715675034,0.8266902062375004,0.7827302519174989,0.7507051481375032,0.7216856625674999,0.6906499029075022,0.6518592772874969,0.6151695752325026,0.578677079130001,0.5318409728025,0.4816124738925013,0.43319713606499993,0.3905667136974995,0.35190078010500037,0.315323414702499,0.28153056794250053,0.24169909820000057,0.20935816275000063,0.17912526650250044,0.14975096822250036
0.5,2.5,3.0,1.0,0.9958915187924976,0.9884916857099956,0.9602347028625025,0.9339506533200027,0.8987889279375021,0.8636638191525013,0.8194084832625019,0.7739928592500033,0.7423715507125014,0.7123705707300004,0.681940524517503,0.6436006056649962,0.6069421773650027,0.570672097315,0.5241766995774998,0.47439486088000105,0.4263991967725002,0.38390582575499993,0.34562380774250023,0.30910117795499886,0.2757241744650002,0.23699321155750003,0.20457779996250072,0.17444820142750067,0.14506804249250035
0.5,2.5,3.5,1.0,0.9959149891699975,0.9886454928799954,0.9599299044825028,0.9340400654975025,0.8983401397300024,0.863271149290001,0.8190838245675016,0.7728074791375036,0.7423737494750011,0.7118393911725007,0.6813635912925031,0.6419425426874962,0.6061177566675027,0.5708842827175,0.5230973146249999,0.4735036780575011,0.4258544034950003,0.3840565392574997,0.3454453374675001,0.30870949514249896,0.275178481715,0.23696767308749972,0.20364873895000074,0.17337191420500073,0.1441950794925004
0.5,2.5,4.0,1.0,0.9958732953474976,0.9885381288649954,0.9599950352225028,0.9341168337225025,0.8981454365350023,0.863046203197501,0.8190070204200016,0.7728768377275036,0.7423356148225012,0.7115546447100007,0.6813359393475029,0.6414198645899962,0.6057480262900028,0.5706141484325,0.5228436187325,0.47326616887500106,0.4258920604000004,0.38384552574249975,0.3452440083200002,0.308495799757499,0.27509389626499997,0.23690575069249975,0.2036051272400007,0.17333222396500073,0.1441793684400004
0.5,2.5,4.5,1.0,0.996148312147496,0.9890056756124944,0.9604018480725034,0.9348142369175032,0.8986693408900019,0.8631335030575009,0.818098817317502,0.7727849092700043,0.7434573963225004,0.7107967878425001,0.6809900194025034,0.6427404266024956,0.6050895541600024,0.5704710039874981,0.5214735563800013,0.47109780522750155,0.4238835815900007,0.3831286628899994,0.3434289193399998,0.30687238496249836,0.27185950193249964,0.2346389384049991,0.20166123525000093,0.17135643355750083,0.1418397942100008
0.5,2.5,5.0,1.0,0.9960696841999961,0.9888444034899945,0.9601598938075034,0.9344917831525033,0.897986532012502,0.8623335857500009,0.8172015406425018,0.7726775252025042,0.7432332365225004,0.7107967878425001,0.6809248833100034,0.6427067494299956,0.6050616285650023,0.570448116527498,0.5214549105025013,0.4708343025250016,0.4236687352875008,0.3827237064224993,0.3428895336199998,0.30643593539749836,0.2714437561999996,0.23438741755249906,0.2014191433400009,0.17104120887000082,0.14172888357250082
0.5,5.0,0.0,1.0,0.989352659722497,0.9773451265424984,0.9446501479049971,0.9158996171600023,0.8794782525150013,0.8414139402975012,0.7962307225024992,0.7510335946150007,0.724340002537502,0.6891958808375006,0.6667597577425006,0.6335504533599985,0.5921719464175016,0.5604047657575008,0.5150090597925008,0.4651783147750014,0.42051756584499983,0.37917955082499893,0.34109709979499914,0.3065407516225001,0.27313894584000004,0.23610484304250046,0.20541817220250078,0.17480820303000028,0.14818391220000027
0.5,5.0,0.5,1.0,0.989352659722497,0.9773451265424984,0.9446501479049971,0.9158996171600023,0.8794782525150013,0.8414139402975012,0.7962307225024992,0.7510335946150007,0.724340002537502,0.6891958808375006,0.6667597577425006,0.6335504533599985,0.5921719464175016,0.5604047657575008,0.5150090597925008,0.4651783147750014,0.42051756584499983,0.37917955082499893,0.34109709979499914,0.3065407516225001,0.27313894584000004,0.23610484304250046,0.20541817220250078,0.17480820303000028,0.14818391220000027
0.5,5.0,1.0,1.0,0.9891650132774966,0.9762690879124974,0.9422106200049976,0.9120539150575021,0.8735422715525024,0.8352514900575025,0.786921580534999,0.7410714147900008,0.7132746547550017,0.676359416605001,0.6539567375500013,0.6213594789624981,0.5798263993300007,0.5472454204750006,0.5032577288099997,0.4562339684825013,0.4128703211774996,0.37263983313499915,0.33636316427749896,0.3016591995274999,0.26885468561750037,0.23100405435500068,0.2003974403375005,0.17133189416750028,0.1439246725900002
0.5,5.0,1.5,1.0,0.9890927019824965,0.9761223381874974,0.9420111349349977,0.911633098305002,0.8726964794575026,0.8338770652925028,0.7859154728124991,0.7401462189875009,0.7118169982150019,0.674744463632501,0.6524247957525013,0.6199033584549982,0.5784658617500007,0.5455467899525006,0.5016592911349995,0.4542232661875012,0.4097199024349996,0.3695804323574992,0.3314712057024989,0.29613746516499995,0.26342820187000043,0.2273777146525007,0.19705030953250036,0.16776424490750028,0.14081531481500018
0.5,5.0,2.0,1.0,0.9888299036799978,0.9757936360674967,0.9409922091524985,0.9098871719875025,0.8706963019850038,0.831555055250003,0.7832687589499991,0.7355979169350007,0.7051255885200021,0.669052036545002,0.6433796121550024,0.6096490188549979,0.5706506227725009,0.5383866033025011,0.4946661906499984,0.44789234107750103,0.4041430497849994,0.3634837245649996,0.3257922065074996,0.29152156910749977,0.2590455657025006,0.2237666084525007,0.19393349483250016,0.16470648172500052,0.13791584231499998
0.5,5.0,2.5,1.0,0.9898689837150012,0.9771716284799963,0.9430406233949991,0.9125689676725031,0.873470301422504,0.8344923825850015,0.7867245888549991,0.7397868861974999,0.7081354538775027,0.6734617046275028,0.6458910306725025,0.6130056795999981,0.5736773917075024,0.5413541653275025,0.49736167064249814,0.44967286928000083,0.40498999982749934,0.36404369765999994,0.3266627108975006,0.2932061918174992,0.2603141117200007,0.2241600137700004,0.19312573354000026,0.16366211917000092,0.13649285898999963
0.5,5.0,3.0,1.0,0.9897530122250013,0.9769648748599962,0.9428243264075,0.9121532696400029,0.8725097748325042,0.8330339125875013,0.7852591428649995,0.7368862211400006,0.7056682871000021,0.6708422267325028,0.6433427745450031,0.6101815587224979,0.5706504791825023,0.5386824217350022,0.4944434468224981,0.44701433555500075,0.4028336552999993,0.3623788627375001,0.3252199831875007,0.2921298886974991,0.25953176235750064,0.2233720780800003,0.19247443810250026,0.16298337146250103,0.13567137059749965
0.5,5.0,3.5,1.0,0.9898740945675014,0.977370098564996,0.9428189737549999,0.9126996146350023,0.8727523207525042,0.8336194017150009,0.786079671889999,0.7369357317100013,0.7063530898450017,0.670776211507503,0.6435148949300031,0.6095711458999982,0.5709806124475022,0.539769565092502,0.49394987193999845,0.44670453960250084,0.4028568384124995,0.36368554893500005,0.32632084416000046,0.2933110998099994,0.26077083441250054,0.22503153771000012,0.19278773657750037,0.16269968074500107,0.1349221208949997
0.5,5.0,4.0,1.0,0.9898225063650014,0.9772307887949959,0.9428381856825,0.9127179092225022,0.8725576175575042,0.8333171011250009,0.7859192171499991,0.7369260901150014,0.7062349661375016,0.6706170099875031,0.6434872429850031,0.6089604875749982,0.5705206250875022,0.5394087273225021,0.49369617604749844,0.4462598526450008,0.4027826637699995,0.36347453542,0.32611951501250047,0.2930974044249995,0.26068624896250053,0.22496961531500012,0.19274412486750034,0.16264676042500106,0.13490117282499972
0.5,5.0,4.5,1.0,0.9899884034974998,0.9777227433174954,0.9430169249200006,0.9134573732775028,0.8728930846850035,0.8322548872250009,0.7857224005774996,0.7367486949250018,0.7082660727475009,0.6707095111925016,0.645015039255003,0.6102599132674973,0.5705821026450022,0.540389159405,0.49378185694249965,0.4454396559750011,0.402224818995,0.3638286776375002,0.3251959012400001,0.29231957631749866,0.2584092186250003,0.22273080286249955,0.19116287247250058,0.16097011528500108,0.13263500103250014
0.5,5.0,5.0,1.0,0.9899286980399998,0.9776020512174955,0.9428383318750005,0.9132224584025026,0.8723216033700035,0.8315895500950008,0.7849804774674997,0.7368127674575017,0.7082316759650008,0.6707095111925016,0.6449499031625031,0.6102262360949973,0.5705541770500022,0.540366271945,0.49376321106499965,0.4451761532725012,0.4020099726925001,0.36356174775750005,0.3247865648600001,0.2920061492574987,0.2582738766375003,0.22258681536749955,0.19102134087250058,0.16084250372750108,0.13252409039500013
0.5,7.5,0.0,1.0,0.9885417885224969,0.9758637936049982,0.9422739752024972,0.9130468297350024,0.8756301526675015,0.8371326346350009,0.7919317339649993,0.746433773050001,0.7192067740025017,0.6845998436525008,0.6617331353225007,0.6283135933549986,0.5872332382550013,0.5549688577700005,0.5090293192100006,0.45989666390000133,0.4155005187174996,0.3748312370424993,0.33766329065999906,0.30356669180750034,0.27004879313249996,0.23381657076250048,0.20341339195750074,0.17349344097250022,0.14710506031250017
0.5,7.5,0.5,1.0,0.9885417885224969,0.9758637936049982,0.9422739752024972,0.9130468297350024,0.8756301526675015,0.8371326346350009,0.7919317339649993,0.746433773050001,0.7192067740025017,0.6845998436525008,0.6617331353225007,0.6283135933549986,0.5872332382550013,0.5549688577700005,0.5090293192100006,0.45989666390000133,0.4155005187174996,0.3748312370424993,0.33766329065999906,0.30356669180750034,0.27004879313249996,0.23381657076250048,0.20341339195750074,0.17349344097250022,0.14710506031250017
0.5,7.5,1.0,1.0,0.9883657129524964,0.9748119478299972,0.9399904423349977,0.909403728117502,0.8699314859100028,0.8308747020900022,0.7825907290224992,0.7368678461250012,0.7082602982325019,0.6715874891875011,0.6488653933800012,0.6166387933649982,0.5752045171075004,0.5425338942600004,0.4980056967524996,0.4510678783225014,0.4079256831224995,0.3684362264249994,0.33262949083249893,0.29850318841,0.2650155987375004,0.22808197292250074,0.19809409737000042,0.1696566341875002,0.1424114516700001
0.5,7.5,1.5,1.0,0.9883516650874964,0.9747783711274972,0.9399467297324979,0.9091270076700022,0.8692547280900028,0.8297251778725027,0.7817915409574993,0.7361647253300011,0.7070209233400019,0.6702015360200012,0.6475466262600014,0.6152107995674982,0.5738942820100005,0.5410724919525005,0.4964516698099994,0.44920833248750136,0.40504187920999946,0.36561002335249937,0.3278381665824988,0.29310064644250006,0.25969408531500043,0.22423995804750083,0.19452658130000025,0.16553839091500017,0.13894076931000016
0.5,7.5,2.0,1.0,0.9880888667849977,0.9744455486174965,0.9389161700299988,0.9073591623700024,0.8669055916600041,0.8272537057250028,0.7788166431974994,0.7311503770375007,0.6998500721550021,0.6640261739625022,0.6377280226150025,0.6044395575624982,0.5658909166350007,0.533639607890001,0.48927218221999835,0.44296871367000124,0.3995356328049994,0.35946299897249967,0.32226154365499954,0.28855610867999987,0.2554013213650006,0.22057840924750083,0.191306344275,0.16233606638750048,0.13590203785
0.5,7.5,2.5,1.0,0.9891279468200009,0.9757600534199962,0.9409645842724993,0.910091793875003,0.8697370666450043,0.8302622118100013,0.7823404440999993,0.7349369065375,0.7028625812150026,0.6684228778925028,0.6403467505975026,0.6076681828149983,0.5689761878125021,0.5366667308400023,0.4920909731024981,0.4448684700925009,0.4005535577874994,0.36005819125749994,0.32321604940750065,0.2903381819999992,0.2567431624250007,0.22104043491500047,0.19055658447250015,0.16140025048750092,0.1345399118599996
0.5,7.5,3.0,1.0,0.9890004044550013,0.9756054919674962,0.9406729554674997,0.909660093157503,0.8690550994050044,0.8291108989950011,0.7810431981999996,0.7322768380450004,0.7004996478325022,0.666317087527503,0.6380508806300029,0.6048574095499982,0.5659451403325021,0.5340631047425023,0.48947936369249817,0.4426333710875008,0.3988090992674995,0.3588242398875,0.3220675298600007,0.2897622211374992,0.2566379611250007,0.2208832237625004,0.19046944661000012,0.16109121107000096,0.13417180722999963
0.5,7.5,3.5,1.0,0.9890895427325015,0.975988510769996,0.9404950083099994,0.9101043181825023,0.8691644363950042,0.8295471514175009,0.7818629872374991,0.7320001951875011,0.7009591632800017,0.6658125309325031,0.638088131487503,0.6043474726474986,0.5660812823975018,0.5349871022450021,0.4889152572124984,0.44207307260750084,0.3986632068924996,0.36011198346499995,0.32337597569250043,0.2910848354474995,0.25831771140250065,0.22298632364250026,0.1909642491875002,0.16097744169250103,0.13339263714249971
0.5,7.5,4.0,1.0,0.9890379545300014,0.9758492009999961,0.9405142202374993,0.9101226127700021,0.8689697332000041,0.829244850827501,0.7816822651724992,0.7319905535925012,0.7008630836375018,0.6656559291650034,0.6380604795425029,0.6036202838624986,0.5656212950375018,0.5346262644750022,0.4886317322799984,0.4416283856500008,0.3985890322499997,0.3599009699499999,0.32317464654500044,0.2908711400624996,0.25823312595250064,0.22292440124750026,0.1909206374775002,0.16092452137250102,0.1333716890724997
0.5,7.5,4.5,1.0,0.9891564760974998,0.9763195115599956,0.9406295769475002,0.9106833898100025,0.8690846147575035,0.8279050952475009,0.7813230089,0.7317142978600014,0.7027565319150009,0.6654153491800017,0.639580860585003,0.6045250817424976,0.565580871885002,0.535257848895,0.4880265881024995,0.44031719343000103,0.39770485479750006,0.3598417235475002,0.3218968525825001,0.2896450263799987,0.2560100857225005,0.22084986890749964,0.18934642630250043,0.15933560609500097,0.13125202251750015
0.5,7.5,5.0,1.0,0.9890967706399998,0.9761988194599955,0.9404509839025,0.9104484749350026,0.8685131334425036,0.827239758117501,0.78058108579,0.7317276576725016,0.7026322048800008,0.6653272137425017,0.639447013577503,0.6044914045699976,0.565552946290002,0.535234961435,0.48800794222499955,0.43998611871750115,0.3973795585300002,0.35953183948250017,0.32148751620250005,0.2893315993199987,0.2558650836650005,0.2207075481574996,0.1892155394875004,0.15920799453750098,0.13114111188000016
0.5,10.0,0.0,1.0,0.9828109365774961,0.9635182223250004,0.9239362437724978,0.8897688539150022,0.8463438205850007,0.8039329541500027,0.7568499708799998,0.7057399665525022,0.6753512902700024,0.6393898041250016,0.6145890766049997,0.5790336987274988,0.5435558286424979,0.5136927084649993,0.4714136606275008,0.4279053833625013,0.3885828292199993,0.35057894622749974,0.31803952456249823,0.2867473447725007,0.2569975463600001,0.22409349934250056,0.19583060210500047,0.16788062623500014,0.14289444899250037
0.5,10.0,0.5,1.0,0.9828109365774961,0.9635182223250004,0.9239362437724978,0.8897688539150022,0.8463438205850007,0.8039329541500027,0.7568499708799998,0.7057399665525022,0.6753512902700024,0.6393898041250016,0.6145890766049997,0.5790336987274988,0.5435558286424979,0.5136927084649993,0.4714136606275008,0.4279053833625013,0.3885828292199993,0.35057894622749974,0.31803952456249823,0.2867473447725007,0.2569975463600001,0.22409349934250056,0.19583060210500047,0.16788062623500014,0.14289444899250037
0.5,10.0,1.0,1.0,0.9825531797074948,0.9624389676674996,0.9221649852424985,0.8863970313625016,0.8409769033600023,0.7985049716900049,0.7484034113724999,0.6981453608500024,0.665538611415003,0.6287998570800022,0.6036742967350005,0.5706365548674985,0.535666970369997,0.5049430415899987,0.46270068387499996,0.42002907922500166,0.38098257211499925,0.34416269380749986,0.312938267632498,0.28165126937750046,0.2520801830825006,0.21839054042000103,0.19022144659750004,0.16410643460500005,0.13840726723750052
0.5,10.0,1.5,1.0,0.982533243722495,0.9623528466124995,0.9224011464324985,0.8867376153100017,0.8410181362000025,0.7982639466675056,0.7479586919475005,0.6972628795550022,0.6640045605275029,0.626660959122502,0.6016243223725012,0.5687027048999985,0.5338121422774971,0.5031699836274985,0.46081877577499986,0.41769126960750164,0.3776439070974992,0.3413000491799999,0.30818900265499805,0.2764273595275006,0.24688091447250046,0.21425717607500122,0.18605887377249983,0.15948724339749978,0.13436466299750058
0.5,10.0,2.0,1.0,0.9823419822099954,0.9618765114774992,0.9207184931099985,0.8836964590375013,0.8373201365800028,0.793863659770005,0.7424536311250008,0.6882247984225017,0.653987023987503,0.6161760431500019,0.5907364599275015,0.5592592106474993,0.5260172589174974,0.49560522483249886,0.45394796852749997,0.4127382043100017,0.37390318285499946,0.3371431496749999,0.30453200767999844,0.27289338593000045,0.24359526191500047,0.2116103433200012,0.18372269881499975,0.15691480058499993,0.13169230908500046
0.5,10.0,2.5,1.0,0.9832433025999991,0.962890080194999,0.9225342009274994,0.8860459148800017,0.8396557328125028,0.7961978613475031,0.744831978347501,0.6905401147875007,0.6560535576400028,0.6199972207600016,0.5930191476800009,0.5621293462849997,0.5284251690449986,0.4976536964175,0.45650536247999995,0.41400330466000157,0.3741934693124995,0.3373681051099998,0.3050028920149997,0.2745068368699997,0.2448134780875005,0.21192863324000066,0.1830461424874998,0.1561669003100005,0.1304699953775001
0.5,10.0,3.0,1.0,0.9830917629199994,0.962585535662499,0.9220465160649993,0.8851468634725014,0.8382833143600026,0.7936476243950028,0.7417489724400008,0.6866538320675011,0.6531311429050024,0.6161052009625018,0.589545950865001,0.5563500309825,0.5240472131949986,0.4931971992575005,0.45310957019750014,0.4107700882750014,0.3718655177974998,0.33569869060249957,0.3032245809999997,0.27336374525749974,0.24429472134000052,0.2114546366475006,0.18279472244749984,0.15572084034250053,0.1302190819400001
0.5,10.0,3.5,1.0,0.9833993768074997,0.9635632284699989,0.9229327937324983,0.8869366033825006,0.8400185842400019,0.7959225754500027,0.7444657942775003,0.688099602125002,0.655285036220002,0.618072679525002,0.5915253455275008,0.5571616511600004,0.5250659486149987,0.49496744164500045,0.45348485127250043,0.41170560698000125,0.37336913102749997,0.33830650700999954,0.30551055904499974,0.2753725498200002,0.24694255716750046,0.2141989115450004,0.18372038011749997,0.15588074815000058,0.12950545863000013
0.5,10.0,4.0,1.0,0.9834217229449996,0.9634671497324989,0.9228024295124984,0.8867527317775005,0.8396525946975018,0.7952918099425026,0.7442437866425001,0.6876400609425022,0.6547017597225019,0.6172900206600022,0.5907692469225007,0.5558858618375004,0.5237851590249987,0.49395119139000065,0.45261977240500045,0.4110214870700012,0.3730076393225001,0.3377906577949995,0.3049728283749997,0.27483666919500016,0.2464533544875005,0.21385137328250042,0.1835677391325,0.1557484473500006,0.12945308845500014
0.5,10.0,4.5,1.0,0.9831678032424982,0.9628443585649987,0.9211694544599984,0.8845902187075009,0.8357493453700016,0.789845152677502,0.7384209268100007,0.6823720985450015,0.6488624824775009,0.6106696763850006,0.5844539749825004,0.5501725536974997,0.5177978602774995,0.48814509279750007,0.4463616004375005,0.404446117767501,0.3667979087525005,0.3326358842825003,0.3008056370574995,0.27117367073749926,0.24230533369000062,0.21041382328749986,0.18100249075000005,0.15368445368000047,0.1272163548975004
0.5,10.0,5.0,1.0,0.983075007997498,0.9626601808674987,0.9209908614149985,0.8843553038325009,0.8352451628800016,0.789107505215002,0.7376115438850006,0.6822480345675015,0.6484508179800009,0.6104359761350006,0.5841448270700004,0.5499546246074997,0.5176149411249995,0.4879655679375,0.44619055333000057,0.40417174242500103,0.36630343741750054,0.3323347409900003,0.30040319922749953,0.27101585748499923,0.24216033163250064,0.21027150253749982,0.18087160393500007,0.15355684212250048,0.12710544426000042
0.5,12.5,0.0,1.0,0.9796826713299986,0.9577283149650018,0.9161171056724992,0.8792177121100031,0.8349375508100012,0.7936823034725023,0.7453711469825002,0.6957850911000015,0.6661031196075029,0.6312044268200008,0.6055154984574996,0.567741335844999,0.5311203165949979,0.4987373682174992,0.456870976765001,0.41404502685000066,0.37381406719749877,0.3377664935900001,0.3049482720399985,0.2739641614275002,0.24594896057249993,0.21472745968250034,0.18833105874000036,0.16290207871750043,0.13875427775250007
0.5,12.5,0.5,1.0,0.9796826713299986,0.9577283149650018,0.9161171056724992,0.8792177121100031,0.8349375508100012,0.7936823034725023,0.7453711469825002,0.6957850911000015,0.6661031196075029,0.6312044268200008,0.6055154984574996,0.567741335844999,0.5311203165949979,0.4987373682174992,0.456870976765001,0.41404502685000066,0.37381406719749877,0.3377664935900001,0.3049482720399985,0.2739641614275002,0.24594896057249993,0.21472745968250034,0.18833105874000036,0.16290207871750043,0.13875427775250007
0.5,12.5,1.0,1.0,0.9793343857324979,0.956591932920001,0.9144024632075,0.8760329503525027,0.8298260954000023,0.7885046908925039,0.7379562561075,0.6892202801225019,0.6574693412975035,0.6218222830875014,0.5961628403700001,0.560718636182499,0.5247581020499973,0.4917793777374987,0.45003776678750035,0.40765489389500087,0.3674245343424991,0.3320599971675001,0.29994644153999833,0.2693507180675,0.24099477490500024,0.20883505135250058,0.18252080644000013,0.15855865573250022,0.1338138406575002
0.5,12.5,1.5,1.0,0.9795008542674983,0.9567348514175008,0.9149581010700004,0.8767419185250028,0.8305966636675022,0.7889070102925047,0.7381579003325004,0.6888279075325017,0.6564088494225033,0.6198622092575012,0.5942820027025008,0.5590841259224991,0.5234581732124972,0.49078417087999865,0.44868217963750034,0.405920823935001,0.36494880871249896,0.32971685141750023,0.2958300033174983,0.2640281039175001,0.23548973593,0.2040261528200009,0.1770619734174998,0.1524570481725,0.1282865076600003
0.5,12.5,2.0,1.0,0.9793200518049988,0.9562643144375005,0.9133541356400003,0.8740614300100025,0.8273678077575025,0.784688485112504,0.7330840556950007,0.6805751019900014,0.6471866965750034,0.6100351526125012,0.5839828830950009,0.5502762075874997,0.5162162339974975,0.48400853733749905,0.4425714070575006,0.40121935602500103,0.36130892263749914,0.3260184225425002,0.29230722739749865,0.26056977566000006,0.23237264320500006,0.20139122888750088,0.17475398600999972,0.14980514894000008,0.12544580918000026
0.5,12.5,2.5,1.0,0.9797551601100015,0.9566602754275005,0.9143552867300011,0.8752250149200029,0.8285661096375025,0.7856650987225022,0.7336628070850008,0.6805189569175005,0.6470460230150031,0.6120210778825009,0.5843545089200003,0.5508235014625001,0.5166646118049981,0.4841364741824998,0.4433485419150006,0.40106049290750106,0.3604390909699992,0.3251420732374999,0.29180610101999943,0.26088624410249955,0.23262914821000003,0.2012637849150004,0.17392073557249982,0.14881501045750048,0.12411659900749994
0.5,12.5,3.0,1.0,0.9795968504850019,0.9564309999800004,0.9140479790850007,0.8745182600800026,0.8273667180675024,0.7837915949550022,0.7314366879850006,0.6771658833500005,0.6448750295275026,0.6089108149100011,0.5815000260850004,0.5458139508675005,0.5130465211474982,0.4804455181125001,0.44071456088250066,0.398291350940001,0.35847580388999944,0.3237974977599998,0.29044627501999953,0.25988903292499954,0.23223929357750003,0.20090224192500034,0.17371372554999984,0.1483823070600005,0.12395636232249994
0.5,12.5,3.5,1.0,0.9798198778700019,0.9570420286900001,0.914646278564999,0.8757190649425014,0.8285624383925011,0.785454886830002,0.7336427194649998,0.6784076572975013,0.6465004837750024,0.6102411787325014,0.5830377450300003,0.5466540586000005,0.5138582363449984,0.481938753865,0.4409856347550011,0.39897233876000066,0.3596703709299996,0.32576278853999957,0.29264226964499984,0.262198636955,0.23497392498750014,0.20334706015500026,0.17465710790749994,0.14846283978500055,0.1233107420375
0.5,12.5,4.0,1.0,0.979842224007502,0.9569880601250002,0.9145753230224989,0.8756017449000013,0.8282711616050008,0.784902282877502,0.7333259843449997,0.6781712584050016,0.6460804369175024,0.6095966277925016,0.5824175124700002,0.5453919104300006,0.5125324739424983,0.48075572830750024,0.43959047201000095,0.39757447037500065,0.35794523870749984,0.32411255893499963,0.29114093171749983,0.26053277742500003,0.2335852297125002,0.20252465629500027,0.1742864083725,0.14818500810500054,0.12321123870500005
0.5,12.5,4.5,1.0,0.9795634062950005,0.95641689875,0.9129741730874992,0.8732799209075016,0.8243873107275007,0.7797997688950015,0.7268125630850001,0.6722122292425011,0.6395344332675014,0.6024959135250003,0.575797526255,0.5387853756725002,0.5055260257324993,0.47325689736250015,0.4321500091925008,0.3904772389050006,0.35087503881500054,0.3174204652875005,0.28502042549999956,0.25493072413249895,0.22800737178250038,0.19770913618249977,0.17086893902250014,0.14562298043750047,0.12061668097000032
0.5,12.5,5.0,1.0,0.9794706110500004,0.9562633214875,0.9127955800424992,0.8730450060325016,0.8238831282375009,0.7790621214325014,0.7260031801600002,0.672150520877501,0.6391835109375014,0.6022622132750003,0.5755501662625001,0.5386643149400002,0.5054106890574992,0.47314579452250016,0.43216157628750074,0.39026797565250054,0.3504447603050005,0.3171547148325005,0.2846179876699995,0.25482641075249896,0.22792856714750037,0.19763347187499977,0.17080460339500014,0.14549536888000048,0.12050577033250033
0.5,15.0,0.0,1.0,0.9783709846424989,0.9548773511000022,0.910622095552499,0.8717868348950032,0.8251591714475013,0.779304117642501,0.7293779375549999,0.6746120526950022,0.6377142933925022,0.5997278844349995,0.5762898739900002,0.5446137432624991,0.5117222658549978,0.48316797082749924,0.4441680289950011,0.40414858887500044,0.367790584844999,0.33328591885000003,0.30194463249999864,0.27164018452750005,0.24337783232000004,0.2131048897200003,0.18665813513000035,0.16046466189500047,0.1366759207225
0.5,15.0,0.5,1.0,0.9783709846424989,0.9548773511000022,0.910622095552499,0.8717868348950032,0.8251591714475013,0.779304117642501,0.7293779375549999,0.6746120526950022,0.6377142933925022,0.5997278844349995,0.5762898739900002,0.5446137432624991,0.5117222658549978,0.48316797082749924,0.4441680289950011,0.40414858887500044,0.367790584844999,0.33328591885000003,0.30194463249999864,0.27164018452750005,0.24337783232000004,0.2131048897200003,0.18665813513000035,0.16046466189500047,0.1366759207225
0.5,15.0,1.0,1.0,0.9780939017974986,0.9539852668125016,0.9091486085849998,0.8690032520475023,0.8204942987275021,0.774611599790002,0.7218299784350001,0.6684362314950022,0.6295040468525025,0.5913426523099998,0.5675998115550005,0.5379500996724991,0.5060505851349972,0.4772616142999986,0.43824252711750056,0.3984170095650008,0.36179605090499933,0.3283381997475003,0.29766376189249855,0.26747673121249993,0.23899689617500033,0.20746177352000053,0.18123636189250011,0.15635077478750029,0.13173548362750012
0.5,15.0,1.5,1.0,0.9782693208674991,0.9541431632925014,0.9097402363925003,0.8696775467300025,0.8212421294750023,0.7750479513625028,0.7220507100750002,0.6680507457000019,0.6284523007675027,0.5894702567524996,0.5658153384925008,0.5366287193524989,0.5047979825874972,0.4762456538824986,0.4369513122450006,0.3966615298300009,0.35932755644999914,0.3260073144350003,0.29339048597749867,0.2620277248725,0.23344569954000016,0.2026338875825008,0.1757689456699998,0.15053302443750005,0.12674401360000026
0.5,15.0,2.0,1.0,0.9782668710099994,0.9539734803500011,0.9088221646825005,0.8679369440925023,0.8188703180450024,0.7724270013925026,0.7180967844675004,0.6617606313300013,0.6220365614300027,0.5816203605624994,0.5589200050850001,0.5304552608649992,0.49926118261249736,0.4702502552474991,0.431390718382501,0.39189290471750104,0.3555314612349993,0.3223500860925001,0.29007242713499887,0.25880752222499986,0.23049863646250018,0.1997915577675008,0.1728703600224997,0.1475510921650001,0.12350930061750026
0.5,15.0,2.5,1.0,0.978542896510002,0.953997104135001,0.9091651642875012,0.8680266427800024,0.8191032289800027,0.7726289401825014,0.7173787509125005,0.6607522362800006,0.6208476535050025,0.5805080335299989,0.5579706836749996,0.5292588007949992,0.49781361069499774,0.46810683761999955,0.43002649399250104,0.390161198205001,0.3538454531249994,0.32042078975249977,0.2886855405049997,0.25857982789499945,0.23083003980500014,0.1995917763450003,0.17194660645749976,0.1464673857200005,0.12208597444999998
0.5,15.0,3.0,1.0,0.9783599778800023,0.9537304344775006,0.9085145327025009,0.8668998541050021,0.8171538399675023,0.7695754826550012,0.7137427408725,0.6559062339825006,0.6168389806400024,0.5756938883199991,0.553055470015,0.5222658558449994,0.4924202884699978,0.46278402798499996,0.42580641916750084,0.38604895021500113,0.35097033366999963,0.31831622464749976,0.2869068003974997,0.2573843991824994,0.23026118647000016,0.19912062556000026,0.1716751771174998,0.1459271652925005,0.12192573776499999
0.5,15.0,3.5,1.0,0.9784782242350023,0.9540285563300003,0.909011076487499,0.8677246650000017,0.8177212591975014,0.7710030519650014,0.7156865725549992,0.6571435951875014,0.6194261986825026,0.5787052445499992,0.5562951428624998,0.5235807137324993,0.4935049799574982,0.4637571314675001,0.42592310060500116,0.38649908551750073,0.3519428878024998,0.3198663975474996,0.2890635597975,0.25982638589249996,0.23307022111750023,0.20154080609000025,0.17265101460249993,0.14616717195250054,0.12147528875500006
0.5,15.0,4.0,1.0,0.9785005703725024,0.9540065335200003,0.9089860397574989,0.8676658185950015,0.8174299824100011,0.7705278025100015,0.7151344471224991,0.6567585169425014,0.6195384633250026,0.5787263224799992,0.5562702919974998,0.5229725600174993,0.4927842689299981,0.46318061194000015,0.42487944291000107,0.3853575128550007,0.3504123673550001,0.3182429655274997,0.28756222186999997,0.2581605263625,0.23168152584250032,0.20071840223000023,0.17228031506749997,0.14588934027250056,0.12137578542250012
0.5,15.0,4.5,1.0,0.978030931435001,0.9530502285000003,0.9070000564849988,0.8647939864425015,0.812466528192501,0.7635692096450007,0.7063565244524993,0.6484198856350006,0.6103163659675017,0.568859986599999,0.5466597821875006,0.5138288795849993,0.4834224028624988,0.4534492393800004,0.4160399614525004,0.377177630832501,0.3426887221225005,0.3110738633825005,0.28133554450749954,0.252103782819999,0.22602889941750046,0.19583107985499978,0.16863910003750018,0.14299110223000044,0.11855464993500033
0.5,15.0,5.0,1.0,0.9779381361900009,0.9528966512375004,0.9068214634399987,0.8644920200950017,0.8118775095300009,0.7627298337125006,0.7054283667549993,0.6481155082875008,0.6097084710275016,0.567992716619999,0.5458114395900006,0.5131177160924996,0.48273425631499883,0.45278578205500053,0.41553373948750044,0.3767460871850009,0.3422584436125005,0.3108081129275005,0.28093310667749954,0.252046488424999,0.22595009478250042,0.19575541554749976,0.16857476441000016,0.14286349067250048,0.11844373929750032
0.5,17.5,0.0,1.0,0.9765688107549998,0.9507859291125021,0.903504859992498,0.8623792560475029,0.8142838734775011,0.7677601247250001,0.7167479448499993,0.6603688964450026,0.6212342209975019,0.5835254134699986,0.55898562032,0.530259993549999,0.49808605966749797,0.4708488516124996,0.4335506101300013,0.3935269105150002,0.35730179430499925,0.3223340784225001,0.2926011739049991,0.26457330816750013,0.2356938509575003,0.2043162451000002,0.17810630958750068,0.15306842350250063,0.12999354826249993
0.5,17.5,0.5,1.0,0.9765688107549998,0.9507859291125021,0.903504859992498,0.8623792560475029,0.8142838734775011,0.7677601247250001,0.7167479448499993,0.6603688964450026,0.6212342209975019,0.5835254134699986,0.55898562032,0.530259993549999,0.49808605966749797,0.4708488516124996,0.4335506101300013,0.3935269105150002,0.35730179430499925,0.3223340784225001,0.2926011739049991,0.26457330816750013,0.2356938509575003,0.2043162451000002,0.17810630958750068,0.15306842350250063,0.12999354826249993
0.5,17.5,1.0,1.0,0.9762974620249999,0.9501118712550014,0.902396790894999,0.860126784640002,0.810111377377502,0.7636875427175011,0.7104324674474993,0.6555376001675028,0.6143244025725021,0.5759132025999989,0.5514974498625004,0.5251935437899988,0.4935913660549974,0.4663026760649991,0.4289594002875009,0.38921526853250055,0.35277736951249955,0.3187123912250002,0.28969317548249907,0.2617258606475001,0.23284049497250045,0.20107918508250033,0.1750095922075004,0.1504470527575004,0.12661564227000008
0.5,17.5,1.5,1.0,0.9764977981350005,0.9502813421100013,0.9029882657174995,0.8606115460500021,0.8106162752950021,0.7638001395625018,0.7106028285124997,0.6554685194375027,0.6135881484975023,0.5744340983224988,0.5500649098850006,0.5238417432849988,0.4923047403199974,0.4652867156474991,0.42766818541500096,0.3871947498450007,0.3500614209474994,0.31614846884000025,0.2849460744024993,0.2555997498575002,0.2266570957225003,0.19580585440500065,0.16946348730250008,0.1446570183700002,0.12168177363500027
0.5,17.5,2.0,1.0,0.9765575709125008,0.9502469489550007,0.9023123149899998,0.859295661480002,0.8085442395950021,0.7618313208325018,0.7072538709774996,0.6502151086025019,0.6091239815650028,0.5686483047874985,0.5446450182399994,0.5181978412249987,0.48748976460999754,0.45977581710249965,0.42252951115000137,0.3828527236850009,0.34627741504749965,0.31266190333499955,0.28172123465999965,0.25257023305750026,0.2236534181525002,0.1928796134875008,0.16625215391250006,0.14161636887000018,0.1185962493725003
0.5,17.5,2.5,1.0,0.9765683380125028,0.9499686926450007,0.9020842631100002,0.8586841385650019,0.807952351842502,0.7611622927100011,0.7055052667449995,0.6485217077650013,0.6074267044250027,0.5669208111524981,0.542867902529999,0.5163008995324988,0.4854914240549978,0.4570253103225,0.4204579143575015,0.3803664289150008,0.34393521752749967,0.3104016040399992,0.2797904991725003,0.25181060864999993,0.2235386402150001,0.19223346854000045,0.16516953022000017,0.14044128855250043,0.11722160047000012
0.5,17.5,3.0,1.0,0.976361030887503,0.9496240359450004,0.90129799481,0.8574461120150018,0.8056881399625017,0.757630319867501,0.701519983632499,0.6430134445650009,0.6028299957600026,0.5615886118999982,0.5372003031599994,0.508907248734999,0.47965797566499796,0.4509124506600004,0.4155480215775015,0.3755631683725009,0.3407275971874999,0.30795843705499915,0.27782337595750034,0.2504854272774999,0.22301093041750014,0.19145726279500047,0.16454122538750016,0.13971819323750043,0.11671974239000012
0.5,17.5,3.5,1.0,0.9764616586925028,0.9499140114100002,0.901806172514998,0.8581736383025012,0.8061031191100008,0.7585522781000011,0.7033868886999983,0.6436808862825016,0.6048588627800036,0.5632882311599982,0.5395764478999987,0.5098291270524986,0.4802416085749981,0.4521115848475005,0.4159152823750018,0.37613324737000065,0.34143407455500013,0.30901538671999906,0.2792164310400006,0.2519179759100005,0.22392342162000026,0.19199058119500056,0.1643719162650003,0.13920856113500044,0.1160551773725002
0.5,17.5,4.0,1.0,0.9764907747750029,0.9498996807475002,0.9015988855174979,0.8578764304450012,0.8057948479175008,0.758036669160001,0.7028236863749981,0.6433188478225016,0.6051311055325036,0.5634669996499981,0.5397196738999988,0.5093647967174986,0.4796526697599981,0.45158882714500054,0.41496244194500165,0.37506139396000066,0.33998321288000033,0.3074839271374991,0.2777354731300006,0.2502521163800005,0.22253472634500032,0.19116817733500052,0.16400121673000034,0.13893072945500046,0.11595567404000023
0.5,17.5,4.5,1.0,0.9758696540800017,0.9488211061350006,0.8993106662049977,0.8547533666150012,0.7998299109375008,0.7495859778350004,0.6920092093099984,0.6317233714899995,0.592495898595002,0.5507871740224983,0.526842462732501,0.497499056782499,0.46807164262249884,0.44004049858750044,0.4047493815375003,0.3656028961050014,0.33112876619250103,0.2994209218500005,0.2707612629549997,0.24298873863749942,0.2154857998575004,0.18497404828250005,0.15904291026500036,0.13479529721000036,0.11183064305750039
0.5,17.5,5.0,1.0,0.9757768588350015,0.9486675288725006,0.8991320731599975,0.8544514002675014,0.7992408922750007,0.7487466019025003,0.6910810516124983,0.6309796300974996,0.5910245961525019,0.5495007143249984,0.525116363605001,0.49593851905499925,0.4669419547349989,0.4389520135475006,0.4036089062175003,0.3647967730025013,0.330494209670001,0.2986848738150005,0.2702128450449997,0.24251595143749946,0.2151470706050004,0.18467327974750003,0.15884205154500036,0.13462624355750036,0.11171973242000037
0.5,20.0,0.0,1.0,0.9729654165425003,0.9428514237975029,0.8925390458974971,0.8474045809775034,0.7954726380325019,0.7437832379999999,0.6906626329299993,0.6322537561425032,0.5896609661200014,0.5484479656899979,0.5258091733750008,0.5006267113124996,0.4700438220849977,0.44418007252250014,0.4073318902450013,0.36912834105000036,0.3342662311949992,0.30303816930000005,0.27417674874749964,0.2454291018375,0.22064679814000063,0.1919325112274999,0.16642759613250072,0.14391262059750065,0.12300813595999985
0.5,20.0,0.5,1.0,0.9729654165425003,0.9428514237975029,0.8925390458974971,0.8474045809775034,0.7954726380325019,0.7437832379999999,0.6906626329299993,0.6322537561425032,0.5896609661200014,0.5484479656899979,0.5258091733750008,0.5006267113124996,0.4700438220849977,0.44418007252250014,0.4073318902450013,0.36912834105000036,0.3342662311949992,0.30303816930000005,0.27417674874749964,0.2454291018375,0.22064679814000063,0.1919325112274999,0.16642759613250072,0.14391262059750065,0.12300813595999985
0.5,20.0,1.0,1.0,0.9729595448550005,0.9429618768125024,0.8929759872724975,0.8473076976950028,0.7948274589250022,0.7438492332550001,0.6896279892524995,0.6324814878950032,0.5886795927525015,0.547584814477498,0.525013185370001,0.5012172532749993,0.47126202600499745,0.44504313105999976,0.4078438355400009,0.3693396341050005,0.3330076691599993,0.3017696985075001,0.2734848756699996,0.24488977932499992,0.21948492894750063,0.1900429265375,0.1649205647800006,0.1425590146150005,0.12097007633499997
0.5,20.0,1.5,1.0,0.973172998972501,0.9431739045000022,0.8936659953499979,0.8479716509050028,0.795440290920002,0.7443867876650003,0.6902122806099996,0.632911357347503,0.5887563333850016,0.5471875934049979,0.5245967212950012,0.5008503449474994,0.4707461320374975,0.44448140103249983,0.4070555965025011,0.36817407645250055,0.33149980648249927,0.30023117319000003,0.2699004753974998,0.2399515054125001,0.2142719692175004,0.18480075255500023,0.1593041421100005,0.13703262181750034,0.11595705276750012
0.5,20.0,2.0,1.0,0.9733076570175014,0.9433240097350019,0.8935035843374983,0.8472845054775027,0.7942750674750019,0.7433782206300004,0.6872294856799992,0.6295174978225022,0.5850041746000026,0.5420832195949976,0.5192601525624998,0.4952996751649988,0.4662636752199979,0.43969828564250024,0.4032886687450017,0.3652301563400006,0.3288479592324995,0.2979640232524993,0.26796167966500006,0.23813151888750025,0.21218293620750014,0.18226815231250054,0.15665074588500047,0.1343739412950003,0.11315397774750018
0.5,20.0,2.5,1.0,0.9731540467575023,0.9427892675675021,0.8930389547074985,0.8464517076475029,0.7931606546925017,0.7420533234725002,0.6853977071749991,0.6278390276850021,0.5840679360000026,0.5410260063024973,0.5185622779249995,0.494105964574999,0.46471989495249794,0.43741537834250044,0.40169659908750177,0.3638532782025006,0.32726791941749944,0.29561027514499916,0.2656518506725003,0.2368442624675002,0.21133677293250003,0.18083787152250047,0.15548943142750052,0.13286903616000034,0.11167599339000012
0.5,20.0,3.0,1.0,0.9729366712100028,0.9423092480425018,0.8918313356149984,0.8441224601800026,0.7898554999900014,0.7377011577949998,0.6799648374499987,0.6210516979400013,0.5774959632550027,0.5336868255774978,0.5105806467124997,0.484416286867499,0.4564045313249982,0.42934754914750095,0.3947545200550017,0.3585297854850008,0.3235778534974998,0.29261370079249915,0.26291174845000037,0.23457901146750026,0.2097556081524999,0.17909648800750053,0.1540236754675005,0.1313618283950003,0.11046994280000018
0.5,20.0,3.5,1.0,0.9728388971975026,0.9421537230200017,0.8916135934499969,0.8440830043525019,0.7892179423100005,0.7369138110649998,0.679713474577498,0.620639667670002,0.5778116486450036,0.5328848476374973,0.511392426874999,0.4845254120749985,0.4553808274349983,0.429731282032501,0.393925815567502,0.3577931582575008,0.322741026135,0.291897046227499,0.2622297165850007,0.23389484407250055,0.20826152335750006,0.1785101148875007,0.1533969365700006,0.13060878362250028,0.10976043614250024
0.5,20.0,4.0,1.0,0.9728680132800025,0.9421591108925016,0.8914343586999969,0.8438072727000021,0.7889529867950005,0.7364499669399998,0.679150272252498,0.620296979440002,0.5778647342425036,0.5324039755174974,0.511315486422499,0.4840626211499985,0.4546638395099983,0.42908453301250105,0.39305168326250195,0.35674982436250086,0.32114096685250026,0.2904097584799991,0.2607378254600006,0.23217149202250062,0.20675291455750003,0.17765326728500072,0.15302623703500065,0.1303309519425003,0.10966093281000029
0.5,20.0,4.5,1.0,0.9719958064350013,0.9406118077325022,0.8886220541099965,0.8403752489725023,0.7819850025900004,0.7263778852699991,0.6672982145049977,0.6072064373274997,0.5641456510900021,0.5185560508224983,0.49721699610000103,0.47075828750499915,0.4419166872924986,0.41647980652250083,0.38211352311000035,0.34621042141000147,0.31153995418250113,0.2817094205300005,0.25372662121749967,0.22494946477499972,0.1997053574950003,0.17134669857500018,0.14790036992000066,0.12598537640250027,0.10525243759000043
0.5,20.0,5.0,1.0,0.9719030111900012,0.9404582304700021,0.8884434610649966,0.8400732826250024,0.7813959839275004,0.7255385093374991,0.6663700568074976,0.6064248382224997,0.562764278900002,0.5173577265624982,0.49558550346000096,0.4691977497774993,0.4407869994049986,0.4153913214825009,0.38097304779000035,0.34540429830750147,0.31079061695750115,0.2809608410025005,0.2531782033074997,0.2244766775749997,0.19936662824250026,0.17104593004000018,0.14769951120000066,0.12588199012000026,0.10514152695250041
0.5,22.5,0.0,1.0,0.9722506562150006,0.9413285637525025,0.8902897615424971,0.8440735810075038,0.7910703076825023,0.7387127694249999,0.6831513771274993,0.6257689071625032,0.5823523831550013,0.5408518295674978,0.518916470362501,0.49335202545250006,0.46430773780249757,0.4385270500975002,0.40253120155750133,0.3647461541775002,0.33010798495999916,0.29882387478000005,0.2702369300424996,0.24277447727249996,0.21764646575250066,0.18993514029499978,0.16544715724250073,0.14322960360750067,0.12246358780249983
0.5,22.5,0.5,1.0,0.9722506562150006,0.9413285637525025,0.8902897615424971,0.8440735810075038,0.7910703076825023,0.7387127694249999,0.6831513771274993,0.6257689071625032,0.5823523831550013,0.5408518295674978,0.518916470362501,0.49335202545250006,0.46430773780249757,0.4385270500975002,0.40253120155750133,0.3647461541775002,0.33010798495999916,0.29882387478000005,0.2702369300424996,0.24277447727249996,0.21764646575250066,0.18993514029499978,0.16544715724250073,0.14322960360750067,0.12246358780249983
0.5,22.5,1.0,1.0,0.9724037028425007,0.9417965188000025,0.8912840010674973,0.8448751695375034,0.7918241647925022,0.7405108125400001,0.6844083005024995,0.6273921182775033,0.5830823998625013,0.5421582966499978,0.5197805520400012,0.4954603961799998,0.46648982490999735,0.4400062894124999,0.4032211090650011,0.3650579501050003,0.3292110457699992,0.2981125141325,0.27010731414499956,0.2419465929974999,0.21640859869250068,0.18777626185749988,0.16376554213000066,0.14184585964500052,0.12047895820249994
0.5,22.5,1.5,1.0,0.9726718077350012,0.9421022670250023,0.8920345435749977,0.8457388708250035,0.7928044794075021,0.7414657327750003,0.6851428780699996,0.6278219877300031,0.5833541579525015,0.5417610755774978,0.5193640879650014,0.4952911714574998,0.4663350352749974,0.4399576356175,0.4027538507075012,0.3643068278325004,0.32832937571499926,0.29723506314000003,0.26742025120249974,0.2378770792775001,0.2123477488275004,0.18316030181750015,0.15842274534500053,0.13636193303000035,0.1155106097625001
0.5,22.5,2.0,1.0,0.9728064657800016,0.9422564926500021,0.891899379099998,0.8450907973575034,0.7916904737375019,0.7405764439925002,0.6823120836074993,0.6246596718050023,0.5797827943300025,0.5370320309174975,0.5144328889950001,0.49013220738749924,0.46185257845749783,0.43517452022750036,0.39908755649500177,0.3616213670150005,0.3260711161324994,0.2950171157874994,0.265690785585,0.23618240275250024,0.2103743143325001,0.18085285681000043,0.1558699094300005,0.13380299668750031,0.11279481458000015
0.5,22.5,2.5,1.0,0.9726180102300022,0.9416607610800024,0.8913879824449981,0.8443726014675035,0.7908531831350016,0.7392317390950001,0.6809478523774992,0.6230019073775022,0.5789876075200024,0.5363838825799973,0.5138802242124999,0.4890974578799995,0.4602420342099978,0.4330856310200005,0.3978853625375019,0.36053114525250046,0.32471155727999934,0.29319163217999933,0.2636314412500001,0.23528984770250022,0.209874068815,0.17971350562000044,0.15466822995250054,0.13225616880500035,0.11131006783250012
0.5,22.5,3.0,1.0,0.9724006346825026,0.9410581738850019,0.8899532959199979,0.8418928530925028,0.7875606546550011,0.7350574630699996,0.6756431874049986,0.6162693143000013,0.5724409177175026,0.5289930209174977,0.5059215820449999,0.47954211424749943,0.4520392591374982,0.42534855751500095,0.3912471288350018,0.35527571308250083,0.32107070429249984,0.2901691896174993,0.2608688624250003,0.23297689373250022,0.2080278023149999,0.1777105023450005,0.15300921604000053,0.1306223136800003,0.11004189274250016
0.5,22.5,3.5,1.0,0.9722149914450025,0.9407224628775017,0.8894475971749968,0.8414247323600023,0.7865259987175004,0.7340134268049997,0.6749456643974979,0.6156565128325018,0.5724768284700035,0.5279002636124972,0.5065752660574991,0.4793449560799987,0.4509681784499982,0.425686794022501,0.3902233648050021,0.3541775010975008,0.3199174645775,0.2889845530174992,0.2597323313625007,0.23167466014500054,0.20621676174000003,0.17698050980250069,0.15230857769750064,0.12986926890750028,0.10928385980500023
0.5,22.5,4.0,1.0,0.9722441075275025,0.9407278507500016,0.8892683624249967,0.8411490007075024,0.7862610432025005,0.7335495826799995,0.6743824620724979,0.6153138246025018,0.5725299140675034,0.5274193914924972,0.5064983256049992,0.4788821651549987,0.4502511905249982,0.42504004500250103,0.38934923250000203,0.3531341672025009,0.3183174052950002,0.2874972652699993,0.25824044023750053,0.22995130809500058,0.20470815294,0.1761236622000007,0.15193787816250065,0.1295914372275003,0.10918435647250029
0.5,22.5,4.5,1.0,0.9713719006825012,0.9391929087675023,0.8864903801299963,0.8376779403225026,0.7793897490875002,0.7235704440599988,0.6625097019774977,0.6021379089874997,0.558752560892502,0.5134583580949983,0.492374922557501,0.46568319227749955,0.43751557375499844,0.41250441555250106,0.3785143450700003,0.3426724005775015,0.3087851084775012,0.2789331213725006,0.2513703230199996,0.22290547148999973,0.19778910577250022,0.16991116072000018,0.14682868519250067,0.12524684173750025,0.10480458121750041
0.5,22.5,5.0,1.0,0.9712791054375011,0.9390393315050024,0.8863117870849964,0.8373759739750026,0.7788007304250003,0.7227310681274989,0.6615815442799976,0.6013563098824998,0.5573711887025019,0.5122935797274983,0.49076198149250094,0.46409573952999955,0.4363796027099985,0.41141593051250114,0.37737386975000026,0.3419143478775015,0.3080706850875012,0.2781912219150006,0.25082742098749955,0.22242505547999972,0.19745037652000022,0.16961039218500018,0.14662782647250064,0.12514345545500025,0.10469367058000043
0.5,25.0,0.0,1.0,0.9703611410724963,0.9376974447200038,0.8853991352449948,0.8377251085200049,0.7846974751250024,0.731854815599999,0.6737836731349996,0.6153204558700033,0.5702332882525,0.5256336735924976,0.5066520331300031,0.48277730544000036,0.45555812223999753,0.43055661062499984,0.39592622937249977,0.3596838040650004,0.32613263415749877,0.29551719650000075,0.26761797639749896,0.2423531916124994,0.21715404945750108,0.1902147137449991,0.1656822642475008,0.14370131624250085,0.12277685742499975
0.5,25.0,0.5,1.0,0.9703611410724963,0.9376974447200038,0.8853991352449948,0.8377251085200049,0.7846974751250024,0.731854815599999,0.6737836731349996,0.6153204558700033,0.5702332882525,0.5256336735924976,0.5066520331300031,0.48277730544000036,0.45555812223999753,0.43055661062499984,0.39592622937249977,0.3596838040650004,0.32613263415749877,0.29551719650000075,0.26761797639749896,0.2423531916124994,0.21715404945750108,0.1902147137449991,0.1656822642475008,0.14370131624250085,0.12277685742499975
0.5,25.0,1.0,1.0,0.9705809193824961,0.9382877804500036,0.886594819302495,0.8387945718450045,0.7854513322350026,0.733443406349999,0.6744081079824997,0.6162996476425032,0.570326767185,0.5260799788249977,0.5070865590900033,0.48445086935500015,0.45730455914249746,0.43160351222249965,0.3964073273124996,0.3599882881300005,0.32523569496749893,0.29480583585250075,0.26748836049999897,0.2415594484299994,0.21595280670000108,0.1880558353074992,0.16409441447500073,0.14227902579250068,0.12067135799749985
0.5,25.0,1.5,1.0,0.9708578985874969,0.9385681528725036,0.8872726977974955,0.8397565948550045,0.7865428756175024,0.7345184423399993,0.67531311428,0.6170754348325032,0.5710812133250002,0.5262301857374977,0.5071939527625033,0.4846903279075002,0.4572714931524975,0.43163827235249974,0.3960105003974997,0.35923646733000064,0.3243478539324989,0.29398434164750076,0.26484692186499914,0.23765299073999954,0.21196520544000083,0.1832809179974995,0.1581921739525006,0.13627784166250048,0.11500738435250005
0.5,25.0,2.0,1.0,0.9709925566324974,0.9387835512325033,0.8872307126024956,0.8391636919825044,0.7854342675975022,0.7340638322224994,0.6732455006699997,0.6157386104550026,0.5702163607125013,0.5241062797499976,0.504496496535002,0.4815959951699996,0.4543784931199978,0.4279712356825002,0.3928948466625002,0.35678914242750076,0.322002039012499,0.2917741335250001,0.26311745624749944,0.23584327096499969,0.20988650652000054,0.1809261156499998,0.1555964809900006,0.13368035883250043,0.11210552630250013
0.5,25.0,2.5,1.0,0.9708080720599979,0.9381805208675036,0.8867965860049958,0.8385044098375046,0.784659906172502,0.7330383596799993,0.6720557466199995,0.6145296995300025,0.5693131120000011,0.5230904084549973,0.5036219033575019,0.48039188979749986,0.4530459545999978,0.42620895115500024,0.39169265270500037,0.3556989206650007,0.32059697405249893,0.2899168826075001,0.26100807693499956,0.23478301863999962,0.20928099657750043,0.17960506916499974,0.1543301386100006,0.13204320789500046,0.11051625545500011
0.5,25.0,3.0,1.0,0.9705529609524981,0.9370414038950028,0.8842485364674951,0.8343059133925034,0.7797393610150009,0.727514020212499,0.6657327312424987,0.6068964248850011,0.5620996603650018,0.5158722954049978,0.4956016202375019,0.4703434407349997,0.44378081195249824,0.4176430687675008,0.3840285260250002,0.34934927446750086,0.3164616227799996,0.28624003948000026,0.2574884854324997,0.23199949393249966,0.20703707749750033,0.17727504118999984,0.1522846087925006,0.13002941069000037,0.10884090415750018
0.5,25.0,3.5,1.0,0.9703546228649981,0.9366050484050029,0.8837030674174948,0.8339132736875032,0.7788494215500004,0.726781006412499,0.6652335327874982,0.6058698345050011,0.561618521457502,0.5145857236074977,0.4958784819950017,0.4696848456124993,0.4424882358449983,0.41776781702750077,0.3830781580450003,0.348378123657501,0.3154603827774997,0.2851527409200002,0.2564035446849999,0.23068598871749987,0.2049914677425004,0.17620439182999992,0.15128774443000068,0.12892079246000035,0.10769650214500022
0.5,25.0,4.0,1.0,0.9703837389474981,0.9366104362775028,0.8836095139749948,0.8337493305225031,0.7785844660350003,0.7263171622874988,0.6646703304624982,0.6055271462750011,0.561671607055002,0.5141048514874977,0.49580154154250167,0.4692220546874993,0.4417712479199983,0.41712106800750076,0.3822040257400003,0.34733478976250104,0.31397716604,0.2836654531725003,0.25491165355999973,0.22896263666749989,0.2034828589425004,0.1753475442274999,0.1509170448950007,0.12864296078000037,0.10759699881250027
0.5,25.0,4.5,1.0,0.9696266790774969,0.9353098743500032,0.8812316130924942,0.8307074709550031,0.7728009850900005,0.717359331164998,0.6550528329624977,0.5951750133199991,0.5503365266950019,0.5036179061624984,0.48419685275750274,0.4576955746799999,0.4303246465424988,0.4056338279425013,0.37211495350999924,0.3372807264850018,0.3046267427175015,0.27517601570750133,0.2480240819124991,0.22167080739249928,0.19611884376250047,0.1682908870649998,0.14491140172500064,0.12345671416250034,0.10270553330750044
0.5,25.0,5.0,1.0,0.9695338838324967,0.9351562970875034,0.8810530200474943,0.8304055046075033,0.7722119664275006,0.7165199552324979,0.6541246752649976,0.5944101143999991,0.5489551545050019,0.5024531277949983,0.48258391169250275,0.4561081219324999,0.4291886754974988,0.4045453429025014,0.37099567827749924,0.33659205679500176,0.3039376238125015,0.2744341162500013,0.24748117987999907,0.22119039138249932,0.19581673881250045,0.1680295303574998,0.14471054300500064,0.12339635720000035,0.10259462267000043
1.0,0.0,0.0,1.0,1.008820505,1.015280056,1.000731228,0.989249154,0.967346192,0.945342081,0.912098116,0.870911883,0.849307702,0.821476687,0.795760818,0.759967366,0.719818619,0.681674068,0.628149605,0.572662928,0.521023554,0.476169903,0.43467356,0.395730448,0.357840067,0.317064422,0.282544722,0.249657812,0.218420933
1.0,0.0,0.5,1.0,1.0072995841400028,1.0114029887099993,0.995352655330002,0.9818288303249976,0.9581877661924959,0.9329422965474974,0.8972453051349981,0.8553168114225015,0.8320262844049974,0.8029969906249965,0.7773037095550004,0.7423595909750024,0.7015851366724999,0.6638236562125032,0.6115555284500032,0.5571910173249998,0.5063382803425016,0.46268752984999995,0.4215387066224977,0.3823415160799988,0.3454420098649995,0.30552551979500087,0.2720421564399988,0.24015185510499953,0.20918178364250029
1.0,0.0,1.0,1.0,1.0067306804475027,1.0098925797374994,0.9927041131450015,0.9772510941499979,0.9517370700349969,0.9260170940199987,0.889975129219999,0.8479450952000017,0.8235554834274977,0.7941511778449977,0.7677039327225005,0.7327372302975017,0.6921972270174999,0.6541719184775028,0.6035550595650025,0.5492851389424999,0.49917423649500153,0.4560981909850001,0.4166233397124979,0.3775361074299988,0.3404303431399995,0.3000132969350007,0.266588215184999,0.23475819214249946,0.20476635193000003
1.0,0.0,1.5,1.0,1.0066461777750026,1.0097584823024994,0.9924580699625015,0.9768645706174979,0.950855742334997,0.9248213219349989,0.889288705429999,0.8479450952000017,0.8235554834274977,0.7942231536649977,0.7677039327225005,0.7319973047400018,0.6909063864349999,0.6524244268125028,0.6018639659775025,0.5471205777349999,0.4966416015675014,0.4532658098425,0.41271395532749805,0.3726533444624989,0.33528660036499935,0.2958655686550006,0.26350919850249904,0.2317250066874994,0.2022392774975
1.0,0.0,2.0,1.0,1.0066391209850027,1.0096804006275042,0.990907417042498,0.9734539346300007,0.9457593506724967,0.9191315788225011,0.8815911797125016,0.8378589748250029,0.8124808452024989,0.7814138015650023,0.7541428601299985,0.7159146298099986,0.6769051973325023,0.6385346390350031,0.5888734552725013,0.5348545305074994,0.4849764536050025,0.44046578702000205,0.4001090771924992,0.36146654966249997,0.3229746749274991,0.2841391417924994,0.25208918532999985,0.22056845849749895,0.19161952340499963
1.0,0.0,2.5,1.0,1.0066926660000026,1.0098804920575042,0.991497818552498,0.9747088962400007,0.9471852139524963,0.920059113990001,0.8822456442850014,0.8389260736500028,0.8138450420324991,0.7826807124100025,0.7556473712149986,0.7176302605249987,0.6766366656575022,0.6383329487325032,0.5883242534525014,0.5341326953524995,0.4839563733050025,0.43979096641500215,0.39895320747999924,0.35998117993249984,0.32105202945999933,0.28090659021499925,0.24781228835499988,0.2159414889474989,0.1853177370499997
1.0,0.0,3.0,1.0,1.008820505,1.013825192,0.996554275,0.981245466,0.954769463,0.927854522,0.889628802,0.844850688,0.819091675,0.788016786,0.759901532,0.722667388,0.682181855,0.644721889,0.592746239,0.538449762,0.488349942,0.444150113,0.402833883,0.363791084,0.326154589,0.285688693,0.251533628,0.219064396,0.188295562
1.0,0.0,3.5,1.0,1.0056047099350025,1.007129436950003,0.9875476019499979,0.969191143115,0.9397315122024973,0.9107259873000008,0.8721235152350006,0.8279316836725039,0.801710954557499,0.7686188603075027,0.7402228607674985,0.7028431694549988,0.6620648976600019,0.6240753313900026,0.5747674481775009,0.5225251506924997,0.4742706507400022,0.4303933839675015,0.3894068389624995,0.35012533775,0.31049645270749954,0.2716636734949992,0.23682763020999956,0.2050616297249992,0.17486715202999994
1.0,0.0,4.0,1.0,1.0055681682575026,1.007053636522503,0.9873785731724979,0.96880765984,0.9391228813099974,0.9097770559450009,0.8707793885625007,0.826989123272504,0.8003570852449988,0.7671899522975026,0.7390232612674985,0.7015004332274987,0.6609505359800019,0.6231989421000025,0.5740180842450009,0.5218153642424997,0.47387201244750216,0.4295636890550014,0.38864118010749954,0.349536039675,0.3102616367899995,0.2716636734949992,0.23686017914499957,0.2051781925024992,0.17492160811499996
1.0,0.0,4.5,1.0,1.0053965464300023,1.0062027609075024,0.9865275769399985,0.9670200098900006,0.9375145370649983,0.9075669235350007,0.8659740927200018,0.8223509111025034,0.7942115573349986,0.7608747571700016,0.731264971129999,0.6954783534624983,0.6540798673700023,0.6166305018125011,0.5678833975400012,0.5157020110225006,0.46770346417000225,0.42396595916000107,0.3823597876899991,0.3428010200424991,0.3030694058824998,0.2649639629549986,0.23045661115999927,0.19873714799749925,0.16830604156750034
1.0,0.0,5.0,1.0,1.0052421942925023,1.0058043326600024,0.9859000692624985,0.9654426836400003,0.9355611226124985,0.9053713045225007,0.8640405757125018,0.8216248740500034,0.7935989750099987,0.7601131385975013,0.730634273992499,0.6943450732949984,0.652076463390002,0.6146519989550009,0.565350465790001,0.5121392857625007,0.4636957400525022,0.41818973188000075,0.3775944446899991,0.3380152439024988,0.299496570195,0.26114325050749854,0.22764677323499927,0.1959202058974994,0.16541517982500042
1.0,2.5,0.0,1.0,1.0072995841400028,1.0114029887099993,0.995352655330002,0.9818288303249976,0.9581877661924959,0.9329422965474974,0.8972453051349981,0.8553168114225015,0.8320262844049974,0.8029969906249965,0.7773037095550004,0.7423595909750024,0.7015851366724999,0.6638236562125032,0.6115555284500032,0.5571910173249998,0.5063382803425016,0.46268752984999995,0.4215387066224977,0.3823415160799988,0.3454420098649995,0.30552551979500087,0.2720421564399988,0.24015185510499953,0.20918178364250029
1.0,2.5,0.5,1.0,1.0072995841400028,1.0114029887099993,0.995352655330002,0.9818288303249976,0.9581877661924959,0.9329422965474974,0.8972453051349981,0.8553168114225015,0.8320262844049974,0.8029969906249965,0.7773037095550004,0.7423595909750024,0.7015851366724999,0.6638236562125032,0.6115555284500032,0.5571910173249998,0.5063382803425016,0.46268752984999995,0.4215387066224977,0.3823415160799988,0.3454420098649995,0.30552551979500087,0.2720421564399988,0.24015185510499953,0.20918178364250029
1.0,2.5,1.0,1.0,1.0067306804475027,1.0098925797374994,0.9927041131450015,0.9772510941499979,0.9517370700349969,0.9260170940199987,0.889975129219999,0.8479450952000017,0.8235554834274977,0.7941511778449977,0.7677039327225005,0.7327372302975017,0.6921972270174999,0.6541719184775028,0.6035550595650025,0.5492851389424999,0.49917423649500153,0.4560981909850001,0.4166233397124979,0.3775361074299988,0.3404303431399995,0.3000132969350007,0.266588215184999,0.23475819214249946,0.20476635193000003
1.0,2.5,1.5,1.0,1.0066461777750026,1.0097584823024994,0.9924580699625015,0.9768645706174979,0.950855742334997,0.9248213219349989,0.889288705429999,0.8479450952000017,0.8235554834274977,0.7942231536649977,0.7677039327225005,0.7319973047400018,0.6909063864349999,0.6524244268125028,0.6018639659775025,0.5471205777349999,0.4966416015675014,0.4532658098425,0.41271395532749805,0.3726533444624989,0.33528660036499935,0.2958655686550006,0.26350919850249904,0.2317250066874994,0.2022392774975
1.0,2.5,2.0,1.0,1.0066391209850027,1.0096804006275042,0.990907417042498,0.9734539346300007,0.9457593506724967,0.9191315788225011,0.8815911797125016,0.8378589748250029,0.8124808452024989,0.7814138015650023,0.7541428601299985,0.7159146298099986,0.6769051973325023,0.6385346390350031,0.5888734552725013,0.5348545305074994,0.4849764536050025,0.44046578702000205,0.4001090771924992,0.36146654966249997,0.3229746749274991,0.2841391417924994,0.25208918532999985,0.22056845849749895,0.19161952340499963
1.0,2.5,2.5,1.0,1.0066926660000026,1.0098804920575042,0.991497818552498,0.9747088962400007,0.9471852139524963,0.920059113990001,0.8822456442850014,0.8389260736500028,0.8138450420324991,0.7826807124100025,0.7556473712149986,0.7176302605249987,0.6766366656575022,0.6383329487325032,0.5883242534525014,0.5341326953524995,0.4839563733050025,0.43979096641500215,0.39895320747999924,0.35998117993249984,0.32105202945999933,0.28090659021499925,0.24781228835499988,0.2159414889474989,0.1853177370499997
1.0,2.5,3.0,1.0,1.0066973246550028,1.0096376438525039,0.9913455310499982,0.9740475550600006,0.9462545181599965,0.9191474774200009,0.8816497347375016,0.8371905785475035,0.8120845320749989,0.7805031089750026,0.7537779378974986,0.7150860326299984,0.6744690781550023,0.635884122087503,0.5861022977100013,0.5325657375024996,0.4829502187200027,0.43868141942750205,0.3985646726224993,0.35912422841249986,0.32002111044499926,0.28025619980749916,0.24708574094249983,0.2152901492474989,0.1850860199274997
1.0,2.5,3.5,1.0,1.0056047099350025,1.007129436950003,0.9875476019499979,0.969191143115,0.9397315122024973,0.9107259873000008,0.8721235152350006,0.8279316836725039,0.801710954557499,0.7686188603075027,0.7402228607674985,0.7028431694549988,0.6620648976600019,0.6240753313900026,0.5747674481775009,0.5225251506924997,0.4742706507400022,0.4303933839675015,0.3894068389624995,0.35012533775,0.31049645270749954,0.2716636734949992,0.23682763020999956,0.2050616297249992,0.17486715202999994
1.0,2.5,4.0,1.0,1.0055681682575026,1.007053636522503,0.9873785731724979,0.96880765984,0.9391228813099974,0.9097770559450009,0.8707793885625007,0.826989123272504,0.8003570852449988,0.7671899522975026,0.7390232612674985,0.7015004332274987,0.6609505359800019,0.6231989421000025,0.5740180842450009,0.5218153642424997,0.47387201244750216,0.4295636890550014,0.38864118010749954,0.349536039675,0.3102616367899995,0.2716636734949992,0.23686017914499957,0.2051781925024992,0.17492160811499996
1.0,2.5,4.5,1.0,1.0053965464300023,1.0062027609075024,0.9865275769399985,0.9670200098900006,0.9375145370649983,0.9075669235350007,0.8659740927200018,0.8223509111025034,0.7942115573349986,0.7608747571700016,0.731264971129999,0.6954783534624983,0.6540798673700023,0.6166305018125011,0.5678833975400012,0.5157020110225006,0.46770346417000225,0.42396595916000107,0.3823597876899991,0.3428010200424991,0.3030694058824998,0.2649639629549986,0.23045661115999927,0.19873714799749925,0.16830604156750034
1.0,2.5,5.0,1.0,1.0052421942925023,1.0058043326600024,0.9859000692624985,0.9654426836400003,0.9355611226124985,0.9053713045225007,0.8640405757125018,0.8216248740500034,0.7935989750099987,0.7601131385975013,0.730634273992499,0.6943450732949984,0.652076463390002,0.6146519989550009,0.565350465790001,0.5121392857625007,0.4636957400525022,0.41818973188000075,0.3775944446899991,0.3380152439024988,0.299496570195,0.26114325050749854,0.22764677323499927,0.1959202058974994,0.16541517982500042
1.0,5.0,0.0,1.0,1.00117582,0.999892787,0.97798107,0.959263647,0.930694194,0.902360146,0.863715949,0.818114801,0.791384403,0.759226458,0.735459297,0.702378217,0.66527188,0.630017864,0.580549401,0.52926742,0.481541196,0.440086486,0.401734672,0.365742608,0.330723502,0.293037771,0.261133921,0.23073913,0.201869333
1.0,5.0,0.5,1.0,1.002928257077502,1.0030697880925026,0.9828010497049985,0.9647501967824997,0.9372412323150036,0.9098734098899968,0.8713778133149991,0.8264561560124988,0.8005490657999975,0.7673882750149998,0.7453036205975003,0.7114794979099973,0.6721798792175009,0.6360674544174991,0.5867628906575042,0.5335024935524989,0.48559283773249867,0.4438213287150015,0.405583222235001,0.36863477972750114,0.3335460478074993,0.2949824102575011,0.26328215715749925,0.23326372605250112,0.2027839455050002
1.0,5.0,1.0,1.0,1.0023020688825017,1.0012516320150018,0.9796031358549986,0.9599501134475001,0.9297812734450038,0.9013958210899982,0.8601379862799994,0.8153686731999992,0.7886228859124976,0.7540909853749997,0.7313813285325007,0.6980314203424973,0.6574148562825008,0.6209939718624993,0.5737757947450031,0.5233755189999991,0.4770719951574987,0.4362166715800014,0.3998641480725011,0.36270744442750114,0.32742799513249937,0.28930389869250095,0.25820616182249945,0.22835888934000081,0.19880117211750004
1.0,5.0,1.5,1.0,1.0022366779225016,1.0011560027525017,0.9794139680674987,0.9595091327175002,0.9289215344075039,0.8999965913849985,0.8593756864899994,0.8152135607974992,0.7879371167974978,0.7533637897949998,0.7306511591400008,0.6969193595149973,0.656089345400001,0.6192643590074993,0.5720978434625027,0.5212157794999992,0.4739532426274986,0.43305096583250113,0.395534805682501,0.3572690451625011,0.3220466929474993,0.28491958580250093,0.2549047631849994,0.22491186218750062,0.19613234735500001
1.0,5.0,2.0,1.0,1.0019178932775021,1.001053221697503,0.9781218861249975,0.9564115594125003,0.9248366018150034,0.8956075178374996,0.8544905846849999,0.8085924773475003,0.7811708727049984,0.7462481192750016,0.7223604934999999,0.6870111782499968,0.648172602655002,0.6110794990899998,0.5640126168125018,0.5138733837774989,0.46675852505999965,0.42494105930000176,0.3871884528025009,0.35040509802000075,0.3132542219524994,0.27584228238249997,0.2459409928524999,0.21538271525499966,0.18736217405499986
1.0,5.0,2.5,1.0,1.0021116822450025,1.0016090136275029,0.9791816096849977,0.9581490930850002,0.9267197589325034,0.8974345264574994,0.8559201631874997,0.8113264073775004,0.7835564514199986,0.7490575673850023,0.7241786258749997,0.6893240367499969,0.6487214070975024,0.6118889805750003,0.5641915800250018,0.5131398809049988,0.4657651375749996,0.4243160476975019,0.3860320185300011,0.34934850319750055,0.3119479552249997,0.2734359676574998,0.2424606881724999,0.21139564591249946,0.18213642932999985
1.0,5.0,3.0,1.0,1.0020989109350023,1.0014678752300026,0.9791969841624976,0.9580823456199999,0.9264801731350034,0.8975115582399995,0.8562845878674998,0.8100879799025006,0.7821725574924986,0.747941182510002,0.7226197991374996,0.6880400357624968,0.6475348998600025,0.6113087716325005,0.5634487544100015,0.5127577554774989,0.4653476091099998,0.4239521729300019,0.3857209712050011,0.34841908406500055,0.31127303089499964,0.2726689620049997,0.2416153031949999,0.21079160291749952,0.18190471220749987
1.0,5.0,3.5,1.0,1.0013243893750023,0.9995121247025015,0.9759175717599973,0.9538017154399989,0.9207402537025036,0.8902707994874998,0.8479509644474991,0.802002820847502,0.7725502576024982,0.7371572559300027,0.710680269535,0.6770740293249977,0.6360988453275016,0.6005141616600003,0.5530044063400009,0.5036014646199992,0.4572175247124997,0.4167504939350012,0.377857172425001,0.34060940715250093,0.3028219402924998,0.26533386177749957,0.23191256451499956,0.20107772417999958,0.17194737913749997
1.0,5.0,4.0,1.0,1.0012878476975022,0.9994220682350016,0.9757485429824974,0.9534182321649989,0.9201316228100036,0.8894930589099999,0.8469135307424991,0.8013910855750019,0.7713222480474982,0.7360999009525026,0.709692529425,0.6759259888974977,0.6351631254325016,0.5998036729425001,0.5524045350125009,0.5030231227949993,0.45693461417999975,0.4159618433975011,0.377122575987501,0.3399562967725009,0.3025241135324998,0.26533386177749957,0.23194511344999957,0.20119428695749955,0.17200183522249998
1.0,5.0,4.5,1.0,1.001217915067502,0.9989626877875015,0.9749580850199979,0.9520427011724995,0.9186430812425044,0.8873799831275,0.8436704353775007,0.7974080081575009,0.7668711373649981,0.7310636375725003,0.7044997367349999,0.6708142430524966,0.6302574681575028,0.5954004344149985,0.5486027663675012,0.4985917417750003,0.45207792862250046,0.4117863091475009,0.37222977309250055,0.33437301755999976,0.2969013248450002,0.25869049347249884,0.2259890829449994,0.19520399764749946,0.16604261643250046
1.0,5.0,5.0,1.0,1.0011208980675022,0.9986687525775015,0.9745516881824979,0.9508885663174993,0.9170279949675044,0.88552311484,0.8419960469000008,0.7968156505400007,0.7663970913999981,0.7303739948200003,0.7039912507724999,0.6697824087399965,0.6283386140525028,0.5935322117449985,0.546161310902501,0.49516675164500046,0.4481893575600006,0.4060625083750006,0.3671600832850004,0.3290642418524994,0.2930909328425003,0.25451988517749874,0.22313803082249936,0.19239702217749952,0.16321858944750045
1.0,7.5,0.0,1.0,1.001606479242502,1.0007861587900033,0.9795104839399977,0.9603234218050001,0.9324639998600038,0.9046544672899967,0.8658368937549991,0.821727708829999,0.7958321944724976,0.7612510775874998,0.7402375072825006,0.7060042098424968,0.6653461983475011,0.6291430867574986,0.579773036810004,0.5269280245924989,0.4795855226349981,0.43806200516750154,0.4002733465225015,0.3639788337600016,0.3289088601074991,0.29086056782500075,0.2590615003974992,0.22922423819000126,0.19837782219000005
1.0,7.5,0.5,1.0,1.001606479242502,1.0007861587900033,0.9795104839399977,0.9603234218050001,0.9324639998600038,0.9046544672899967,0.8658368937549991,0.821727708829999,0.7958321944724976,0.7612510775874998,0.7402375072825006,0.7060042098424968,0.6653461983475011,0.6291430867574986,0.579773036810004,0.5269280245924989,0.4795855226349981,0.43806200516750154,0.4002733465225015,0.3639788337600016,0.3289088601074991,0.29086056782500075,0.2590615003974992,0.22922423819000126,0.19837782219000005
1.0,7.5,1.0,1.0,1.0010049000525016,0.9990157801450025,0.9763817613274978,0.9556124499850002,0.9250961002525041,0.895883994182498,0.8545283601999993,0.8106616373524996,0.7833946812574979,0.7473390654274996,0.7259572895200008,0.6930534142124971,0.6512336578100011,0.6146623189449989,0.567505721435003,0.5169213821799993,0.47135192126499825,0.43118402471000117,0.39486539413250127,0.35771481139500144,0.3223285638774992,0.28461380078750076,0.2537435901899993,0.2242132005200009,0.19414616266749996
1.0,7.5,1.5,1.0,1.0009395090925017,0.9989201508825025,0.9761925935399978,0.9551714692550003,0.9242363612150042,0.8944847644774984,0.8537660604099995,0.8105065249499995,0.7827089121424978,0.7467574118849997,0.7252271201275008,0.691824822924997,0.649839441757501,0.612932706089999,0.5657018180225027,0.5147616426799994,0.4681718144174982,0.42796953921000097,0.39029035704500115,0.35192080918250135,0.31652195547499934,0.2798999870075008,0.2503415255049994,0.22042359892750077,0.1912438501124999
1.0,7.5,2.0,1.0,1.0006087917750022,0.9987327997300024,0.9748867372424972,0.9521162615699997,0.9202340496375042,0.8900856925849996,0.8493108077524998,0.8044018826200007,0.7763089812274986,0.7401961017525011,0.717208596105,0.6820942734199968,0.6424231605450017,0.6053402935974994,0.5584486315475018,0.5083306103324992,0.4613057251849991,0.4200866351900012,0.38246691699750085,0.34564274064250083,0.3086313764774995,0.27175838457999996,0.2421689195199998,0.21162429025499982,0.18301720434749985
1.0,7.5,2.5,1.0,1.0008025807425025,0.9992387334325022,0.9759164299524973,0.9536992260249995,0.921980420050004,0.8918568078524994,0.8506746218599995,0.8065969089075007,0.7782449803524988,0.7429074162950019,0.7187549604699999,0.6842238103824969,0.642954781047502,0.6060768920024998,0.5587784934650017,0.5078865187124991,0.46027617149249905,0.4193490801425014,0.3812487667575011,0.34473499550250053,0.3070040308349999,0.2686975459199997,0.23804212829249966,0.20707346786999964,0.1772058498399999
1.0,7.5,3.0,1.0,1.0007782385575024,0.9990505048550018,0.9758160446949974,0.9533844385999991,0.9214547965525044,0.8917392437424997,0.8509574881224996,0.8053584814325008,0.7766720453724987,0.7415809756325015,0.7169951487349999,0.682233496932497,0.6403967262900019,0.60435118229,0.5570600138400015,0.5070193163499992,0.4593832228574991,0.41872584496250126,0.38043814384250113,0.34312681511500054,0.30602609353999993,0.2678376219799996,0.23707294417499966,0.20637112729499968,0.17687640927999992
1.0,7.5,3.5,1.0,1.0000444827900026,0.997283297982501,0.9727779948824968,0.9494935432049982,0.9161360578300044,0.8854277537749996,0.8431878623024986,0.7971917826275022,0.7671403647649985,0.7303187792875024,0.7052574156725001,0.671292171984998,0.629157387515001,0.593852886615,0.5469029317250008,0.49787706972749923,0.45155014399249915,0.4117939310300008,0.37343801009250105,0.3361522389725009,0.2984899032225,0.2613300052874996,0.22793828258749943,0.1968680178524997,0.16701130524249982
1.0,7.5,4.0,1.0,1.0000079411125025,0.997193241515001,0.9726089661049968,0.9491100599299983,0.9157395754100044,0.8848955553749996,0.8424228670374988,0.7967672649875022,0.7659343992749984,0.7292640240625023,0.7042696755625002,0.670152010039998,0.6284293512625012,0.5933964444525,0.5465293348525007,0.49737271839499925,0.4513285877774992,0.41110283999750075,0.37274004176000103,0.3355241429500008,0.2981920764625,0.2613300052874996,0.22797083152249942,0.19698458062999968,0.16706576132749984
1.0,7.5,4.5,1.0,0.9999355344900023,0.9967198610675011,0.9716962873949976,0.9474826265574987,0.9140060467800052,0.8827370972175003,0.8394112763175009,0.7928112018000006,0.7612843629199983,0.7238869914400001,0.6992310949450001,0.6648554902674967,0.6233971766600027,0.5887499658324982,0.5421526772850008,0.4927348592875006,0.4468335245375002,0.40697751595500065,0.36783392317250047,0.32969027317999966,0.29256305417250056,0.2546873969124988,0.22172895263499925,0.1904828480149994,0.1603760825025004
1.0,7.5,5.0,1.0,0.9998385174900024,0.9964259258575011,0.9712898905574976,0.9463284917024984,0.9123909605050052,0.8808802289300003,0.837736887840001,0.7921681314625006,0.7607203867024982,0.723323120265,0.6986538980675001,0.6638236559549966,0.6218618362125027,0.5872266574424981,0.5400245544550006,0.4895222560700008,0.44308314670750026,0.4015230054875005,0.3627642333650003,0.3245482966324994,0.2888076777225007,0.25082027135749874,0.21909446093249926,0.18776314457499932,0.15779177739750053
1.0,10.0,0.0,1.0,0.994203834,0.98585953,0.957232828,0.931916736,0.897267415,0.863160437,0.819591205,0.769963635,0.738558105,0.70245398,0.680464051,0.649856665,0.615525019,0.582907184,0.537137811,0.489690529,0.445533117,0.407178254,0.371694264,0.338393569,0.305993077,0.271125363,0.241607178,0.213485211,0.186774203
1.0,10.0,0.5,1.0,0.9956431830175029,0.9883433735950063,0.9599763053424942,0.9346742773100019,0.8998443882224962,0.8663063153849972,0.8202079215249976,0.7697225073250045,0.7378787823449998,0.7014635247174996,0.6790538749150009,0.648532022264996,0.6131886491049966,0.5804282936774985,0.5336008131075013,0.4856662421025005,0.443231769417498,0.4050865381200006,0.3702327788475006,0.3381175305200014,0.3064184978474985,0.2716051201449995,0.24182540381499906,0.21385864583000053,0.18717687976249947
1.0,10.0,1.0,1.0,0.9950184986625022,0.9867240895675053,0.957107695027495,0.9302916871450013,0.893172129017497,0.8579533047524991,0.8096736182899982,0.7590484015600043,0.7258955415500005,0.6888947093200005,0.666158771950001,0.6369142334549962,0.6013509200599967,0.5683087948099985,0.5228176784475006,0.47606877021000105,0.43521917638249846,0.3983461024875003,0.36514287918750016,0.332874080580001,0.30110178231749896,0.26669284513499975,0.23828111702999916,0.21093098471000027,0.1852417952099995
1.0,10.0,1.5,1.0,0.9949619003025023,0.9865308761100051,0.9568785246649951,0.9299532218300013,0.8924105614524973,0.8567023049499994,0.8090550403849981,0.7585747302650043,0.7249379657525004,0.6878969329300005,0.664945334430001,0.6355765565699962,0.5996256453874966,0.5665059535249986,0.5209277243925003,0.47384330303750105,0.4319938151099985,0.39547308687750016,0.36110475079250004,0.32798512637250093,0.29627021247999913,0.2625682032299999,0.23542599927749921,0.20784226645500012,0.1826452572349995
1.0,10.0,2.0,1.0,0.9947118395625024,0.9857815411975004,0.9547596190874963,0.9262413551399973,0.8875746496775007,0.8495896481700018,0.8029941100224991,0.7533369684875042,0.7192155201324998,0.6816438635050023,0.6578796351950004,0.6279490165474978,0.592588683967497,0.559138379702499,0.5143430824149997,0.46818968927750126,0.4241323305774992,0.3869532394849996,0.35344901701999953,0.32189921842000047,0.2894175911549999,0.2552209920049997,0.22916754921499932,0.20131846392499975,0.17632629616499976
1.0,10.0,2.5,1.0,0.9950924211300028,0.986577747055,0.956162698507496,0.9284430325424963,0.8895852059400013,0.8514690954500018,0.8044185921399994,0.7546749513725038,0.7213327771949994,0.6842764975275025,0.6593133397375,0.6295269682899982,0.5929935125174974,0.5603980430874994,0.5147164408574995,0.46718626267750124,0.4220990941824995,0.3848255397999994,0.3511419062625,0.31978316839500026,0.2868366349450005,0.25100391956999935,0.22405937658999928,0.1965859877674996,0.17080513247499987
1.0,10.0,3.0,1.0,0.995104406130003,0.9863052822949989,0.9558553383524964,0.9279574199574957,0.8886103383350027,0.8508684857600022,0.8043794631549998,0.7536130293300036,0.7201707112074994,0.6834701063700024,0.65823931223,0.6280758117299984,0.5917110063949975,0.5597643986974995,0.5141438826849993,0.46691573160000116,0.42156858275749953,0.3844131430199994,0.3501038010075,0.3181449286925002,0.2856915888175005,0.2502092730699993,0.22304531097499924,0.19577849143999967,0.1704783613874999
1.0,10.0,3.5,1.0,0.994203834,0.984211374,0.95257926,0.923149143,0.883723383,0.844649762,0.796218111,0.743333854,0.708226483,0.669461828,0.645137616,0.613138187,0.578494332,0.546560094,0.502314539,0.45606239,0.41343439,0.375736077,0.340449236,0.307077163,0.274947513,0.24040565,0.211267209,0.183576944,0.157346884
1.0,10.0,4.0,1.0,0.9947511184475029,0.9855314403124983,0.9546859735824953,0.926109676869995,0.8864861490475026,0.8482474577025014,0.7999894623799971,0.7471975178925055,0.7113622858299995,0.6733813667650033,0.6488533362374999,0.6174148354150006,0.5824795145424976,0.5506593975724995,0.5062861375524982,0.46037731856250036,0.4168053214899999,0.37954197035999937,0.34437266742249967,0.3118541997825011,0.27934667766500065,0.24533842368499945,0.21580538327249932,0.18790512618249974,0.16140637066749966
1.0,10.0,4.5,1.0,0.994677269042503,0.984981173737499,0.953196685937497,0.9239602006799957,0.8835133479350057,0.844985432330003,0.7948065911625019,0.7412541725675014,0.7043201892074978,0.6650808848774981,0.640325463037501,0.6077257328899979,0.5743387645850008,0.5426937460874971,0.49887168169249885,0.4524908083175022,0.409751178650001,0.3724797079950001,0.3368036941574992,0.30301629143499925,0.27087776844750144,0.23671896394499853,0.20851048423999935,0.18059600344999918,0.15414428235250047
1.0,10.0,5.0,1.0,0.994203834,0.983505021,0.950617986,0.919514738,0.878198235,0.837214318,0.786967838,0.73296997,0.69657521,0.656934477,0.631850243,0.599435181,0.564750395,0.533108028,0.489426042,0.443711381,0.401705636,0.364300548,0.329162274,0.295864462,0.2639137,0.229570704,0.200650113,0.173195519,0.147217664
1.0,12.5,0.0,1.0,0.995728963237503,0.9880230852875056,0.9592087934674948,0.9328560146350019,0.8971233347924968,0.8621837357024971,0.8148273302574977,0.7625207155750036,0.7303164295600003,0.6943361751150003,0.670933592402501,0.6395176540174965,0.604498161059997,0.5722230858024987,0.526603406307501,0.4789353055400005,0.43632707056749814,0.39855802030500065,0.3643325431600004,0.333062473875001,0.3019944225949986,0.26741362260499957,0.23846305785749916,0.21119669052250042,0.18564267826749944
1.0,12.5,0.5,1.0,0.995728963237503,0.9880230852875056,0.9592087934674948,0.9328560146350019,0.8971233347924968,0.8621837357024971,0.8148273302574977,0.7625207155750036,0.7303164295600003,0.6943361751150003,0.670933592402501,0.6395176540174965,0.604498161059997,0.5722230858024987,0.526603406307501,0.4789353055400005,0.43632707056749814,0.39855802030500065,0.3643325431600004,0.333062473875001,0.3019944225949986,0.26741362260499957,0.23846305785749916,0.21119669052250042,0.18564267826749944
1.0,12.5,1.0,1.0,0.9951238433225023,0.9865853848275045,0.9565519736824956,0.9287679573175014,0.8910605939874975,0.8545343324749989,0.8054106348474981,0.7533107429150034,0.7197568441625006,0.6827681232025009,0.6597193518150007,0.629424962602497,0.593962588639997,0.5615005562924985,0.5173015337900005,0.470643339192501,0.42940176534249863,0.3927572697625004,0.35957528063,0.32838704308000044,0.29703363201999894,0.26283529882499973,0.23535607344999931,0.20879818241250028,0.18418524710499948
1.0,12.5,1.5,1.0,0.9950799079025024,0.9863921713700045,0.9563228033199956,0.9284294920025014,0.8903629710099977,0.8533647993649993,0.8051840107124981,0.7529123822500035,0.7188872283725007,0.681770346812501,0.6585059142950007,0.6279695096974971,0.5922679903824971,0.5599764635824986,0.5156564336575004,0.46873383533250107,0.4267081130799985,0.3902575414900003,0.35620094944499997,0.3241373554025004,0.29278157174749914,0.25916564297499983,0.23272392083749927,0.2058013506375001,0.18170554983749948
1.0,12.5,2.0,1.0,0.9948839587425026,0.9856792606749998,0.9542443968599967,0.924857108974998,0.8859168767900006,0.8466220232825011,0.799686171329999,0.7481640916025034,0.7139576897425002,0.6763954994800022,0.6524990039325003,0.6215685160799984,0.5860729116174973,0.5533213399824988,0.5097234451449997,0.46377609171750117,0.41955955843249926,0.3829462139224997,0.3493136459699995,0.31853194908250004,0.28660881367249985,0.25253037241999976,0.22663719497999937,0.19947379932999978,0.17560266415249967
1.0,12.5,2.5,1.0,0.9951986047275031,0.9862833011049996,0.9554026701724966,0.9266011606449973,0.8871750489750013,0.8475032193525013,0.8000531955149994,0.748243327537503,0.7150113578549997,0.6777709758725027,0.6523076199999999,0.6215217150824985,0.5851425998024977,0.553424578099999,0.5090684969699995,0.4620781846475011,0.4170151460574995,0.3803627960024994,0.34669808136999997,0.3158186476274998,0.28371233195000045,0.2483048310824993,0.2216459895674993,0.19495723669499973,0.17028529376499976
1.0,12.5,3.0,1.0,0.9952105897275031,0.9861374931124988,0.9551779955424965,0.9263017067699968,0.8864022409600024,0.8473487703600014,0.8003325570899996,0.7475081923225027,0.7145568624649996,0.6774542051150028,0.6517799787724998,0.6203793055774988,0.5843914480674978,0.553140041314999,0.5087988086949992,0.462347814795001,0.4169926178824995,0.3804316907949994,0.346301941155,0.31475019005749977,0.2828748879775005,0.24774602819249925,0.22084162058749932,0.19419004558749975,0.16995743090499973
1.0,12.5,3.5,1.0,0.9951322552875032,0.9858824749399981,0.9547533448574952,0.925613222692497,0.8860475774625028,0.8459882240600003,0.7982748795874977,0.7435991233175038,0.7082337600575,0.6703217613475032,0.6455304089975,0.6138901804825007,0.5788230804974983,0.5471393954624991,0.5029646599499983,0.45767496498499993,0.41432773635999953,0.3779317736824994,0.3435402074699999,0.31125996907000036,0.27848781938500033,0.24414999316499927,0.21479895610999938,0.1878025154399997,0.16177571532249957
1.0,12.5,4.0,1.0,0.9951610420300031,0.9859276301924982,0.9546863966299952,0.9255656133024971,0.8860872235875028,0.8462033704900004,0.7983405299899978,0.7439156109575036,0.708379763705,0.6701315593950032,0.6454534240575001,0.6139610228675005,0.5790588367649984,0.5475120141524991,0.5032160001599982,0.45770883288249997,0.4143122303074995,0.37752841249749935,0.34308975258249985,0.3107900642100003,0.27836512109750033,0.24419544897999926,0.21485056558999943,0.1879322748724997,0.16186125967749956
1.0,12.5,4.5,1.0,0.9951698464750032,0.985532505067499,0.9534539549399966,0.9236940657599979,0.8834636565400049,0.8438804876925012,0.7942350373475011,0.739547993982501,0.7036291534799984,0.6641499309499994,0.6395056454025011,0.606053849769999,0.5728996066200007,0.5414466777349979,0.4970062043649987,0.450977605720001,0.40848795505250024,0.3711593467499999,0.3364809291524996,0.30349766543499895,0.27129722433500086,0.23676094144499868,0.20868321468749948,0.18207059562249925,0.15569486666250018
1.0,12.5,5.0,1.0,0.9950615240700033,0.9852862117299989,0.9530360776274965,0.9227513015599981,0.882272389312505,0.8423522336975011,0.7925591881475015,0.7378468952700008,0.7018009266924983,0.6624012682424992,0.6373468017575011,0.6039058812624991,0.5704999861075011,0.5387797481774976,0.4946524435724986,0.447845434767501,0.4062844748625004,0.3682483094749997,0.3338968314474996,0.30102832514999867,0.2691134919450009,0.23451149948999853,0.20709997238499953,0.18016675273999927,0.15350377193250023
1.0,15.0,0.0,1.0,0.9920560512275025,0.9803776186200014,0.9478581741525001,0.9178461514274988,0.8802044849924985,0.8443831272974982,0.7983207529524984,0.7452518531175016,0.7077294029949995,0.6728270060225001,0.6499650030500008,0.6210091243474972,0.5874700719324971,0.5565125205149976,0.5121158187400006,0.46732182010500095,0.4261560710774985,0.3891622833200001,0.3544936555000001,0.32697830923499976,0.2953873386799993,0.2624282792224997,0.23364952205499925,0.20735900896250023,0.18170925409749944
1.0,15.0,0.5,1.0,0.9920560512275025,0.9803776186200014,0.9478581741525001,0.9178461514274988,0.8802044849924985,0.8443831272974982,0.7983207529524984,0.7452518531175016,0.7077294029949995,0.6728270060225001,0.6499650030500008,0.6210091243474972,0.5874700719324971,0.5565125205149976,0.5121158187400006,0.46732182010500095,0.4261560710774985,0.3891622833200001,0.3544936555000001,0.32697830923499976,0.2953873386799993,0.2624282792224997,0.23364952205499925,0.20735900896250023,0.18170925409749944
1.0,15.0,1.0,1.0,0.9916452996825024,0.9794593318150007,0.9459380554225012,0.9145791781874979,0.8751132395799992,0.8372890815274991,0.7886306802024987,0.7363108817775015,0.6979018784149997,0.6612582876925005,0.6396817474075004,0.6114680887199977,0.578252147622497,0.5483837299724973,0.5048293267075001,0.46034273069750176,0.42003592932749895,0.3841633882275,0.35052268465999975,0.32304568587749927,0.2911601271024995,0.25828092166500005,0.23078206575249952,0.20520587521250036,0.18030494165999933
1.0,15.0,1.5,1.0,0.9915944997425024,0.9792801376175005,0.9457421240200012,0.914200774797498,0.8743763718824995,0.8360963871274995,0.7883792399974987,0.7359126319600012,0.6970410875799997,0.6601886556125005,0.6384837695700004,0.6101566262599976,0.5765165035674971,0.5468166242649973,0.503145109035,0.4584057766800017,0.41713199558749886,0.3814648772299998,0.34677751991249983,0.3184174512024992,0.2866025119049997,0.2545395959375001,0.22788357079749955,0.20179221901750016,0.17762420650749935
1.0,15.0,2.0,1.0,0.9915072132800021,0.9788246537999993,0.9450530022425021,0.9129115801774954,0.8724530648650004,0.8315254418225009,0.7836751022999994,0.7312026561225011,0.6930592012900001,0.6548503264650007,0.6316335741274997,0.6023700114074971,0.569515655254997,0.5385540971124968,0.4954990141124997,0.4510628912950022,0.4082628647749994,0.3733172870149993,0.33899686954249986,0.31053780260499864,0.27895599080750033,0.24623753475250004,0.21973337975249962,0.19375908844750003,0.16999848329749928
1.0,15.0,2.5,1.0,0.9908079619350036,0.9773460672699987,0.9429369528525022,0.9110726724974945,0.8696145837175012,0.8280982285450017,0.7792111247949997,0.7265739619274997,0.6887992236175002,0.6492280201025004,0.626001693297499,0.5961983245524963,0.5633624162974971,0.5323384197249968,0.4893376527474995,0.4448549397150022,0.40286808086749937,0.3670765014974988,0.3336579163075006,0.30341658107999836,0.2723556896850011,0.23862860023249963,0.2111811599824995,0.18581323071500033,0.1597891868524991
1.0,15.0,3.0,1.0,0.987877812,0.971732014,0.93449012,0.899764476,0.85566638,0.812283281,0.760350537,0.7045407,0.666055655,0.624427782,0.602149137,0.572644646,0.540563742,0.510880309,0.469694587,0.426669833,0.386970527,0.351946398,0.319207246,0.288269569,0.258446254,0.226380909,0.199316294,0.173587539,0.149206187
1.0,15.0,3.5,1.0,0.9911038236050037,0.9779561320974982,0.9438158244250008,0.9118941893599947,0.8705636910050021,0.8293222995275012,0.7810692529849989,0.7255956038575004,0.6869293326175004,0.6467998960850007,0.6256741852074993,0.5943621540024975,0.5625746814974978,0.5313317980374974,0.48806592250749875,0.44421431134750106,0.4031404620274994,0.36843096973249884,0.33527751285250007,0.30349244081249926,0.27232744094750094,0.23838672765999946,0.20887790792749944,0.1826973609800002,0.1560278227124992
1.0,15.0,4.0,1.0,0.9912146049775038,0.9782800416949982,0.9441132088850007,0.9124494059099948,0.871044386072502,0.8300311479225014,0.7815979321949991,0.7266079232900005,0.6881638855675001,0.6478723196825008,0.6266208534574994,0.5952707452149973,0.5636782302549979,0.5320686371049975,0.4886078724374986,0.4444426527800011,0.40333972796499934,0.3686029779124988,0.33501030198750004,0.30339409536749923,0.27255200483500097,0.23877362945499947,0.20925301286999942,0.18297745372000018,0.1561017086824992
1.0,15.0,4.5,1.0,0.9905897977600036,0.9766334258775002,0.9405217143324995,0.9078020742074965,0.8655758030150024,0.8245014245675009,0.7743937852225009,0.7197553647249996,0.6814725046224994,0.6413119131524988,0.6190560184099998,0.5871099114374975,0.5560708740749994,0.5236735489249977,0.48126352072249934,0.4363083458100012,0.39588775351749994,0.36075029369999967,0.32762673473499965,0.2962195551999985,0.265449971260001,0.2317511765024991,0.20366890085999953,0.17817778740249954,0.1507314928750001
1.0,15.0,5.0,1.0,0.9904974469950035,0.976358662165,0.9399285049449994,0.9064605066724968,0.8640941062500024,0.8228632656825008,0.7723731307600012,0.7171858799924996,0.6786948358699995,0.6384989703749987,0.6160041378224999,0.584092568132498,0.5533560160999997,0.5208746311374974,0.47901820136999945,0.43450864241500115,0.39502977703750003,0.35857435517999975,0.3262362593174996,0.2943830700774985,0.26366530418750106,0.23039151003249891,0.20248049892249956,0.17666211083749958,0.14938867826250016
1.0,17.5,0.0,1.0,0.9910964137350026,0.9780532106375016,0.9442546278425002,0.9140475473149992,0.8759052220549987,0.840045859252498,0.7934462544099986,0.7404257084500014,0.7023372815574997,0.6686268072675001,0.6440986218000008,0.6150486304274977,0.5815612470524971,0.550413356987498,0.5066243428950007,0.4624834866025008,0.4209423518274985,0.38270024374500006,0.348649194825,0.32249893643499983,0.29040010986499926,0.2573408879949998,0.22879680990999948,0.20284619020500005,0.1784777687074995
1.0,17.5,0.5,1.0,0.9910964137350026,0.9780532106375016,0.9442546278425002,0.9140475473149992,0.8759052220549987,0.840045859252498,0.7934462544099986,0.7404257084500014,0.7023372815574997,0.6686268072675001,0.6440986218000008,0.6150486304274977,0.5815612470524971,0.550413356987498,0.5066243428950007,0.4624834866025008,0.4209423518274985,0.38270024374500006,0.348649194825,0.32249893643499983,0.29040010986499926,0.2573408879949998,0.22879680990999948,0.20284619020500005,0.1784777687074995
1.0,17.5,1.0,1.0,0.9907102711950023,0.9771842618825007,0.9425333322175014,0.911042832342498,0.8710510098424993,0.8332260070024988,0.7841944464974988,0.7322149625775012,0.6931195010524998,0.6574675860875004,0.6343816328675004,0.606627707834998,0.5731697254274971,0.5430812054599976,0.5000840211000003,0.4564151359275015,0.4159176560299991,0.37890668891500007,0.34537297917999976,0.31906315612249936,0.2872853487624994,0.25427790760750013,0.2267080324199997,0.20126944580750028,0.17731205625249935
1.0,17.5,1.5,1.0,0.9906594712550024,0.9770050676850006,0.9423374008150014,0.9106644289524981,0.8703141421449996,0.8320333126024991,0.7839430062924988,0.731816712760001,0.6922587102175,0.6563979540075003,0.6331836550300003,0.6053162453749978,0.5714340813724971,0.5415140997524978,0.4983998034275002,0.45419071809750156,0.412744770699999,0.3759540017149999,0.3411467507474999,0.31384770305749937,0.2820715241174996,0.2498707656975002,0.2233976060974997,0.1975119094275002,0.17433486022499933
1.0,17.5,2.0,1.0,0.9905824357175023,0.9765961920624996,0.9417599656850022,0.9095874920874958,0.8684363591375002,0.8277120842350005,0.7794681990174993,0.7267975803575006,0.688619349755,0.6511375591700006,0.6264807212674995,0.5973222580399973,0.564400162584997,0.5334208426974972,0.4909621988924999,0.447091467312502,0.4040971150774994,0.3682961876924994,0.33376382751250006,0.3065371246424987,0.27493673521000017,0.2417398810775002,0.21509586656499985,0.18933332969250014,0.16669044727999924
1.0,17.5,2.5,1.0,0.9898339663625038,0.975027170212499,0.9394632924900024,0.9076076173949948,0.865381635832501,0.8240560373050013,0.7747698456824997,0.7219553643599993,0.6842396361700003,0.6454028102025002,0.6207343461574988,0.5909185317349965,0.5580130519124972,0.5270393660949972,0.4846427976049997,0.440733482877502,0.3985566208949994,0.3617930637249989,0.3283596563375008,0.29931698008749846,0.2682003128725009,0.23408298591249982,0.20652000296999973,0.18138747196000046,0.1562270879799992
1.0,17.5,3.0,1.0,0.9898753140000036,0.9751489260349989,0.9396158955225025,0.9073274462149946,0.8647869304700011,0.8233873017250015,0.7743066378449996,0.7208991816124991,0.6833925192425003,0.6441946896425002,0.6198244861174986,0.5894259693074964,0.5564930914524971,0.5263110197574973,0.4841177087649996,0.44023397214750193,0.39806266811749935,0.36139477898749894,0.3274215417450008,0.29765410955499844,0.2670796320250009,0.23317253426249981,0.20552844660499972,0.18051492706750047,0.15564364843249923
1.0,17.5,3.5,1.0,0.9900924916325038,0.9756042937424989,0.940203744062501,0.9075800226424952,0.8653605619700013,0.8239754502700007,0.774768384504999,0.7193759178600003,0.6805820474250005,0.6409465519875002,0.617776455984999,0.5873395696774975,0.5548688924649976,0.5235152292224977,0.48075404175999936,0.4374766147800008,0.39645703598749954,0.36081909935499895,0.3268779559275001,0.2961512157749995,0.26407763751750063,0.2298697833799999,0.20020288283999982,0.17428184392250023,0.14884269207249953
1.0,17.5,4.0,1.0,0.9902032730050037,0.975928203339999,0.9405011285225009,0.9081352391924952,0.8658412570375014,0.824520242602501,0.7750452628949992,0.7201280995275002,0.6815408783125004,0.6417324560975004,0.6184409937249992,0.5882481608899974,0.5557754980924976,0.5242520682899978,0.4812959916899993,0.4374851104400009,0.39645202391249945,0.3606724378724989,0.3263811701925,0.2958465190849995,0.2642101678425006,0.23025668517499992,0.20057798778249983,0.17456193666250028,0.14891657804249955
1.0,17.5,4.5,1.0,0.9895788409775037,0.9741067865925008,0.9366164069449997,0.9031152187124968,0.8602824978100014,0.8188774779350004,0.7678406715625009,0.7135685485399996,0.6750843944349996,0.6353760346299988,0.6109782027774995,0.5804057381449977,0.548336236499999,0.5163160528274982,0.47434049819749996,0.4296645045475009,0.3889893105749999,0.35310063880249964,0.3194090257049997,0.28859172870999894,0.25707990694250066,0.22368225376249973,0.19557602362999998,0.16988454560249955,0.14346694394750023
1.0,17.5,5.0,1.0,0.9893497347250036,0.9735597960850008,0.9353581172849994,0.9005037206624974,0.8570657511725013,0.81546719419,0.7640367269975008,0.7094898775149997,0.6711103418724997,0.6313602119149985,0.6064806908099996,0.5760035635899982,0.5437131412499991,0.5114426381399981,0.469167167945,0.42485757282000064,0.3845436814725002,0.3474634819899998,0.3149326539349997,0.2837890800824991,0.25299118666250053,0.2196254348274998,0.19256597215250007,0.16711385122999953,0.14127382195000032
1.0,20.0,0.0,1.0,0.9863828492900037,0.9678351962175031,0.9298151656624996,0.8974577991525012,0.854750970204999,0.8104969818974956,0.7597860499274991,0.7022507201925005,0.6592036040199994,0.6169526222224987,0.5989041188175013,0.5748202486975009,0.5444199605699969,0.5148091779974994,0.47278856787000156,0.43022924453749994,0.39275861236249915,0.35942200638749955,0.3279350215424999,0.3021447711625,0.27357086634499966,0.24428814923999997,0.2158106068449998,0.19326462851000004,0.17188202014499981
1.0,20.0,0.5,1.0,0.9863828492900037,0.9678351962175031,0.9298151656624996,0.8974577991525012,0.854750970204999,0.8104969818974956,0.7597860499274991,0.7022507201925005,0.6592036040199994,0.6169526222224987,0.5989041188175013,0.5748202486975009,0.5444199605699969,0.5148091779974994,0.47278856787000156,0.43022924453749994,0.39275861236249915,0.35942200638749955,0.3279350215424999,0.3021447711625,0.27357086634499966,0.24428814923999997,0.2158106068449998,0.19326462851000004,0.17188202014499981
1.0,20.0,1.0,1.0,0.9863289308700037,0.9679463655625031,0.9298250846949999,0.8968089022825008,0.8536895979874991,0.8089263933174958,0.7565590588674992,0.6999103671750003,0.6572001579549996,0.6139486446849989,0.5971136274225013,0.5723045816425008,0.5427174982699967,0.5140844396099992,0.4723808159600014,0.42917598614750035,0.39177496573749954,0.35792898648499966,0.3267422788924998,0.3014519954549997,0.27263508342499965,0.24297659653000014,0.21551812147499994,0.19307470320750006,0.1717344670174996
1.0,20.0,1.5,1.0,0.9862740475050039,0.9678000747800032,0.9297210264725,0.8965972764850006,0.8532119888374992,0.8083082925474957,0.7566866415824992,0.6999856778050004,0.6571328770124996,0.6140134028249988,0.5969301755000012,0.5718548030600008,0.5417094529699967,0.5129746419474992,0.47131857980750136,0.4278645834125004,0.3899529820399995,0.3560920230724996,0.3238304968499998,0.2977780107949997,0.26882016336249975,0.23916770283500022,0.21235789672,0.1896391931425,0.16865162721999963
1.0,20.0,2.0,1.0,0.9862856365300037,0.9677413213625029,0.9296043461925007,0.8962126346849992,0.8524076703799993,0.8061667899074968,0.7533138808799991,0.696794192845,0.6548347650250004,0.6119338059374988,0.5927209707700003,0.5668285303725,0.5374359315799968,0.5081013853999989,0.46637136849500116,0.42344507597500075,0.3836357254774999,0.3503071876049993,0.3184551058125002,0.29163226303499945,0.26242038360999986,0.23158064605250037,0.20466099683500016,0.18156374793750005,0.16124450795749953
1.0,20.0,2.5,1.0,0.9856686220525047,0.9662866225175024,0.9272602983775006,0.8936794843999987,0.848576268725,0.8022518801074974,0.748466569939999,0.6924975040549994,0.6513129608900008,0.6075423143674983,0.5876821585449998,0.5613475123449995,0.5326056739274968,0.502750296342499,0.46144185556000106,0.4189084409025006,0.3797995579924997,0.34469390070999895,0.31344402329500043,0.2842670758199995,0.2547828499750003,0.22241819058250015,0.19548909718250015,0.17281888176750004,0.1495325987524997
1.0,20.0,3.0,1.0,0.9855944151575043,0.9662045558300026,0.9272103879050007,0.8895736376449976,0.8423961734999983,0.7943445814799978,0.7402181232224989,0.6821121871574995,0.6386769394475007,0.5943344611324981,0.5743492536774982,0.5465901813749986,0.5178571599174971,0.49089525548499907,0.4513258698600012,0.41011934351500073,0.37200855542250033,0.33946221079249883,0.3083738180300004,0.2797092251499996,0.2515470136925002,0.22030250634000023,0.19405025614750013,0.1718767839850001,0.14884607625499968
1.0,20.0,3.5,1.0,0.9855963426050045,0.9662325237050027,0.9271819595674999,0.8891765692924981,0.8418236906649986,0.7936236482299974,0.7397280430599988,0.6802528968225002,0.6357324990275006,0.5904725213124982,0.5705308846024981,0.543396942894999,0.5136794335674972,0.48636109294749935,0.44676930495000117,0.4065948759100003,0.36884253620000046,0.33664886767749885,0.304485531665,0.27548692158250015,0.24533031173249994,0.21447157110000056,0.1867701028600003,0.1636921544049998,0.14063468450000005
1.0,20.0,4.0,1.0,0.9857272420775045,0.9666158893350029,0.92759418475,0.8898861126624982,0.8424827447649984,0.7940028821524975,0.7396692955999989,0.6802884407600003,0.6361520861875004,0.5901213879024982,0.5702555027074983,0.5437824169674988,0.5140069159774971,0.4865708653549995,0.4469915173675012,0.40657410143750033,0.36843507821750043,0.3362974944649988,0.30390521026999995,0.2751822248925001,0.24544420996499994,0.21483343523500054,0.18711940306250033,0.16394365592749974,0.14070857047000007
1.0,20.0,4.5,1.0,0.9849600932450042,0.9645968713600047,0.9236035562249983,0.8849482552899992,0.8370351316099978,0.7883542349599967,0.7331211959324991,0.6733063406099999,0.6298476972599995,0.5847543105799982,0.5641139226549984,0.5368926289724993,0.5074029482224975,0.4797065934274998,0.44101628902000134,0.4001808873975002,0.36242745987750086,0.33049132062749925,0.2990334480349994,0.2701818804299999,0.2403594449349998,0.21010572099750063,0.18329165949500048,0.15960195175249917,0.1355518857950005
1.0,20.0,5.0,1.0,0.982170643,0.959342385,0.91505534,0.872943887,0.821731911,0.771591893,0.713842783,0.653857109,0.610583252,0.565298432,0.543713207,0.515819735,0.485973143,0.458744582,0.421155813,0.381817908,0.345671561,0.313484124,0.2832473,0.254594213,0.227100275,0.197547798,0.172661351,0.149036409,0.126682215
1.0,22.5,0.0,1.0,0.984785339202504,0.9644682710275014,0.9246733790424969,0.8902597689625038,0.8458139565125002,0.7996318800924943,0.7460688609899989,0.6878273597074999,0.6441502872024985,0.5989392572174982,0.5821053902075023,0.5593852821125026,0.5320098612474965,0.5037512138725004,0.46314455569250174,0.42121417905999925,0.38377656588499937,0.3502482783299993,0.32078302450499985,0.29506853049250015,0.26649449261500013,0.23974799656999984,0.21382890093249976,0.1916340661974999,0.17070638372499988
1.0,22.5,0.5,1.0,0.984785339202504,0.9644682710275014,0.9246733790424969,0.8902597689625038,0.8458139565125002,0.7996318800924943,0.7460688609899989,0.6878273597074999,0.6441502872024985,0.5989392572174982,0.5821053902075023,0.5593852821125026,0.5320098612474965,0.5037512138725004,0.46314455569250174,0.42121417905999925,0.38377656588499937,0.3502482783299993,0.32078302450499985,0.29506853049250015,0.26649449261500013,0.23974799656999984,0.21382890093249976,0.1916340661974999,0.17070638372499988
1.0,22.5,1.0,1.0,0.9849109011400041,0.9649940479300017,0.925262613219997,0.8906347550875034,0.8461129259900001,0.8000589578824946,0.745694297729999,0.6875536439725001,0.6445301951674987,0.5987954711149982,0.5826668860800023,0.5587856302825024,0.5319273458849965,0.5039483169500004,0.46294951288250163,0.42055839922749955,0.3833776123474996,0.3494203096499993,0.3202125120549998,0.29402303753750003,0.26536111056750006,0.23811390494499998,0.21335744162749992,0.1915831216124999,0.17054136539249976
1.0,22.5,1.5,1.0,0.9849106685500043,0.9649414776850017,0.9252190894274971,0.8906063125225033,0.8459882854475,0.7998582229374946,0.745972166654999,0.6876289546025,0.6446579316824987,0.5988602292549983,0.5824834341575023,0.5585335353050024,0.5312804049174965,0.5033515955200004,0.46220825741000154,0.41966143187249955,0.3821818212724996,0.3482444205624992,0.3181980673424998,0.29122780614000005,0.2628045222,0.2351693160175001,0.21060428755499994,0.1884117943824999,0.16753492715999976
1.0,22.5,2.0,1.0,0.9849380726300041,0.9649510061775021,0.9252407033574975,0.890406880280002,0.845353362155,0.7983906507224954,0.7436933711049987,0.6855196084674998,0.6436403885774993,0.5983848294324982,0.5805859711650015,0.5555998665275017,0.5283995229224966,0.49947940000250024,0.4581271765200015,0.41595126994749987,0.37753345554749984,0.343386588912499,0.3133477860675,0.28549129337249984,0.25698351871250014,0.2278441564550002,0.20305002020750018,0.1804972980924999,0.16017430026749968
1.0,22.5,2.5,1.0,0.9844679974850046,0.9638186275850019,0.9234105885299972,0.8887138025600018,0.8425901832425001,0.7958231543349958,0.7410763841699988,0.6831591803999996,0.6412808818299993,0.5968425924599979,0.5775276695500012,0.5516416380125012,0.5250246232349967,0.4953394166200002,0.4550686452500014,0.413815137295,0.37578085840999975,0.3401571492999988,0.30985000637000015,0.28074008533499983,0.2514649729625002,0.22090703533750017,0.19422987371250017,0.17204898685499992,0.1490147470799998
1.0,22.5,3.0,1.0,0.9843937905900043,0.963429098307502,0.922535165707497,0.8834623912849995,0.8349483256249981,0.7863366007324966,0.7300901369499987,0.6685980661974997,0.6238400747825,0.5785956285299977,0.5598495697774988,0.5332079687099996,0.5065343944999973,0.48044532865999984,0.44220121916250144,0.4027529660000006,0.36580617210500044,0.33322747671749886,0.30336101371750007,0.2751527777874998,0.24715442674250013,0.21806485119250024,0.19219564387250018,0.17084820106499993,0.1483107752099998
1.0,22.5,3.5,1.0,0.9841911501750044,0.9631517687600021,0.9221618233974971,0.8826805310474997,0.8340473503099982,0.7850951278899966,0.7281659411974987,0.6657633284400001,0.6203771052675,0.5746364690574978,0.5550171007899984,0.5292543807299995,0.5012133905174972,0.475350618675,0.43705910568000145,0.3986810642825004,0.3623135184150007,0.33056028738249893,0.2992534549874998,0.27047626823500015,0.24108180873999976,0.2116515339800006,0.1846791224950003,0.16226131989499953,0.13990778621750008
1.0,22.5,4.0,1.0,0.9843407376700044,0.9635125333400022,0.9225638795274972,0.8834491333924995,0.8347839583024981,0.7853090537124967,0.7280524837949989,0.6657354274350001,0.6201575028625,0.5735130656749978,0.5542084015474985,0.5290114687999995,0.5010974114749973,0.4752745070850001,0.43713198311250145,0.3985634494225004,0.36178334985500066,0.3300226701924989,0.29868730976749974,0.27023638293000013,0.24119570697249976,0.21194170151250058,0.1850284226975003,0.16248423019999955,0.1399816721875001
1.0,22.5,4.5,1.0,0.9836306331750041,0.9615753433875043,0.9188407219024959,0.8788158083450004,0.8296963135274971,0.779829551457496,0.7218407066224986,0.6594975587125002,0.6143298959674994,0.568717074849998,0.5488694321649981,0.5225110066699998,0.4948560320474973,0.46883746974750046,0.43162613615750145,0.3924570773025002,0.35592747838000105,0.3244165959699995,0.2938650049049992,0.2653734820075,0.23624951645999961,0.20730637013250067,0.18125807281750042,0.15810909341249904,0.13483051846000052
1.0,22.5,5.0,1.0,0.983376059075004,0.9610164781375043,0.9175064940399957,0.8760387837250008,0.8261935293049967,0.7759332392974957,0.7173363739074984,0.6553960161750002,0.6107344569074994,0.5649991974674979,0.5447603305899978,0.5178649504175001,0.48970512300249736,0.4632493238675006,0.4254956847650016,0.3868022749850001,0.3505570925525013,0.3188722230899995,0.28893845106499916,0.2601559767575001,0.23213730529249946,0.20277734763000071,0.17784472218000055,0.15496862789999896,0.13230531868000056
1.0,25.0,0.0,1.0,0.9854420015575045,0.9660731139574993,0.9269397605424969,0.8918433953775038,0.8477943104200011,0.8012710398324944,0.7478070184399992,0.6893510818874999,0.6454446840224987,0.5992624054799984,0.5828958112600029,0.5593524413975025,0.5318926468474965,0.5039706982125005,0.4634863972325014,0.4207708602799993,0.38432113906999943,0.3498148548999994,0.32022853049749966,0.29563488856250003,0.2666359478825003,0.23965430394249967,0.2138687894724998,0.19195035691999987,0.17090678700749984
1.0,25.0,0.5,1.0,0.9854420015575045,0.9660731139574993,0.9269397605424969,0.8918433953775038,0.8477943104200011,0.8012710398324944,0.7478070184399992,0.6893510818874999,0.6454446840224987,0.5992624054799984,0.5828958112600029,0.5593524413975025,0.5318926468474965,0.5039706982125005,0.4634863972325014,0.4207708602799993,0.38432113906999943,0.3498148548999994,0.32022853049749966,0.29563488856250003,0.2666359478825003,0.23965430394249967,0.2138687894724998,0.19195035691999987,0.17090678700749984
1.0,25.0,1.0,1.0,0.9855758543600044,0.9665865679024996,0.927528994719997,0.8922183815025035,0.848093279897501,0.8016981176224945,0.7472546648449991,0.6890773661525,0.6458245919874988,0.5991186193774984,0.5834573071325029,0.5588741046975023,0.5318101314849965,0.5041874230775005,0.46331255451000125,0.4201382081174996,0.38394749001749956,0.3490151391699994,0.3196580180474996,0.2946235366999999,0.2655391901375002,0.23809903597249985,0.21357379513249997,0.19211455893499987,0.17079871089749968
1.0,25.0,1.5,1.0,0.9855984116800045,0.9665339976574997,0.927485470927497,0.8922196424025034,0.8479999301700009,0.8015574986774945,0.7473822407624993,0.6891526767824999,0.6459523285024987,0.5991833775174985,0.5832738552100027,0.5586220097200024,0.5311631905174965,0.5035907016475005,0.46257129903750127,0.4192643684324996,0.38277700342749965,0.34786750303249936,0.31770607688499963,0.2920916346724999,0.2631290989800002,0.23508225894249996,0.21064615817749996,0.18901542467249988,0.16765931826999966
1.0,25.0,2.0,1.0,0.9856258157600044,0.96654352615,0.9275070848574974,0.892020210160002,0.8473650068775008,0.8001224453599951,0.745130942539999,0.6872001759624999,0.6450448380749993,0.5987916206274985,0.581390758212502,0.5559245965750016,0.5285341600574965,0.49986400191500024,0.4586336534650012,0.41558425128999993,0.37819284180249985,0.3430379243324992,0.3128870473849999,0.28638926299749967,0.2574545927025003,0.2279541585175001,0.2035106896625002,0.1814339263674999,0.1603937281824996
1.0,25.0,2.5,1.0,0.985181131530005,0.9654281023699997,0.9257029472149972,0.8903271324400017,0.8446644095950009,0.7975549489724958,0.742513955604999,0.6848397478949996,0.6426853313274995,0.5972493836549982,0.5783324565975018,0.5519663680600011,0.5251592603699966,0.4957240185325002,0.4555963222825011,0.41344811863750003,0.3764908536349998,0.33992149651999903,0.30954552656249995,0.28180876042249964,0.25219241707000034,0.22118327757500006,0.19489729223000016,0.17328682036999993,0.14947046440249973
1.0,25.0,3.0,1.0,0.9851069246350047,0.9647474781025004,0.9241271366674969,0.8854584058599988,0.8376592843274993,0.7887995771974973,0.732030533714999,0.6701445717024995,0.6249675396675006,0.5786061558874981,0.5604435816374991,0.5341608378724993,0.5068997169049975,0.4809244843075,0.4426810608025009,0.4021640686150009,0.36666040157500057,0.3328844663049991,0.3028455134474999,0.2762004879124995,0.24774496436500018,0.2181461721425002,0.19249753735500014,0.17164754507499996,0.14843819854499973
1.0,25.0,3.5,1.0,0.9849384690850047,0.9644900029075005,0.9238057487274969,0.8847359525524989,0.8368208906424993,0.7876537470249971,0.7302117031924992,0.6674886695424999,0.6217537097025005,0.5749798986749981,0.5558735738399988,0.5302784603974992,0.5017064924524974,0.47617482943250017,0.4378711107150009,0.3984123469475007,0.36338679926750084,0.3304210893199992,0.2988942135924995,0.27172882491499983,0.24191270856999988,0.21240285599750053,0.1858439812600002,0.1639144965624996,0.14075393111750004
1.0,25.0,4.0,1.0,0.9850880565800049,0.9648507674875006,0.924207804857497,0.8855045548974988,0.8375574986349993,0.7878977308474974,0.7300982457899993,0.6674774687224999,0.6215536150825006,0.5738600905474981,0.5550792405924989,0.5300479254274991,0.5016072200399975,0.47609871784250024,0.43794398814750096,0.3982947320875008,0.3629734732525008,0.3298834721299992,0.29832806837249953,0.2714889396099998,0.24202660680249985,0.21269302353000052,0.1861932814625002,0.16413740686749956,0.14082781708750003
1.0,25.0,4.5,1.0,0.9845913431800045,0.963195896585002,0.9210568770124956,0.8813329276474994,0.8330725646974984,0.7825684914124968,0.7240246238824991,0.66141692564,0.6156378343775002,0.5690478960349982,0.5496281896774985,0.5236191987574995,0.49533622041249764,0.4697664218225007,0.4325696793650011,0.39244331738250077,0.3575008316950013,0.3247497413249999,0.29379180613999895,0.26713175152749963,0.2374972188124996,0.2084303385750006,0.18259944652000026,0.15991558558249908,0.13625517844250046
1.0,25.0,5.0,1.0,0.9843595589900045,0.962722706665002,0.9198655445699956,0.8788155115299996,0.8298208341199982,0.7790909639874968,0.719768382564999,0.6576457739175001,0.6121891486700002,0.565333613907498,0.5456632783274983,0.5191563424349996,0.49075167719749774,0.46474063729500104,0.42703416933000127,0.38733067720000064,0.3528002519275016,0.31978253326250017,0.28931957461499885,0.2623563287874997,0.23383340195249958,0.20437519792500067,0.17955286341500026,0.15694723734999896,0.13386333770000047
1.5,0.0,0.0,1.0,1.007347953190003,1.0114959423549992,0.9954854775000019,0.9819970758299975,0.9583261993874959,0.9330996874399975,0.8972453051349981,0.8553168114225015,0.8320262844049974,0.8029969906249965,0.7773037095550004,0.7423595909750024,0.7015851366724999,0.6638236562125032,0.6115555284500032,0.5571910173249998,0.5063382803425016,0.46268752984999995,0.4215387066224977,0.3825322502624987,0.34563344111749955,0.30571797766000086,0.2720421564399988,0.24015185510499953,0.20918178364250029
1.5,0.0,0.5,1.0,1.007347953190003,1.0114959423549992,0.9954854775000019,0.9819970758299975,0.9583261993874959,0.9330996874399975,0.8972453051349981,0.8553168114225015,0.8320262844049974,0.8029969906249965,0.7773037095550004,0.7423595909750024,0.7015851366724999,0.6638236562125032,0.6115555284500032,0.5571910173249998,0.5063382803425016,0.46268752984999995,0.4215387066224977,0.3825322502624987,0.34563344111749955,0.30571797766000086,0.2720421564399988,0.24015185510499953,0.20918178364250029
1.5,0.0,1.0,1.0,1.0067790494975026,1.0099855333824994,0.9928369353150015,0.9774193396549978,0.9517370700349969,0.9260170940199987,0.889975129219999,0.8481000967550016,0.8235554834274977,0.7941841416224976,0.7677039327225005,0.7329075558500017,0.6924294995499999,0.6544001319350028,0.6037718052425025,0.5494904547849998,0.49927426796000157,0.4562880950175001,0.4168078911649979,0.3777156033799988,0.3406044195674995,0.3000132969350007,0.266588215184999,0.23475819214249946,0.20476635193000003
1.5,0.0,1.5,1.0,1.0066846524450026,1.0098317174124993,0.9925628398850016,0.976996660109998,0.950855742334997,0.9248213219349989,0.889288705429999,0.8481000967550016,0.8235554834274977,0.7942561174424977,0.7677039327225005,0.7321676302925018,0.6911386589674998,0.6526526402700027,0.6020807116550025,0.5473258935774998,0.4967416330325014,0.453455713875,0.41289850677999806,0.372832840412499,0.33546067679249936,0.2958655686550006,0.26350919850249904,0.2317250066874994,0.2022392774975
1.5,0.0,2.0,1.0,1.0066775956550027,1.009753635737504,0.9910121869649978,0.9735860241225008,0.9457593506724967,0.9191315788225011,0.8815911797125016,0.8380139763800029,0.8124808452024989,0.7815788841475022,0.7541428601299985,0.7160849553624986,0.6771374698650022,0.6387628524925031,0.5890902009500014,0.5350598463499995,0.48507648507000256,0.44065569105250196,0.40029362864499923,0.36164604561249997,0.3231487513549991,0.2841391417924994,0.25208918532999985,0.22056845849749895,0.19161952340499963
1.5,0.0,2.5,1.0,1.0067311406700028,1.009953727167504,0.991602588474998,0.9748409857325007,0.9471852139524963,0.920059113990001,0.8822456442850014,0.8389260736500028,0.8138450420324991,0.7828457949925023,0.7556473712149986,0.7176302605249987,0.6767165197975022,0.6384895861325033,0.5884150470000014,0.5342279788024995,0.4842028672325025,0.43993811481000206,0.3990695657524993,0.3601059505049999,0.3211836997699993,0.28090659021499925,0.24781228835499988,0.2159414889474989,0.1853177370499997
1.5,0.0,3.0,1.0,1.0066973246550028,1.0096376438525039,0.9913455310499982,0.9740475550600006,0.9462545181599965,0.9191474774200009,0.8816497347375016,0.8371905785475035,0.8120845320749989,0.7806681915575026,0.7537779378974986,0.7150860326299984,0.6745489322950025,0.636040759487503,0.5861930912575013,0.5326610209524996,0.4831967126475027,0.43882856782250207,0.39868103089499923,0.35924899898499985,0.3201527807549993,0.28025619980749916,0.24708574094249983,0.2152901492474989,0.1850860199274997
1.5,0.0,3.5,1.0,1.0056047099350025,1.007129436950003,0.9875476019499979,0.969191143115,0.9397315122024973,0.9107259873000008,0.8721235152350006,0.8279316836725039,0.801710954557499,0.7686518240850027,0.7402228607674985,0.7028431694549988,0.6621447518000018,0.6242319687900025,0.574858241725001,0.5226204341424997,0.4743706822050022,0.4305405323625015,0.38952319723499956,0.3502501083225,0.31068466036999953,0.2716636734949992,0.23682763020999956,0.2050616297249992,0.17486715202999994
1.5,0.0,4.0,1.0,1.0055681682575026,1.007053636522503,0.9873785731724979,0.96880765984,0.9391228813099974,0.9097770559450009,0.8707793885625007,0.826989123272504,0.8003570852449988,0.7672229160750025,0.7390232612674985,0.7015004332274987,0.6610303901200019,0.6233555795000025,0.5741088777925009,0.5219106476924997,0.4739720439125022,0.42971083745000144,0.3887575383799995,0.34966081024749995,0.3104498444524995,0.2716636734949992,0.23686017914499957,0.2051781925024992,0.17492160811499996
1.5,0.0,4.5,1.0,1.0054111045375027,1.0062188444400024,0.9865469137649981,0.9670174090700004,0.9374898788049983,0.9074886536100005,0.8658999570650017,0.8223509111025034,0.7942115573349986,0.7609077209475015,0.731264971129999,0.6954783534624983,0.6541242389750022,0.6166471455925011,0.5679333587550011,0.5157899147125005,0.4678303991625022,0.4240738491350011,0.3824761459624992,0.34292579061499906,0.3032576135449998,0.2649639629549986,0.23045661115999927,0.19873714799749925,0.16830604156750034
1.5,0.0,5.0,1.0,1.0052567524000027,1.0058204161925024,0.9859194060874981,0.9654400828200003,0.9355364643524986,0.9052930345975005,0.8639664400575016,0.8216248740500034,0.7935989750099987,0.7601461023750012,0.730634273992499,0.6943450732949984,0.6521208349950021,0.6146686427350009,0.5654004270050009,0.5122271894525007,0.4638226750450021,0.4183192552125007,0.37771080296249904,0.33814001447499886,0.2996847778575,0.26114325050749854,0.22764677323499927,0.1959202058974994,0.16541517982500042
1.5,2.5,0.0,1.0,1.007347953190003,1.0114959423549992,0.9954854775000019,0.9819970758299975,0.9583261993874959,0.9330996874399975,0.8972453051349981,0.8553168114225015,0.8320262844049974,0.8029969906249965,0.7773037095550004,0.7423595909750024,0.7015851366724999,0.6638236562125032,0.6115555284500032,0.5571910173249998,0.5063382803425016,0.46268752984999995,0.4215387066224977,0.3825322502624987,0.34563344111749955,0.30571797766000086,0.2720421564399988,0.24015185510499953,0.20918178364250029
1.5,2.5,0.5,1.0,1.007347953190003,1.0114959423549992,0.9954854775000019,0.9819970758299975,0.9583261993874959,0.9330996874399975,0.8972453051349981,0.8553168114225015,0.8320262844049974,0.8029969906249965,0.7773037095550004,0.7423595909750024,0.7015851366724999,0.6638236562125032,0.6115555284500032,0.5571910173249998,0.5063382803425016,0.46268752984999995,0.4215387066224977,0.3825322502624987,0.34563344111749955,0.30571797766000086,0.2720421564399988,0.24015185510499953,0.20918178364250029
1.5,2.5,1.0,1.0,1.0067790494975026,1.0099855333824994,0.9928369353150015,0.9774193396549978,0.9517370700349969,0.9260170940199987,0.889975129219999,0.8481000967550016,0.8235554834274977,0.7941841416224976,0.7677039327225005,0.7329075558500017,0.6924294995499999,0.6544001319350028,0.6037718052425025,0.5494904547849998,0.49927426796000157,0.4562880950175001,0.4168078911649979,0.3777156033799988,0.3406044195674995,0.3000132969350007,0.266588215184999,0.23475819214249946,0.20476635193000003
1.5,2.5,1.5,1.0,1.0066846524450026,1.0098317174124993,0.9925628398850016,0.976996660109998,0.950855742334997,0.9248213219349989,0.889288705429999,0.8481000967550016,0.8235554834274977,0.7942561174424977,0.7677039327225005,0.7321676302925018,0.6911386589674998,0.6526526402700027,0.6020807116550025,0.5473258935774998,0.4967416330325014,0.453455713875,0.41289850677999806,0.372832840412499,0.33546067679249936,0.2958655686550006,0.26350919850249904,0.2317250066874994,0.2022392774975
1.5,2.5,2.0,1.0,1.0066775956550027,1.009753635737504,0.9910121869649978,0.9735860241225008,0.9457593506724967,0.9191315788225011,0.8815911797125016,0.8380139763800029,0.8124808452024989,0.7815788841475022,0.7541428601299985,0.7160849553624986,0.6771374698650022,0.6387628524925031,0.5890902009500014,0.5350598463499995,0.48507648507000256,0.44065569105250196,0.40029362864499923,0.36164604561249997,0.3231487513549991,0.2841391417924994,0.25208918532999985,0.22056845849749895,0.19161952340499963
1.5,2.5,2.5,1.0,1.0067311406700028,1.009953727167504,0.991602588474998,0.9748409857325007,0.9471852139524963,0.920059113990001,0.8822456442850014,0.8389260736500028,0.8138450420324991,0.7828457949925023,0.7556473712149986,0.7176302605249987,0.6767165197975022,0.6384895861325033,0.5884150470000014,0.5342279788024995,0.4842028672325025,0.43993811481000206,0.3990695657524993,0.3601059505049999,0.3211836997699993,0.28090659021499925,0.24781228835499988,0.2159414889474989,0.1853177370499997
1.5,2.5,3.0,1.0,1.0066973246550028,1.0096376438525039,0.9913455310499982,0.9740475550600006,0.9462545181599965,0.9191474774200009,0.8816497347375016,0.8371905785475035,0.8120845320749989,0.7806681915575026,0.7537779378974986,0.7150860326299984,0.6745489322950025,0.636040759487503,0.5861930912575013,0.5326610209524996,0.4831967126475027,0.43882856782250207,0.39868103089499923,0.35924899898499985,0.3201527807549993,0.28025619980749916,0.24708574094249983,0.2152901492474989,0.1850860199274997
1.5,2.5,3.5,1.0,1.0056047099350025,1.007129436950003,0.9875476019499979,0.969191143115,0.9397315122024973,0.9107259873000008,0.8721235152350006,0.8279316836725039,0.801710954557499,0.7686518240850027,0.7402228607674985,0.7028431694549988,0.6621447518000018,0.6242319687900025,0.574858241725001,0.5226204341424997,0.4743706822050022,0.4305405323625015,0.38952319723499956,0.3502501083225,0.31068466036999953,0.2716636734949992,0.23682763020999956,0.2050616297249992,0.17486715202999994
1.5,2.5,4.0,1.0,1.0055681682575026,1.007053636522503,0.9873785731724979,0.96880765984,0.9391228813099974,0.9097770559450009,0.8707793885625007,0.826989123272504,0.8003570852449988,0.7672229160750025,0.7390232612674985,0.7015004332274987,0.6610303901200019,0.6233555795000025,0.5741088777925009,0.5219106476924997,0.4739720439125022,0.42971083745000144,0.3887575383799995,0.34966081024749995,0.3104498444524995,0.2716636734949992,0.23686017914499957,0.2051781925024992,0.17492160811499996
1.5,2.5,4.5,1.0,1.0054111045375027,1.0062188444400024,0.9865469137649981,0.9670174090700004,0.9374898788049983,0.9074886536100005,0.8658999570650017,0.8223509111025034,0.7942115573349986,0.7609077209475015,0.731264971129999,0.6954783534624983,0.6541242389750022,0.6166471455925011,0.5679333587550011,0.5157899147125005,0.4678303991625022,0.4240738491350011,0.3824761459624992,0.34292579061499906,0.3032576135449998,0.2649639629549986,0.23045661115999927,0.19873714799749925,0.16830604156750034
1.5,2.5,5.0,1.0,1.0052567524000027,1.0058204161925024,0.9859194060874981,0.9654400828200003,0.9355364643524986,0.9052930345975005,0.8639664400575016,0.8216248740500034,0.7935989750099987,0.7601461023750012,0.730634273992499,0.6943450732949984,0.6521208349950021,0.6146686427350009,0.5654004270050009,0.5122271894525007,0.4638226750450021,0.4183192552125007,0.37771080296249904,0.33814001447499886,0.2996847778575,0.26114325050749854,0.22764677323499927,0.1959202058974994,0.16541517982500042
1.5,5.0,0.0,1.0,1.002976626127502,1.0031627417375026,0.9829620574999985,0.9649485925099998,0.9374085628950035,0.9100308007824967,0.8713778133149991,0.8264561560124988,0.8005490657999975,0.7673882750149998,0.7453036205975003,0.7114794979099973,0.6721798792175009,0.6360674544174991,0.5867628906575042,0.5335024935524989,0.48559283773249867,0.4438213287150015,0.405583222235001,0.36882551391000107,0.33373747905999934,0.2951748681225011,0.26328215715749925,0.23326372605250112,0.2027839455050002
1.5,5.0,0.5,1.0,1.002976626127502,1.0031627417375026,0.9829620574999985,0.9649485925099998,0.9374085628950035,0.9100308007824967,0.8713778133149991,0.8264561560124988,0.8005490657999975,0.7673882750149998,0.7453036205975003,0.7114794979099973,0.6721798792175009,0.6360674544174991,0.5867628906575042,0.5335024935524989,0.48559283773249867,0.4438213287150015,0.405583222235001,0.36882551391000107,0.33373747905999934,0.2951748681225011,0.26328215715749925,0.23326372605250112,0.2027839455050002
1.5,5.0,1.0,1.0,1.0023504379325017,1.0013445856600018,0.9797641436499986,0.9601485091749999,0.9298101708300038,0.9013958210899982,0.8602869356599993,0.8155236747549992,0.7887595509549977,0.7541239491524996,0.7314512871700007,0.6982017458949973,0.6576471288150009,0.6212221853199992,0.573992540422503,0.5235808348424991,0.47721845761999865,0.43640657561250135,0.400048699525001,0.36288694037750113,0.3276020715599994,0.28930389869250095,0.25820616182249945,0.22835888934000081,0.19880117211750004
1.5,5.0,1.5,1.0,1.0022751525925018,1.0012292378625016,0.9795469236149986,0.9596713724325001,0.9289504317925039,0.8999965913849985,0.8595246358699994,0.8153685623524991,0.7880737818399978,0.7533967535724997,0.7307211177775008,0.6970896850674972,0.6563216179325009,0.6194925724649992,0.5723145891400027,0.5214210953424991,0.4740997050899986,0.43324086986500115,0.39571935713500106,0.35744854111250113,0.32222076937499927,0.28491958580250093,0.2549047631849994,0.22491186218750062,0.19613234735500001
1.5,5.0,2.0,1.0,1.001956367947502,1.001126456807503,0.9782548416724975,0.9565737991275003,0.9248654992000034,0.8956075178374996,0.8546395340649999,0.8087474789025002,0.7813075377474985,0.7465453206625015,0.7225725346099999,0.6871815038024969,0.6484048751875019,0.6113077125474998,0.5642293624900019,0.514078699619999,0.46690498752249965,0.4251309633325018,0.3873730042550009,0.3505845939700007,0.31342829837999936,0.27584228238249997,0.2459409928524999,0.21538271525499966,0.18736217405499986
1.5,5.0,2.5,1.0,1.0021501569150024,1.0016822487375028,0.9793145652324976,0.9583113328000001,0.9267486563175034,0.8974345264574994,0.8560691125674996,0.8113264073775004,0.7836931164624985,0.7493547687725021,0.7244627908199998,0.6893240367499969,0.6488764006550024,0.6120456179750003,0.5643439812550017,0.5132886960499988,0.46605806249999965,0.42446319609250194,0.386180511737501,0.3494984636225006,0.31209848861249967,0.2734359676574998,0.2424606881724999,0.21139564591249946,0.18213642932999985
1.5,5.0,3.0,1.0,1.0020989109350023,1.0014678752300026,0.9791969841624976,0.9580823456199999,0.9264801731350034,0.8975115582399995,0.8564335372474998,0.8102254036925006,0.7824458875774986,0.748238383897502,0.7230460465549997,0.6881900301649969,0.6476898934175024,0.6114654090325005,0.5636011556400016,0.5129065706224989,0.46564053403499983,0.42409932132500194,0.38586946441250114,0.3485690444900005,0.3114235642824996,0.2726689620049997,0.2416153031949999,0.21079160291749952,0.18190471220749987
1.5,5.0,3.5,1.0,1.0013243893750023,0.9995121247025015,0.9759175717599973,0.9538017154399989,0.9207402537025036,0.8902707994874998,0.8480999138274989,0.802002820847502,0.7726869226449982,0.7371902197075026,0.710680269535,0.6770740293249977,0.6362538388850015,0.6006707990600002,0.553156807570001,0.5037502797649992,0.4573639871749997,0.4168976423300012,0.378005665632501,0.3407593675775009,0.30302901103249985,0.26533386177749957,0.23191256451499956,0.20107772417999958,0.17194737913749997
1.5,5.0,4.0,1.0,1.0012878476975022,0.9994220682350016,0.9757485429824974,0.9534182321649989,0.9201316228100036,0.8894930589099999,0.847062480122499,0.8013910855750019,0.7714589130899983,0.7361328647300024,0.709692529425,0.6759259888974977,0.6353181189900016,0.5999603103425002,0.5525569362425009,0.5031719379399993,0.45708107664249975,0.4161089917925011,0.377271069195001,0.34010625719750087,0.3027311842724998,0.26533386177749957,0.23194511344999957,0.20119428695749955,0.17200183522249998
1.5,5.0,4.5,1.0,1.0012324731750022,0.9989787713200016,0.9749774218449976,0.9520401003524994,0.9186184229825045,0.8873017132024998,0.8435962997225007,0.7974080081575009,0.7670078024074981,0.7310966013500001,0.7044997367349999,0.6708142430524966,0.6303769791800028,0.5954170781949985,0.548714335265001,0.49873317716000026,0.45225129461250035,0.41189419912250097,0.3723782663000005,0.3345229779849997,0.2971083955850002,0.25869049347249884,0.2259890829449994,0.19520399764749946,0.16604261643250046
1.5,5.0,5.0,1.0,1.0011354561750023,0.9986848361100016,0.9745710250074976,0.9508859654974993,0.9170033367075046,0.8854448449149998,0.8419219112450008,0.7968156505400007,0.7665337564424981,0.7304069585975002,0.7039912507724999,0.6697824087399965,0.6284581250750028,0.5935488555249985,0.5462728798000009,0.49530818703000035,0.4483627235500005,0.40619203170750057,0.3673085764925003,0.3292142022774994,0.29329800358250036,0.25451988517749874,0.22313803082249936,0.19239702217749952,0.16321858944750045
1.5,7.5,0.0,1.0,1.001654848292502,1.0008791124350034,0.9796714917349978,0.9605218175325001,0.9326313304400038,0.9048118581824967,0.8658368937549991,0.821727708829999,0.7958321944724976,0.7612510775874998,0.7402375072825006,0.7060042098424968,0.6653461983475011,0.6291430867574986,0.579773036810004,0.5269280245924989,0.4795855226349981,0.43806200516750154,0.4002733465225015,0.36416956794250155,0.32910029135999913,0.29105302569000074,0.2590615003974992,0.22922423819000126,0.19837782219000005
1.5,7.5,0.5,1.0,1.001654848292502,1.0008791124350034,0.9796714917349978,0.9605218175325001,0.9326313304400038,0.9048118581824967,0.8658368937549991,0.821727708829999,0.7958321944724976,0.7612510775874998,0.7402375072825006,0.7060042098424968,0.6653461983475011,0.6291430867574986,0.579773036810004,0.5269280245924989,0.4795855226349981,0.43806200516750154,0.4002733465225015,0.36416956794250155,0.32910029135999913,0.29105302569000074,0.2590615003974992,0.22922423819000126,0.19837782219000005
1.5,7.5,1.0,1.0,1.0010532691025018,0.9991087337900023,0.9765427691224978,0.9558108457125002,0.9251249976375041,0.895883994182498,0.8546773095799993,0.8108166389074996,0.7835313462999979,0.7473720292049996,0.726027248157501,0.6932237397649971,0.651465930342501,0.6148905324024989,0.5677224671125031,0.5171266980224992,0.47149838372749825,0.4313739287425012,0.3950499455850013,0.35789430734500144,0.3225026403049992,0.28461380078750076,0.2537435901899993,0.2242132005200009,0.19414616266749996
1.5,7.5,1.5,1.0,1.0009779837625017,0.9989933859925024,0.9763255490874978,0.9553337089700003,0.9242652586000042,0.8944847644774984,0.8539150097899995,0.8106615265049996,0.782845577184998,0.7467903756624996,0.7252970787650008,0.691995148477497,0.650071714290001,0.6131609195474989,0.5659185637000028,0.5149669585224994,0.4683182768799983,0.428159443242501,0.3904749084975012,0.3521003051325014,0.3166960319024993,0.2798999870075008,0.2503415255049994,0.22042359892750077,0.1912438501124999
1.5,7.5,2.0,1.0,1.0006472664450021,0.9988060348400023,0.9750196927899972,0.9522785012849997,0.9202629470225042,0.8900856925849996,0.8494597571324998,0.8045568841750006,0.7764456462699987,0.7404933031400011,0.717420637215,0.6822645989724968,0.6426554330775016,0.6055685070549994,0.5586653772250019,0.5085359261749992,0.4614521876474991,0.42027653922250124,0.3826514684500008,0.34582223659250083,0.3088054529049995,0.27175838457999996,0.2421689195199998,0.21162429025499982,0.18301720434749985
1.5,7.5,2.5,1.0,1.0008410554125025,0.9993119685425021,0.9760493854999973,0.9538614657399994,0.922009317435004,0.8918568078524994,0.8508235712399995,0.8065969089075007,0.7783816453949989,0.7432046176825017,0.7190391254149999,0.6842238103824969,0.643109774605002,0.6062335294024999,0.5589308946950017,0.5080353338574991,0.4605690964174991,0.4194962285375014,0.3813972599650011,0.34488495592750057,0.30715456422249987,0.2686975459199997,0.23804212829249966,0.20707346786999964,0.1772058498399999
1.5,7.5,3.0,1.0,1.0007782385575024,0.9990505048550018,0.9758160446949974,0.9533844385999991,0.9214547965525044,0.8917392437424997,0.8511064375024996,0.8054959052225007,0.7769453754574989,0.7418781770200015,0.7174213961525,0.6823834913349971,0.6405517198475019,0.60450781969,0.5572124150700014,0.5071681314949992,0.4596761477824991,0.4188729933575013,0.3805866370500011,0.3432767755400005,0.3061766269274999,0.2678376219799996,0.23707294417499966,0.20637112729499968,0.17687640927999992
1.5,7.5,3.5,1.0,1.0000444827900026,0.997283297982501,0.9727779948824968,0.9494935432049982,0.9161360578300044,0.8854277537749996,0.8433368116824986,0.7971917826275022,0.7672770298074983,0.7303517430650024,0.7052574156725001,0.671292171984998,0.6293123810725011,0.594009524015,0.5470553329550008,0.4980258848724992,0.45169660645499915,0.4119410794250008,0.3735865033000011,0.3363021993975009,0.2986969739625,0.2613300052874996,0.22793828258749943,0.1968680178524997,0.16701130524249982
1.5,7.5,4.0,1.0,1.0000079411125025,0.997193241515001,0.9726089661049968,0.9491100599299983,0.9157395754100044,0.8848955553749996,0.8425718164174988,0.7967672649875022,0.7660710643174984,0.7292969878400022,0.7042696755625002,0.670152010039998,0.6285843448200013,0.5935530818525,0.5466817360825007,0.4975215335399993,0.4514750502399992,0.4112499883925007,0.372888534967501,0.33567410337500087,0.2983991472025,0.2613300052874996,0.22797083152249942,0.19698458062999968,0.16706576132749984
1.5,7.5,4.5,1.0,0.9999500925975027,0.9967359446000011,0.9717156242199972,0.9474800257374986,0.9139813885200053,0.8826588272925001,0.8393371406625009,0.7928112018000006,0.7614210279624983,0.7239199552175001,0.6992310949450001,0.6648554902674967,0.6235166876825027,0.5887666096124982,0.5422642461825008,0.49287629467250055,0.4470068905275,0.40708540593000064,0.36798241638000045,0.3298402336049997,0.2927701249125006,0.2546873969124988,0.22172895263499925,0.1904828480149994,0.1603760825025004
1.5,7.5,5.0,1.0,0.9998530755975027,0.9964420093900012,0.9713092273824973,0.9463258908824984,0.9123663022450053,0.8808019590050001,0.837662752185001,0.7921681314625006,0.7608570517449982,0.7233560840425,0.6986538980675001,0.6638236559549966,0.6219813472350026,0.5872433012224981,0.5401361233525006,0.48966369145500066,0.44325651269750016,0.4016525288200004,0.36291272657250034,0.3246982570574994,0.2890147484625007,0.25082027135749874,0.21909446093249926,0.18776314457499932,0.15779177739750053
1.5,10.0,0.0,1.0,0.9956915520675029,0.9884363272400063,0.9602419496824943,0.9350107683200019,0.9001804785499963,0.8664637062774974,0.8202079215249976,0.7697225073250045,0.7378787823449998,0.7014635247174996,0.6790538749150009,0.648532022264996,0.6131886491049966,0.5804282936774985,0.5336008131075013,0.4860205655725005,0.443231769417498,0.4050865381200006,0.3702327788475006,0.3383082647025013,0.3066099290999985,0.2717975780099995,0.24182540381499906,0.21385864583000053,0.18717687976249947
1.5,10.0,0.5,1.0,0.9956915520675029,0.9884363272400063,0.9602419496824943,0.9350107683200019,0.9001804785499963,0.8664637062774974,0.8202079215249976,0.7697225073250045,0.7378787823449998,0.7014635247174996,0.6790538749150009,0.648532022264996,0.6131886491049966,0.5804282936774985,0.5336008131075013,0.4860205655725005,0.443231769417498,0.4050865381200006,0.3702327788475006,0.3383082647025013,0.3066099290999985,0.2717975780099995,0.24182540381499906,0.21385864583000053,0.18717687976249947
1.5,10.0,1.0,1.0,0.9950668677125023,0.9868170432125052,0.957373339367495,0.9306281781550012,0.8933697861499971,0.8579533047524991,0.8098225676699982,0.7592034031150042,0.7261255971200004,0.6889276730975005,0.666228730587501,0.6370845590074962,0.6015831925924967,0.5685370082674985,0.5230344241250006,0.476440500870001,0.43541519155499847,0.3985360065200003,0.3653274306400002,0.333053576530001,0.3012758587449989,0.26669284513499975,0.23828111702999916,0.21093098471000027,0.1852417952099995
1.5,10.0,1.5,1.0,0.9950003749725024,0.9866041112200051,0.9571161167574951,0.9302535568275013,0.8925649029074973,0.8567023049499994,0.8092039897649981,0.7587297318200044,0.7251680213225004,0.6879298967075005,0.665015293067501,0.6357468821224963,0.5998579179199967,0.5667341669824986,0.5211444700700004,0.47421503369750106,0.4321898302824985,0.3956629909100002,0.36128930224500005,0.3281646223225009,0.29644428890749913,0.2625682032299999,0.23542599927749921,0.20784226645500012,0.1826452572349995
1.5,10.0,2.0,1.0,0.9947503142325025,0.9858547763075003,0.9549972111799961,0.9265416901374973,0.8877289911325006,0.8495896481700018,0.8031430594024991,0.7534919700425042,0.7194455757024997,0.6819410648925021,0.6580916763050004,0.6281193420999978,0.592820956499997,0.559366593159999,0.5145598280924998,0.4685614199375013,0.42432834574999917,0.38714314351749957,0.35363356847249944,0.3220787143700005,0.2895916675824999,0.2552209920049997,0.22916754921499932,0.20131846392499975,0.17632629616499976
1.5,10.0,2.5,1.0,0.9951308958000028,0.986650982165,0.9564002905999961,0.9287433675399963,0.8897395473950013,0.8514690954500018,0.8045675415199994,0.7546749513725038,0.7215628327649994,0.6845736989150023,0.6595975046824999,0.6295269682899982,0.5931485060749975,0.5605546804874993,0.5148688420874994,0.46750149264000124,0.42244157181749953,0.3849726881949994,0.35129039946999996,0.31993312882000025,0.2869871683325005,0.25100391956999935,0.22405937658999928,0.1965859877674996,0.17080513247499987
1.5,10.0,3.0,1.0,0.995104406130003,0.9863052822949989,0.9558553383524964,0.9279574199574957,0.8886103383350027,0.8508684857600022,0.8045284125349997,0.7537504531200035,0.7205374318199995,0.6837673077575023,0.6586655596475,0.6282258061324985,0.5918659999524976,0.5599210360974994,0.5142962839149994,0.46706454674500114,0.42191106039249954,0.3845602914149994,0.3502522942149999,0.3182948891175002,0.28584212220500055,0.2502092730699993,0.22304531097499924,0.19577849143999967,0.1704783613874999
1.5,10.0,3.5,1.0,0.9947387552825029,0.9855168854949982,0.9547529218099952,0.926210115879995,0.8866243165350026,0.8482262031000013,0.800141749539997,0.7470057414775055,0.7117811620299997,0.6740206208325031,0.6494002311524997,0.6180020205025007,0.5828575974849975,0.5508282429574995,0.5062538413549983,0.46062248999000033,0.41720942118999993,0.38022165502499944,0.3450368489774997,0.31253996775500115,0.27967644669250064,0.2452929678699994,0.2157537737924993,0.18777536674999976,0.1613208263124997
1.5,10.0,4.0,1.0,0.9947511184475029,0.9855314403124983,0.9546859735824953,0.926109676869995,0.8864861490475026,0.8482474577025014,0.8001384117599971,0.7471975178925055,0.7115923413999995,0.6734143305425032,0.6488533362374999,0.6174148354150006,0.5826345080999976,0.5508160349724995,0.5064385387824983,0.4605261337075004,0.4170013366624999,0.3796891187549994,0.3445211606299997,0.31200416020750116,0.27955374840500063,0.24533842368499945,0.21580538327249932,0.18790512618249974,0.16140637066749966
1.5,10.0,4.5,1.0,0.9946918271500033,0.9849972572699991,0.9532160227624966,0.9239575998599957,0.8834886896750058,0.8449071624050027,0.7947324555075018,0.7412541725675014,0.7045502447774978,0.6651138486549981,0.640325463037501,0.6077257328899979,0.5744582756075008,0.5427103898674972,0.4989832505899987,0.45280363177250216,0.4101377030600009,0.37274615801000005,0.3371063971199992,0.30331639739249927,0.27123056415500135,0.23686017820249855,0.20864710662749936,0.18059600344999918,0.15414428235250047
1.5,10.0,5.0,1.0,0.9945418649900032,0.984638618922499,0.9526792038399965,0.9226474478099956,0.8819030126475059,0.8430343132475029,0.792682749752502,0.7393660070175015,0.7025397914874978,0.6632503271974979,0.6379812556325013,0.6053502964649978,0.5716583803825012,0.5397438832374968,0.4957376471374987,0.44897023277750236,0.40724653095250113,0.36924794725,0.33400043173499916,0.300146156569999,0.26857853386250147,0.23401082826499844,0.20666455719999938,0.1784720912674992,0.1517814217775005
1.5,12.5,0.0,1.0,0.9957773322875031,0.9881160389325054,0.9594744378074949,0.9331925056450018,0.8974594251199969,0.8623411265949972,0.8148273302574977,0.7625207155750036,0.7303164295600003,0.6943361751150003,0.671239741322501,0.6398233454499964,0.604800703664997,0.5725204683724986,0.526885577007501,0.4795565906200005,0.4365820944674981,0.3988049259300007,0.3645720832750004,0.33325320805750097,0.30218585384749863,0.26760608046999956,0.23846305785749916,0.21119669052250042,0.18564267826749944
1.5,12.5,0.5,1.0,0.9957773322875031,0.9881160389325054,0.9594744378074949,0.9331925056450018,0.8974594251199969,0.8623411265949972,0.8148273302574977,0.7625207155750036,0.7303164295600003,0.6943361751150003,0.671239741322501,0.6398233454499964,0.604800703664997,0.5725204683724986,0.526885577007501,0.4795565906200005,0.4365820944674981,0.3988049259300007,0.3645720832750004,0.33325320805750097,0.30218585384749863,0.26760608046999956,0.23846305785749916,0.21119669052250042,0.18564267826749944
1.5,12.5,1.0,1.0,0.9951722123725023,0.9866783384725043,0.9568176180224957,0.9291044483275013,0.8912582511199975,0.8545343324749989,0.8055595842274981,0.7534657444700034,0.7198765800750008,0.6827681232025009,0.6600954593725007,0.629900979587497,0.594382067102497,0.5619150494799986,0.5176960458425005,0.47118428809250096,0.4297617407924987,0.3931078228025005,0.35991705474,0.3284876395200005,0.29713257548999894,0.26283529882499973,0.23535607344999931,0.20879818241250028,0.18418524710499948
1.5,12.5,1.5,1.0,0.9951183825725025,0.9864654064800044,0.9565603954124957,0.9287298270000014,0.8905173124649977,0.8533647993649993,0.8053329600924981,0.7530673838050034,0.7190069642850007,0.681770346812501,0.6588820218525007,0.6284455266824971,0.592687468844997,0.5603909567699986,0.5160509457100003,0.469274784232501,0.4270680885299985,0.39060809453000034,0.356542723555,0.32423795184250037,0.29288051521749914,0.25916564297499983,0.23272392083749927,0.2058013506375001,0.18170554983749948
1.5,12.5,2.0,1.0,0.9949224334125026,0.9857524957849998,0.9544819889524967,0.925157443972498,0.8860712182450006,0.8466220232825011,0.799835120709999,0.7483190931575036,0.7140774256550002,0.6766597370900022,0.6530171939625004,0.6220445330649984,0.5864923900799972,0.5537358331699989,0.5101179571974996,0.4643170406175012,0.4199195338824992,0.38329676696249976,0.34965542007999956,0.31863254552250003,0.28670775714249985,0.25253037241999976,0.22663719497999937,0.19947379932999978,0.17560266415249967
1.5,12.5,2.5,1.0,0.995237079397503,0.9863565362149995,0.9556402622649967,0.9269014956424974,0.8873293904300013,0.8475032193525013,0.8002021448949993,0.748243327537503,0.7151310937674996,0.6780352134825027,0.6528979338649998,0.6218274065149986,0.5854847992899976,0.5537674952299989,0.5093986645749993,0.4625626328500011,0.4175215839699995,0.38067059340499954,0.34700379723499997,0.3158897085424998,0.28378773238000043,0.2483048310824993,0.2216459895674993,0.19495723669499973,0.17028529376499976
1.5,12.5,3.0,1.0,0.9952105897275031,0.9861374931124988,0.9551779955424965,0.9263017067699968,0.8864022409600024,0.8473487703600014,0.8004815064699996,0.7476456161125027,0.7148132634199997,0.6777184427250026,0.6525123751099997,0.6208349914124988,0.5847336475549978,0.5534829584449991,0.5091289762999991,0.462665848180001,0.41749905579499946,0.3807394881974994,0.34660765702000007,0.3148212509724998,0.28295028840750047,0.24774602819249925,0.22084162058749932,0.19419004558749975,0.16995743090499973
1.5,12.5,3.5,1.0,0.9951322552875032,0.9858824749399981,0.9547533448574952,0.925613222692497,0.8860475774625028,0.8459882240600003,0.7984238289674976,0.7435991233175038,0.7083534959700001,0.6703217613475032,0.6458908671925001,0.6142423285000007,0.5792041098049983,0.547514859934999,0.5033215860449982,0.45801350057249995,0.4147016394999995,0.37824684166249944,0.3438469150624999,0.3113310299850004,0.27861975716750037,0.24414999316499927,0.21479895610999938,0.1878025154399997,0.16177571532249957
1.5,12.5,4.0,1.0,0.9951610420300031,0.9859276301924982,0.9546863966299952,0.9255656133024971,0.8860872235875028,0.8462033704900004,0.7984894793699978,0.7439156109575036,0.7084994996175,0.6701315593950032,0.6458138822525001,0.6143131708850006,0.5794398660724983,0.5478874786249991,0.5035729262549982,0.45804736847,0.4146861334474995,0.3778434804774994,0.3433964601749999,0.31086112512500036,0.27849705888000037,0.24419544897999926,0.21485056558999943,0.1879322748724997,0.16186125967749956
1.5,12.5,4.5,1.0,0.9951844045825036,0.9855485885999989,0.9534732917649963,0.9236914649399978,0.883438998280005,0.8438022177675011,0.7941609016925011,0.739547993982501,0.7037488893924985,0.6641499309499994,0.6398661035975012,0.6064059977874989,0.5732451533925007,0.541682148587498,0.49732229812749856,0.45148014961750094,0.4090523674300001,0.37159371634999994,0.3369418464999996,0.30371887188249896,0.2715748870850008,0.2369021557024987,0.2088198370749995,0.18207059562249925,0.15569486666250018
1.5,12.5,5.0,1.0,0.9950760821775035,0.985302295262499,0.9530554144524962,0.9227487007399979,0.8822477310525051,0.842273963772501,0.7924850524925013,0.7378468952700008,0.7019206626049983,0.6624012682424992,0.6377072599525012,0.604258029279999,0.5708455328800011,0.5390152190299976,0.4949685373349984,0.448347978665001,0.40684888724000023,0.36870431243249974,0.3343577487949996,0.30124953159749873,0.26939115469500086,0.23465271374749855,0.20723659477249953,0.18016675273999927,0.15350377193250023
1.5,15.0,0.0,1.0,0.9921044202775026,0.9804705722650013,0.9481238184925002,0.9181826424374988,0.8805405753199986,0.8445405181899983,0.7983207529524984,0.7452518531175016,0.7077294029949995,0.6728270060225001,0.6502711519700008,0.6213148157799973,0.5877726145374971,0.5568099030849976,0.5123979894400006,0.467943105185001,0.42641109497749846,0.38940918894500015,0.3547331956150001,0.3271690434174998,0.29557876993249926,0.2626207370874997,0.23364952205499925,0.20735900896250023,0.18170925409749944
1.5,15.0,0.5,1.0,0.9921044202775026,0.9804705722650013,0.9481238184925002,0.9181826424374988,0.8805405753199986,0.8445405181899983,0.7983207529524984,0.7452518531175016,0.7077294029949995,0.6728270060225001,0.6502711519700008,0.6213148157799973,0.5877726145374971,0.5568099030849976,0.5123979894400006,0.467943105185001,0.42641109497749846,0.38940918894500015,0.3547331956150001,0.3271690434174998,0.29557876993249926,0.2626207370874997,0.23364952205499925,0.20735900896250023,0.18170925409749944
1.5,15.0,1.0,1.0,0.9916936687325024,0.9795522854600006,0.9462036997625013,0.9149156691974979,0.8753108967124993,0.8372890815274991,0.7887142880724987,0.7364658833325014,0.6979018784149997,0.6612582876925005,0.6400578549650006,0.6119441057049976,0.5785546902274971,0.5486811125424973,0.5051114974075,0.4607761071250017,0.420290953227499,0.38441029385250003,0.35076222477499974,0.32304568587749927,0.2911601271024995,0.25828092166500005,0.23078206575249952,0.20520587521250036,0.18030494165999933
1.5,15.0,1.5,1.0,0.9916329744125023,0.9793533727275004,0.9459797161125013,0.9145011097949979,0.8745307133374994,0.8360963871274995,0.7884628478674988,0.7360676335150014,0.6970410875799997,0.6601886556125005,0.6388598771275005,0.6106326432449974,0.576819046172497,0.5471140068349973,0.503427279735,0.4588391531075017,0.41738701948749884,0.38171178285499985,0.3470170600274999,0.3184174512024992,0.2866025119049997,0.2545395959375001,0.22788357079749955,0.20179221901750016,0.17762420650749935
1.5,15.0,2.0,1.0,0.9915456879500022,0.9788978889099993,0.9452905943350021,0.9132119151749953,0.8726074063200006,0.8315254418225009,0.7837587101699994,0.731357657677501,0.6930592012900001,0.6548503264650007,0.6320096816849997,0.602846028392497,0.569818197859997,0.5388514796824968,0.49578118481249966,0.4514962677225022,0.4085178886749994,0.3735641926399993,0.3392364096574999,0.31053780260499864,0.27895599080750033,0.24623753475250004,0.21973337975249962,0.19375908844750003,0.16999848329749928
1.5,15.0,2.5,1.0,0.9908464366050036,0.9774193023799986,0.9431745449450023,0.9113730074949943,0.8697689251725013,0.8280982285450017,0.7792947326649997,0.7265739619274997,0.6887992236175002,0.6492280201025004,0.6264499246899989,0.5965040159849964,0.5636649589024971,0.5326358022949969,0.4896198234474995,0.44528831614250214,0.4032695672299994,0.3673234071224988,0.3338974564225006,0.30341658107999836,0.2723556896850011,0.23862860023249963,0.2111811599824995,0.18581323071500033,0.1597891868524991
1.5,15.0,3.0,1.0,0.9908127678950036,0.9773707266874984,0.9429311985700022,0.9111685474799941,0.8693502513200015,0.8279686661425018,0.7792952501649998,0.7258542572074994,0.6881400026925003,0.6481357157425003,0.6257018261424989,0.5952497405974961,0.5627190948499972,0.532333172139997,0.48937804622249925,0.445212922007502,0.4032491747749994,0.36746599077249875,0.33345685706250067,0.3022666817924983,0.27128738352500115,0.23783111485749955,0.2101696177374995,0.18487292077250042,0.1594613239924991
1.5,15.0,3.5,1.0,0.9911038236050037,0.9779561320974982,0.9438158244250008,0.9118941893599947,0.8705636910050021,0.8293222995275012,0.7811528608549989,0.7255956038575004,0.6869293326175004,0.6467998960850007,0.6260346434024994,0.5947143020199974,0.5629160539224978,0.5316617279499973,0.48837485169749867,0.4445017751600011,0.40340941361749943,0.3686851459349989,0.3355180446950001,0.30349244081249926,0.27238397830000094,0.23838672765999946,0.20887790792749944,0.1826973609800002,0.1560278227124992
1.5,15.0,4.0,1.0,0.9912146049775038,0.9782800416949982,0.9441132088850007,0.9124494059099948,0.871044386072502,0.8300311479225014,0.781681540064999,0.7266079232900005,0.6881638855675001,0.6478723196825008,0.6269813116524995,0.5956228932324974,0.5640196026799978,0.5323985670174975,0.48891680162749857,0.4447301165925011,0.40360867955499935,0.3688571541149988,0.33525083383000004,0.30339409536749923,0.27260854218750097,0.23877362945499947,0.20925301286999942,0.18297745372000018,0.1561017086824992
1.5,15.0,4.5,1.0,0.9905946504625036,0.9766387870550003,0.9405294490624994,0.9078012072674965,0.8655696384500025,0.8244701165975008,0.7743690733375008,0.7197553647249996,0.6814725046224994,0.6413119131524988,0.6194164766049998,0.5874620594549974,0.5564122464999994,0.5239798640724976,0.48155883913499925,0.43676473777250124,0.3963292786599999,0.36116302994249966,0.32802147633249973,0.2963697007324985,0.265652233580001,0.23189239075999912,0.20380552324749954,0.17817778740249954,0.1507314928750001
1.5,15.0,5.0,1.0,0.9905022996975036,0.9763640233425,0.9399362396749992,0.9064596397324968,0.8640879416850024,0.8228319577125006,0.772348418875001,0.7171858799924996,0.6786948358699995,0.6386908676074987,0.6165594207299998,0.584640091722498,0.5538911108874998,0.5213712651524974,0.4794943365149994,0.4349650343775011,0.39547130218,0.3590087247799997,0.32663100091499964,0.2945332156099985,0.26386756650750104,0.23053272428999894,0.20261712130999956,0.17666211083749958,0.14938867826250016
1.5,17.5,0.0,1.0,0.9911804888950025,0.9782170845175014,0.9446250676025003,0.9145206126449992,0.8763530789424986,0.8403188630574979,0.7935617325499986,0.7405243929775014,0.7025342821999996,0.6686268072675001,0.6446106366550007,0.6156597267849976,0.5821769495774971,0.550805960622498,0.5069993245175006,0.4631955173925008,0.4212873537899985,0.3829471493700001,0.34888873494,0.3226896706174998,0.29059154111749924,0.2577135227299998,0.22897207154749946,0.20284619020500005,0.1784777687074995
1.5,17.5,0.5,1.0,0.9911804888950025,0.9782170845175014,0.9446250676025003,0.9145206126449992,0.8763530789424986,0.8403188630574979,0.7935617325499986,0.7405243929775014,0.7025342821999996,0.6686268072675001,0.6446106366550007,0.6156597267849976,0.5821769495774971,0.550805960622498,0.5069993245175006,0.4631955173925008,0.4212873537899985,0.3829471493700001,0.34888873494,0.3226896706174998,0.29059154111749924,0.2577135227299998,0.22897207154749946,0.20284619020500005,0.1784777687074995
1.5,17.5,1.0,1.0,0.9907943463550023,0.9773481357625006,0.9429037719775014,0.9115158976724981,0.8713604335349993,0.8333416199149988,0.7843935325074988,0.732468648660001,0.6933165016949998,0.6574675860875004,0.6349636063600004,0.6074091297449979,0.5737854279524971,0.5434738090949977,0.5004590027225002,0.45693925806500146,0.41626265799249906,0.37915359454000014,0.3456125192949998,0.31906315612249936,0.2872853487624994,0.2543717645250001,0.2267080324199997,0.20126944580750028,0.17731205625249935
1.5,17.5,1.5,1.0,0.9907336520350024,0.9771492230300006,0.9426797883275014,0.9111013382699982,0.8705802501599996,0.8321489255149992,0.7841420923024988,0.732070398842501,0.6924557108599998,0.6563979540075003,0.6337656285225003,0.6060976672849978,0.5720497838974972,0.5419067033874978,0.4987747850500001,0.45480558594500153,0.41317975072499896,0.37629170788999994,0.3414780535849999,0.31384770305749937,0.2820715241174996,0.2500584795325002,0.2233976060974997,0.1975119094275002,0.17433486022499933
1.5,17.5,2.0,1.0,0.9906566164975023,0.9767403474074996,0.9421023531975022,0.9100244014049959,0.8687024671525002,0.8278276971475006,0.7796672850274993,0.7270512664400007,0.6888163503975001,0.6511375591700006,0.6270626947599997,0.5981036799499972,0.5650158651099971,0.5338134463324973,0.4913371805149999,0.44770633516000197,0.40453209510249943,0.36863389386749945,0.33409513035000005,0.3065371246424987,0.27493673521000017,0.24192759491250018,0.21509586656499985,0.18933332969250014,0.16669044727999924
1.5,17.5,2.5,1.0,0.9899081471425036,0.975171325557499,0.9398056800025024,0.9080445267124949,0.8656477438475011,0.8241716502175014,0.7749689316924997,0.7220540488874994,0.6844366368125003,0.6454028102025002,0.6213884434849988,0.5915296280924965,0.5586287544374973,0.5274319697299972,0.48501777922749967,0.44134835072500195,0.3991380633824994,0.362130769899999,0.32869095917500085,0.29931698008749846,0.2682003128725009,0.2342706997474998,0.20652000296999973,0.18138747196000046,0.1562270879799992
1.5,17.5,3.0,1.0,0.9899110201100036,0.9752198462699988,0.9397206909425024,0.9074640205349946,0.864898697030001,0.8235029146375014,0.7745057238549997,0.7209978661399993,0.6835895198850004,0.6441946896425002,0.6204785834449987,0.5900370656649963,0.5571087939774972,0.5267036233924973,0.48449269038749954,0.44068242517750184,0.3986441106049994,0.361732485162499,0.32775284458250087,0.29765410955499844,0.2670796320250009,0.23336024809749978,0.20552844660499972,0.18051492706750047,0.15564364843249923
1.5,17.5,3.5,1.0,0.9901281977425037,0.9756752139774989,0.9403085394825009,0.9077165969624952,0.8654723285300014,0.8240910631825008,0.7749674705149989,0.7194746023875003,0.6807790480675006,0.6409465519875002,0.618342780114999,0.5879971226199975,0.5555234248099976,0.5239403801999977,0.4811557818724993,0.43794557001250084,0.39690594370249954,0.36116407610749895,0.327302013215,0.2961512157749995,0.2641707302725006,0.2301513541324999,0.20029664817999981,0.17428184392250023,0.14884269207249953
1.5,17.5,4.0,1.0,0.9902389791150037,0.9759991235749991,0.940605923942501,0.9082718135124951,0.8659530235975013,0.8246358555150011,0.7752443489049992,0.7202267840550002,0.6817378789550004,0.6417324560975004,0.6190073178549992,0.5889057138324973,0.5564300304374976,0.5246772192674978,0.48169773180249925,0.4379540656725009,0.39690093162749945,0.3610174146249989,0.32680522748,0.2958465190849995,0.2643032605975006,0.2305382559274999,0.20067175312249982,0.17456193666250028,0.14891657804249955
1.5,17.5,4.5,1.0,0.9896272100275038,0.9742042753100009,0.9367655794624996,0.9033059385324966,0.8603942643700014,0.8189774368625002,0.7679561497025008,0.7136672330674996,0.6753869568499995,0.6353760346299988,0.6116538409374995,0.5811684800774978,0.549090937759999,0.5167412038049981,0.4747422383099999,0.4303048478500009,0.38960182399999993,0.3536041755949996,0.31998729274749965,0.288741874242499,0.2573187246650006,0.22410503877249977,0.1958064113575,0.16988454560249955,0.14346694394750023
1.5,17.5,5.0,1.0,0.9893981037750037,0.9736572848025008,0.9355072898024993,0.9006944404824974,0.8571775177325012,0.8155671531174999,0.7641522051375007,0.7095885620424999,0.6714129042874997,0.6315521091474985,0.6073511536824995,0.5769616810949981,0.5446615648724992,0.5120581079849981,0.46974972479,0.4254979161225007,0.38515619489750014,0.34796701878249986,0.31551092097749966,0.28393922561499907,0.2532300043850005,0.2200482198374998,0.1927963598800001,0.16711385122999953,0.14127382195000032
1.5,20.0,0.0,1.0,0.9865867057200038,0.9682979364875031,0.9305858549974996,0.8987699942600014,0.856207043497499,0.8125264640574954,0.761651176052499,0.7035569736750003,0.6615251319049993,0.6188840396874987,0.6008210560450015,0.5767578256575009,0.5464723477124968,0.5166317471624995,0.4747382409100016,0.43239214375499996,0.3942921122874992,0.3608740220299995,0.32938340904499996,0.303379953415,0.27469542740999964,0.24546306737749998,0.21680224264249975,0.19333326259750003,0.1720470553299998
1.5,20.0,0.5,1.0,0.9865867057200038,0.9682979364875031,0.9305858549974996,0.8987699942600014,0.856207043497499,0.8125264640574954,0.761651176052499,0.7035569736750003,0.6615251319049993,0.6188840396874987,0.6008210560450015,0.5767578256575009,0.5464723477124968,0.5166317471624995,0.4747382409100016,0.43239214375499996,0.3942921122874992,0.3608740220299995,0.32938340904499996,0.303379953415,0.27469542740999964,0.24546306737749998,0.21680224264249975,0.19333326259750003,0.1720470553299998
1.5,20.0,1.0,1.0,0.9865327873000038,0.9684091058325031,0.9305957740299999,0.8981210973900008,0.8551456712799991,0.8109558754774956,0.7584241849924993,0.7012166206575003,0.6595216858399994,0.6158800621499989,0.5991005232875013,0.5742421586025008,0.5447698854124967,0.5159070087749993,0.47433048900000147,0.43115097671250036,0.39330846566249955,0.35938100212749957,0.3281906663949997,0.30268717770749964,0.2737596444899997,0.24406519471500016,0.2163344956349999,0.19314333729500008,0.17189950220249958
1.5,20.0,1.5,1.0,0.9864680095550038,0.968243096515003,0.9304636635599999,0.8978733155800007,0.8546247464524991,0.8103377747074957,0.7585517677074992,0.7012919312875003,0.6594544048974994,0.6159448202899989,0.5989170713650013,0.5737923800200009,0.5437618401124967,0.5147972111124993,0.47326825284750135,0.42993031968750034,0.3915764600274996,0.35763483926499956,0.32537064707499974,0.29901319304749974,0.2699447244274997,0.2403501579375002,0.2131742708799999,0.18970782723,0.1688166624049996
1.5,20.0,2.0,1.0,0.9864669356400038,0.9681623096875029,0.9303469832800007,0.8974886737799993,0.8537872247174992,0.8080942676274967,0.7550779969074992,0.6981638957599999,0.657188970165,0.6139855679924988,0.5948672779500006,0.56887016319,0.5395958366674968,0.5100652342024989,0.46846887666250114,0.42556147139750067,0.3853403166374999,0.35184954682249936,0.3200091644350001,0.2929054674074994,0.26359951754499994,0.23283529155500035,0.20552049553500013,0.18165715921750003,0.16143723843499955
1.5,20.0,2.5,1.0,0.9858499211625048,0.9667076108425025,0.9280029354650006,0.8949555234949987,0.8499558230625,0.8041793578274973,0.7502306859674991,0.6938672069699993,0.6536671660300004,0.6095940764224984,0.58990058956,0.5633891451624995,0.5347655790149969,0.504714145144999,0.46353936372750104,0.4210248363250006,0.38150414915249975,0.346236259927499,0.31499808191750034,0.28554028019249944,0.2559619839100003,0.2237666930025001,0.1964423612225001,0.17291229304750008,0.14972532922999968
1.5,20.0,3.0,1.0,0.9857372395975044,0.9665958374400028,0.9277444999000005,0.8904765453874975,0.8433579499074981,0.7958840822599978,0.7415733189049989,0.6832043346024994,0.6405001478700005,0.5960511663599982,0.576005362767498,0.5481859738249985,0.5195128529049972,0.4923192662049992,0.45281322558000114,0.41147876458000077,0.37314955212750034,0.3404698830974989,0.30937698169750033,0.2805346932949995,0.25228081426000026,0.2213379061025002,0.19479740305250012,0.1719701952650001,0.1489388753049997
1.5,20.0,3.5,1.0,0.9857391670450045,0.9666238053150029,0.9277160715625,0.8900794770349981,0.8427854670724985,0.7951631490099976,0.741083238742499,0.6813450442675003,0.6375557074500005,0.5921892265399983,0.5720992204949982,0.5450391919299988,0.5153739563749973,0.4878176510099994,0.4482834191600011,0.40797479917750046,0.3699974605950005,0.33766381055999894,0.30558144978249985,0.2763123897275001,0.24615720505499997,0.21542065091000054,0.1874357534675003,0.16378556568499977,0.14072748355000003
1.5,20.0,4.0,1.0,0.9858700665175045,0.9670071709450029,0.928128296745,0.890789020404998,0.8434445211724984,0.7955423829324976,0.741024491282499,0.6813805882050004,0.6379752946100004,0.5918380931299984,0.5718238385999981,0.5454246660024988,0.5157014387849973,0.4880274234174995,0.4485056315775012,0.40795402470500053,0.36959000261250047,0.3373124373474989,0.3050011283874998,0.27600769303750006,0.24627110328749993,0.21578251504500057,0.18778505367000034,0.16403706720749978,0.14080136952000005
1.5,20.0,4.5,1.0,0.9851892755550042,0.9651567758450048,0.9243809060274983,0.8861627393849991,0.8382315065349976,0.7899735066449968,0.7346560106599993,0.6749619845650001,0.6325826242999995,0.5868065644724981,0.5661195146674982,0.5390194112799994,0.5093979777749975,0.4813533470949998,0.44279442066000135,0.40197412581500025,0.36396687292500085,0.3318003425299993,0.3004709170049994,0.27133005898249996,0.24148995986249974,0.21129072974500065,0.1841796465850005,0.15969536303249918,0.13564468484500047
1.5,20.0,5.0,1.0,0.9849347014550043,0.9645784844850048,0.9230141261724982,0.8833384370949999,0.8345724331174972,0.7860771944849965,0.730151677944999,0.6706242624000001,0.6284882998949994,0.5832307648424981,0.561628346514998,0.5343219164424997,0.5041691237099976,0.4758667699375,0.4367198534375016,0.39617824053250017,0.3584297430875011,0.3260792447449994,0.29543457596749934,0.2659847143775,0.2371857245124996,0.2066140799850007,0.18064612184000053,0.15640412546999907,0.13310018721000053
1.5,22.5,0.0,1.0,0.9851826718325043,0.9653209661675013,0.925867500852497,0.8922907616600039,0.8485592945500002,0.803118213717494,0.7501935787674989,0.6912594425649996,0.6486396721224986,0.6032091934549981,0.5861156500925024,0.5635577121075025,0.5359669870524963,0.5072547216500005,0.46669408226250186,0.4249001483249994,0.3867244687324994,0.3528763994574992,0.32338036979249984,0.2972121022775002,0.2686895109850001,0.24178483644499987,0.2153076823924997,0.19193623479749988,0.17093652266749987
1.5,22.5,0.5,1.0,0.9851826718325043,0.9653209661675013,0.925867500852497,0.8922907616600039,0.8485592945500002,0.803118213717494,0.7501935787674989,0.6912594425649996,0.6486396721224986,0.6032091934549981,0.5861156500925024,0.5635577121075025,0.5359669870524963,0.5072547216500005,0.46669408226250186,0.4249001483249994,0.3867244687324994,0.3528763994574992,0.32338036979249984,0.2972121022775002,0.2686895109850001,0.24178483644499987,0.2153076823924997,0.19193623479749988,0.17093652266749987
1.5,22.5,1.0,1.0,0.9853082337700043,0.9658467430700014,0.9264567350299971,0.8926657477850035,0.8488582640275001,0.8035452915074941,0.7498190155074991,0.6909857268299997,0.6490195800874987,0.6030654073524981,0.5866771459650024,0.5629580602775024,0.5358844716899964,0.5074518247275005,0.4664990394525017,0.4240564598399996,0.38632551519499964,0.35204843077749925,0.3228098573424998,0.29631675485500003,0.267701853905,0.24020563912500006,0.2147975838374999,0.19188529021249992,0.17077150433499974
1.5,22.5,1.5,1.0,0.9852981068000044,0.9657744542900013,0.9263851589899972,0.8926011492075036,0.8486903078075001,0.8033445565624941,0.750096884432499,0.6910610374599997,0.6491473166024987,0.6031301654924982,0.5864936940425024,0.5627059653000024,0.5352375307224964,0.5068551032975005,0.4657577839800017,0.42325023819499963,0.3852197021824996,0.35096334223999925,0.3208871753524998,0.2935215234575001,0.26496031907,0.23735490711500012,0.21186916812749992,0.18871396298249987,0.16776506610249975
1.5,22.5,2.0,1.0,0.9853128479400043,0.9657619493725018,0.9264067729199975,0.8924017169650021,0.8480221812375,0.801774979907495,0.7477170787849988,0.6890151407574996,0.6481624507524992,0.6027751102599982,0.5847556423650017,0.5598763523800016,0.5324641666724965,0.5031241874175003,0.4618245382175016,0.4195907354174999,0.38065244962999983,0.3461050536149991,0.316050802475,0.2878230328099998,0.25919388845250013,0.23010193795250022,0.2043580253200001,0.18082424388499987,0.16043213450249968
1.5,22.5,2.5,1.0,0.9848427727950049,0.9646295707800016,0.9245766580924973,0.8907086392450019,0.845259002325,0.7992074835199956,0.7451000918499989,0.6866547126899993,0.6458029440049993,0.601232873287498,0.5816973407500015,0.5559181238650013,0.5290892669849966,0.49898420403500027,0.4587660069475015,0.41745460276499996,0.3788998524924997,0.34287561400249894,0.3125530227775001,0.2828822637724998,0.25349039623500025,0.22307849688250017,0.1956316441650001,0.1723759326474999,0.1492725813149998
1.5,22.5,3.0,1.0,0.9847300912300045,0.9641897909075017,0.9234483968449971,0.8849674239524993,0.8369176836574979,0.7889568655674968,0.7332110906424987,0.6713636063574994,0.62732932302,0.5820480721899979,0.5628117279899985,0.5364479234099995,0.5094990513549972,0.4829654405374999,0.4447280612975015,0.40509422841250065,0.36795401837500047,0.33511884116749896,0.30522235275,0.2766619464399998,0.24855057671750003,0.21984528485500032,0.19335265794000012,0.1710735701124999,0.1484686780174998
1.5,22.5,3.5,1.0,0.9845274508150045,0.9639124613600019,0.9230750545349972,0.8841855637149995,0.8360167083424979,0.7877153927249967,0.7312868948899989,0.6685288685999998,0.623866353505,0.5780889127174978,0.5580335682774981,0.5325407920149994,0.5042168771924972,0.4779032778950001,0.43961270630500143,0.4010428288975005,0.3644752923750007,0.332458922409999,0.30120754846999964,0.27198543688750015,0.24257105146999972,0.21316547082000067,0.1857546402650003,0.16248668894249957,0.14006568902500008
1.5,22.5,4.0,1.0,0.9846770383100046,0.964273225940002,0.9234771106649972,0.8849541660599993,0.8367533163349976,0.7879293185474968,0.7311734374874989,0.6685009675949999,0.6236467510999999,0.5769655093349979,0.557224869034998,0.5322978800849993,0.5041008981499973,0.4778271663050001,0.43968558373750144,0.4009252140375005,0.3639451238150007,0.331921305219999,0.30064140324999966,0.27174555158250013,0.2426849497024997,0.2134556383525007,0.1861039404675003,0.16270959924749956,0.1401395749950001
1.5,22.5,4.5,1.0,0.9840532916850043,0.9625046588625039,0.9199971908474959,0.8806324173650002,0.8319002700774968,0.7825295871974961,0.7251412793599988,0.6628265953824999,0.6187308628224995,0.572505067174998,0.5523231557724977,0.5262819512274998,0.49816002546749727,0.47158032457250043,0.43444375421250164,0.3952321570675002,0.3584737409925011,0.3266093100174995,0.29616064923999913,0.2672053610675,0.2380423807949995,0.2090562359100008,0.18255592707000048,0.15833446245999905,0.13498842126750052
1.5,22.5,5.0,1.0,0.9837987175850043,0.9619457936125041,0.9186629629849957,0.8778553927450007,0.8283974858549964,0.778633275037496,0.7206369466449984,0.658725052845,0.6151354237624994,0.568979087024998,0.5484088789099975,0.5218312705474999,0.4932028387849973,0.46618249756000074,0.42849411955250183,0.38957735475000016,0.3531033551650013,0.3210649371374996,0.29123409539999906,0.2619878558175001,0.2339301696274994,0.20452721340750085,0.17914257643250056,0.15519399694749894,0.13246322148750056
1.5,25.0,0.0,1.0,0.9858393341875046,0.9669478425074991,0.928189935852497,0.8939377304450038,0.8506736989400011,0.8047057359399941,0.7520888858049992,0.6929241051249997,0.6498042722999986,0.6038752931224984,0.587047758752503,0.5636554994850025,0.5358696698899964,0.5075069809850006,0.4670863060925015,0.4244648468574995,0.38728233925249944,0.35257858640249934,0.3228790505524997,0.2977594492875001,0.26880367981750025,0.24167309621749972,0.21530444639249968,0.19225252551999986,0.17113692594999982
1.5,25.0,0.5,1.0,0.9858393341875046,0.9669478425074991,0.928189935852497,0.8939377304450038,0.8506736989400011,0.8047057359399941,0.7520888858049992,0.6929241051249997,0.6498042722999986,0.6038752931224984,0.587047758752503,0.5636554994850025,0.5358696698899964,0.5075069809850006,0.4670863060925015,0.4244648468574995,0.38728233925249944,0.35257858640249934,0.3228790505524997,0.2977594492875001,0.26880367981750025,0.24167309621749972,0.21530444639249968,0.19225252551999986,0.17113692594999982
1.5,25.0,1.0,1.0,0.9859731869900047,0.9674612964524993,0.9287791700299971,0.8943127165700036,0.850972668417501,0.8051328137299941,0.7515365322099992,0.6926503893899998,0.6501841802649987,0.6037315070199984,0.5876092546250029,0.5631771627850023,0.5357871545274964,0.5077237058500006,0.4669124633700015,0.42364428604249965,0.3869086901999996,0.35177887067249936,0.3223085381024997,0.29689824295749995,0.26785264704000017,0.24017272255249988,0.2149708128024999,0.19241672753499986,0.17102884983999966
1.5,25.0,1.5,1.0,0.9859858499300047,0.9673890076724994,0.9287075939899971,0.8942778214575035,0.8508360030125008,0.8049921947849943,0.7516641081274992,0.6927257000199997,0.6503119167799987,0.6037962651599984,0.5874258027025029,0.5629250678075023,0.5351402135599964,0.5071269844200006,0.46617120789750144,0.42286119206749967,0.3858281816724996,0.35072203508499933,0.3204483596624997,0.2943663409299999,0.26525760941500015,0.23724980244000002,0.21186791420999992,0.1893175932724999,0.16788945721249968
1.5,25.0,2.0,1.0,0.9860005910700045,0.9673765027549998,0.9287292079199975,0.8940783892150022,0.8501678764425009,0.803455137027495,0.7493117998074991,0.6908366486324996,0.6494371036074992,0.6035248528599984,0.5857021170200022,0.5603317105200014,0.5326187010449965,0.5035415643250003,0.4623813974525013,0.4192317340725,0.3813251332199999,0.3458919994099992,0.3156432385599999,0.2887019913749997,0.2596376760075003,0.2301938924150001,0.20477557023500012,0.1817608721599999,0.16065156241749962
1.5,25.0,2.5,1.0,0.9855559068400052,0.9662610789749995,0.9269250702774973,0.8923853114950019,0.847467279160001,0.8008876406399955,0.7466948128724993,0.6884762205649992,0.6470775968599993,0.6019826158874982,0.5826438154050018,0.556373482005001,0.5292438013574966,0.4994015809425003,0.45934406627000124,0.4170956014200001,0.3796231450524997,0.3427755715974991,0.3123017177375,0.28393192779999965,0.25419055390750034,0.22338404886000007,0.19625593814250009,0.1736137661624999,0.14972829863749973
1.5,25.0,3.0,1.0,0.9854432252750049,0.9655302041125,0.925096421304997,0.8870267808974986,0.8397626928424989,0.7914139739399974,0.7353086369949993,0.6730510522424993,0.6283954499025005,0.5823120635024982,0.5634524783049986,0.537431852119999,0.5098842709974974,0.4834773711800001,0.44525828522750105,0.4045133483400009,0.36882154518000065,0.3349114411299992,0.3047600272474998,0.27769064550499956,0.2491138279050001,0.21995591554500027,0.1936114268825001,0.17187291412249994,0.14859610135249976
1.5,25.0,3.5,1.0,0.9852747697250049,0.9652727289175003,0.9247750333649969,0.8863043275899988,0.838924299157499,0.7902681437674972,0.7334898064724993,0.6703951500824996,0.6251816199375004,0.5786858062899981,0.5589367797824984,0.5335959312299989,0.5047298763649976,0.47876026364750024,0.44047509363000104,0.40078212887500086,0.36556187056250083,0.33245533472249916,0.30090148184249943,0.2732189825074999,0.24342729707749983,0.2139461025775006,0.18687637449000022,0.16413986560999955,0.14091183392500004
1.5,25.0,4.0,1.0,0.9854243572200051,0.9656334934975004,0.9251770894949971,0.8870729299349986,0.839660907149999,0.7905121275899976,0.7333763490699994,0.6703839492624997,0.6249815253175005,0.5775659981624982,0.5581424465349984,0.5333653962599988,0.5046306039524975,0.47868415205750026,0.440547971062501,0.4006645140150009,0.36514854454750084,0.33191771753249916,0.30033533662249945,0.27297909720249985,0.24354119530999982,0.21423627011000057,0.18722567469250023,0.16436277591499956,0.14098571989500003
1.5,25.0,4.5,1.0,0.9850140016900047,0.9641252120600018,0.9222413727074956,0.8831812078524992,0.835377368452498,0.785262659059997,0.7274823462074994,0.6648164324999997,0.6199403600975002,0.5730098507849981,0.553096278162498,0.5273957637599992,0.4986601110699976,0.4725256641450008,0.4354250841375012,0.39522641446000095,0.36005595919750133,0.32707806574749987,0.2961452613749989,0.26895412505749966,0.23932907214249954,0.21020951409250074,0.18385417623250028,0.16014095462999908,0.13641308125000046
1.5,25.0,5.0,1.0,0.9847822175000048,0.9636520221400019,0.9210500402649955,0.8806637917349995,0.8321256378749979,0.7817851316349969,0.7232261048899992,0.6610452807774999,0.6164916743900002,0.5694874658899981,0.5493261915249976,0.5231282830099994,0.49426929021749755,0.4676901984850011,0.4300703908350015,0.3901137742775007,0.35535537943000156,0.32211085768500014,0.2916730298499988,0.2641787023174997,0.23566525528249951,0.20615437344250076,0.18080759312750028,0.15717260639749894,0.13402124050750047
2.0,0.0,0.0,1.0,1.0096510311950049,1.0165737271749955,1.0025651742074988,0.9913116104799963,0.969739686495003,0.9471673630799938,0.9128053222375029,0.868891106144999,0.8462226626100003,0.8158005626649986,0.7930918740049999,0.7596221651249997,0.7205001560899982,0.6837767116150034,0.6313864038875032,0.5770334085775027,0.527086575257503,0.48355216370999865,0.44158422286249893,0.4041939409199994,0.3684476370700014,0.32986325650500153,0.296450380255001,0.26520188203999895,0.23632107798500143
2.0,0.0,0.5,1.0,1.0096510311950049,1.0165737271749955,1.0025651742074988,0.9913116104799963,0.969739686495003,0.9471673630799938,0.9128053222375029,0.868891106144999,0.8462226626100003,0.8158005626649986,0.7930918740049999,0.7596221651249997,0.7205001560899982,0.6837767116150034,0.6313864038875032,0.5770334085775027,0.527086575257503,0.48355216370999865,0.44158422286249893,0.4041939409199994,0.3684476370700014,0.32986325650500153,0.296450380255001,0.26520188203999895,0.23632107798500143
2.0,0.0,1.0,1.0,1.0091726677000046,1.0153264417049959,1.000699337592499,0.9882197721074966,0.9650542310075023,0.9412179537049952,0.9062898641975025,0.8619312646424998,0.8380086429174999,0.8075336890624988,0.7837532424824998,0.7511407735924998,0.7115891417174983,0.6745827400150034,0.6235675802100027,0.5693855979650025,0.520466763135003,0.47849512892749885,0.4373465903174989,0.4004638591974996,0.36501997920500123,0.32552517829750127,0.29198822925500084,0.26047266666249913,0.2324767066450012
2.0,0.0,1.5,1.0,1.0091136333625046,1.015162006854996,1.000409754284999,0.9877773896574965,0.9643793703125024,0.9402513186449956,0.9055841499800025,0.8619312646424998,0.8380086429174999,0.8076056648824987,0.7837025581549998,0.7503758125174997,0.7103940718749981,0.6729706018825036,0.6220976143250028,0.5676547272100025,0.5183640821175028,0.47596472792749883,0.4345605632524988,0.3973169078074998,0.36153175864250126,0.3229445902500011,0.2892159468975007,0.2577178148174991,0.23034725175000115
2.0,0.0,2.0,1.0,1.0085412721000042,1.013938076369999,0.9977410049299972,0.9832226030574982,0.9581701607125016,0.9329690765049977,0.8974303299150034,0.8524213244000011,0.827484347635,0.7973702363150013,0.7720310590474989,0.735866341229998,0.6970104241749996,0.6606792708550036,0.6110012033725022,0.5571077848300021,0.507756169255003,0.4645611996850002,0.4235076225624994,0.3876175454825006,0.3517524122575009,0.3141393498450002,0.2811092732625005,0.2494508213124989,0.22449666190000075
2.0,0.0,2.5,1.0,1.0086204400025043,1.013970609504999,0.9979346611974971,0.9839314143099982,0.959071281020002,0.933701294302498,0.8979553218950039,0.8529597858325012,0.8281069574700001,0.7980895859650013,0.7730747655149989,0.7369725857549981,0.6973399173549992,0.6611128332875039,0.6110065272800022,0.5570272786875021,0.507023175152503,0.46375277559749994,0.4220964644424995,0.3858873962200006,0.34950625016500103,0.31067652339999985,0.2771371747300003,0.2450895886124987,0.21726487522500063
2.0,0.0,3.0,1.0,1.0085704014900043,1.013679414059999,0.9975670972049973,0.9833312939224982,0.958568442195002,0.932851434667498,0.8972889485525039,0.8518213450250015,0.8266668064675001,0.7960192021000018,0.7714257770074989,0.734817639972498,0.6945204887949994,0.6580467766150037,0.6084780553750021,0.554585982830002,0.5048120746200029,0.46220486953999995,0.42105855090999955,0.38432286418250067,0.3478430001300011,0.30903905498999973,0.2755084947025003,0.2433066346899987,0.21593184616500058
2.0,0.0,3.5,1.0,1.0074926135725044,1.0113486180349986,0.9938518332099966,0.9782757717599982,0.9514869440350023,0.9244055108474979,0.8872769633500028,0.8423041519325019,0.8163940067700001,0.7840843729225017,0.7575935380549988,0.7223254600499983,0.6812600071924994,0.6455324959425036,0.5966676914300016,0.5434171013675018,0.49504189626000217,0.4531273179024998,0.41131760847000015,0.3733214731075006,0.33678953743750084,0.29878726408999956,0.2635553295625001,0.23077923265749883,0.20320546675500048
2.0,0.0,4.0,1.0,1.0074569826250046,1.0112268206274988,0.9936628801749966,0.9776938875749983,0.9501762447450018,0.9228315416374977,0.8854257586025028,0.8402448777275018,0.8132401144825,0.7814828159275017,0.754431643062499,0.7188580853199983,0.6784749420224994,0.6431334832600035,0.5944800048275016,0.5420879627075016,0.4940164108000022,0.451482505505,0.4099253705050001,0.3714467695700005,0.3353191594250007,0.2974984621099996,0.2624884113800001,0.2302475655349988,0.20301942159500047
2.0,0.0,4.5,1.0,1.0073370438475049,1.0103317910874987,0.9928425608574966,0.975737083274999,0.9482321606500023,0.9205559583174974,0.8806477376275029,0.8344204066600015,0.8069189082324999,0.7754638129100012,0.747014459559999,0.7129859484449982,0.6716916351999999,0.6362514872175026,0.5881339393450015,0.5360056182150018,0.488354319437502,0.4474379051249999,0.4054168426175,0.3662269065525002,0.33098346343750057,0.29194305079499927,0.2567497147124999,0.22382370530249907,0.19750102683000034
2.0,0.0,5.0,1.0,1.0071623056800048,1.0099434769874986,0.9921151137574966,0.9741658996449991,0.9461593212075023,0.9181765726524973,0.8783389388875028,0.8335316171875016,0.8061646394199998,0.7745628427325009,0.7462186557674991,0.7115483768199983,0.6694740588774998,0.6338948324775024,0.5851103216275013,0.5321925852025018,0.4837037599800019,0.44049105905999975,0.3996417338550001,0.35991774106749985,0.32487546549000057,0.28520595321749903,0.2523249184849999,0.2187084657274991,0.19196507993750028
2.0,2.5,0.0,1.0,1.0096510311950049,1.0165737271749955,1.0025651742074988,0.9913116104799963,0.969739686495003,0.9471673630799938,0.9128053222375029,0.868891106144999,0.8462226626100003,0.8158005626649986,0.7930918740049999,0.7596221651249997,0.7205001560899982,0.6837767116150034,0.6313864038875032,0.5770334085775027,0.527086575257503,0.48355216370999865,0.44158422286249893,0.4041939409199994,0.3684476370700014,0.32986325650500153,0.296450380255001,0.26520188203999895,0.23632107798500143
2.0,2.5,0.5,1.0,1.0096510311950049,1.0165737271749955,1.0025651742074988,0.9913116104799963,0.969739686495003,0.9471673630799938,0.9128053222375029,0.868891106144999,0.8462226626100003,0.8158005626649986,0.7930918740049999,0.7596221651249997,0.7205001560899982,0.6837767116150034,0.6313864038875032,0.5770334085775027,0.527086575257503,0.48355216370999865,0.44158422286249893,0.4041939409199994,0.3684476370700014,0.32986325650500153,0.296450380255001,0.26520188203999895,0.23632107798500143
2.0,2.5,1.0,1.0,1.0091726677000046,1.0153264417049959,1.000699337592499,0.9882197721074966,0.9650542310075023,0.9412179537049952,0.9062898641975025,0.8619312646424998,0.8380086429174999,0.8075336890624988,0.7837532424824998,0.7511407735924998,0.7115891417174983,0.6745827400150034,0.6235675802100027,0.5693855979650025,0.520466763135003,0.47849512892749885,0.4373465903174989,0.4004638591974996,0.36501997920500123,0.32552517829750127,0.29198822925500084,0.26047266666249913,0.2324767066450012
2.0,2.5,1.5,1.0,1.0091136333625046,1.015162006854996,1.000409754284999,0.9877773896574965,0.9643793703125024,0.9402513186449956,0.9055841499800025,0.8619312646424998,0.8380086429174999,0.8076056648824987,0.7837025581549998,0.7503758125174997,0.7103940718749981,0.6729706018825036,0.6220976143250028,0.5676547272100025,0.5183640821175028,0.47596472792749883,0.4345605632524988,0.3973169078074998,0.36153175864250126,0.3229445902500011,0.2892159468975007,0.2577178148174991,0.23034725175000115
2.0,2.5,2.0,1.0,1.0085412721000042,1.013938076369999,0.9977410049299972,0.9832226030574982,0.9581701607125016,0.9329690765049977,0.8974303299150034,0.8524213244000011,0.827484347635,0.7973702363150013,0.7720310590474989,0.735866341229998,0.6970104241749996,0.6606792708550036,0.6110012033725022,0.5571077848300021,0.507756169255003,0.4645611996850002,0.4235076225624994,0.3876175454825006,0.3517524122575009,0.3141393498450002,0.2811092732625005,0.2494508213124989,0.22449666190000075
2.0,2.5,2.5,1.0,1.0086204400025043,1.013970609504999,0.9979346611974971,0.9839314143099982,0.959071281020002,0.933701294302498,0.8979553218950039,0.8529597858325012,0.8281069574700001,0.7980895859650013,0.7730747655149989,0.7369725857549981,0.6973399173549992,0.6611128332875039,0.6110065272800022,0.5570272786875021,0.507023175152503,0.46375277559749994,0.4220964644424995,0.3858873962200006,0.34950625016500103,0.31067652339999985,0.2771371747300003,0.2450895886124987,0.21726487522500063
2.0,2.5,3.0,1.0,1.0085704014900043,1.013679414059999,0.9975670972049973,0.9833312939224982,0.958568442195002,0.932851434667498,0.8972889485525039,0.8518213450250015,0.8266668064675001,0.7960192021000018,0.7714257770074989,0.734817639972498,0.6945204887949994,0.6580467766150037,0.6084780553750021,0.554585982830002,0.5048120746200029,0.46220486953999995,0.42105855090999955,0.38432286418250067,0.3478430001300011,0.30903905498999973,0.2755084947025003,0.2433066346899987,0.21593184616500058
2.0,2.5,3.5,1.0,1.0074926135725044,1.0113486180349986,0.9938518332099966,0.9782757717599982,0.9514869440350023,0.9244055108474979,0.8872769633500028,0.8423041519325019,0.8163940067700001,0.7840843729225017,0.7575935380549988,0.7223254600499983,0.6812600071924994,0.6455324959425036,0.5966676914300016,0.5434171013675018,0.49504189626000217,0.4531273179024998,0.41131760847000015,0.3733214731075006,0.33678953743750084,0.29878726408999956,0.2635553295625001,0.23077923265749883,0.20320546675500048
2.0,2.5,4.0,1.0,1.0074569826250046,1.0112268206274988,0.9936628801749966,0.9776938875749983,0.9501762447450018,0.9228315416374977,0.8854257586025028,0.8402448777275018,0.8132401144825,0.7814828159275017,0.754431643062499,0.7188580853199983,0.6784749420224994,0.6431334832600035,0.5944800048275016,0.5420879627075016,0.4940164108000022,0.451482505505,0.4099253705050001,0.3714467695700005,0.3353191594250007,0.2974984621099996,0.2624884113800001,0.2302475655349988,0.20301942159500047
2.0,2.5,4.5,1.0,1.0073370438475049,1.0103317910874987,0.9928425608574966,0.975737083274999,0.9482321606500023,0.9205559583174974,0.8806477376275029,0.8344204066600015,0.8069189082324999,0.7754638129100012,0.747014459559999,0.7129859484449982,0.6716916351999999,0.6362514872175026,0.5881339393450015,0.5360056182150018,0.488354319437502,0.4474379051249999,0.4054168426175,0.3662269065525002,0.33098346343750057,0.29194305079499927,0.2567497147124999,0.22382370530249907,0.19750102683000034
2.0,2.5,5.0,1.0,1.0071623056800048,1.0099434769874986,0.9921151137574966,0.9741658996449991,0.9461593212075023,0.9181765726524973,0.8783389388875028,0.8335316171875016,0.8061646394199998,0.7745628427325009,0.7462186557674991,0.7115483768199983,0.6694740588774998,0.6338948324775024,0.5851103216275013,0.5321925852025018,0.4837037599800019,0.44049105905999975,0.3996417338550001,0.35991774106749985,0.32487546549000057,0.28520595321749903,0.2523249184849999,0.2187084657274991,0.19196507993750028
2.0,5.0,0.0,1.0,1.011088452,1.019527608,1.006926379,0.997130316,0.976684608,0.95531742,0.922530509,0.877686205,0.854378343,0.824246367,0.802283551,0.769981573,0.732606127,0.696183584,0.643534055,0.589285552,0.538879992,0.49583557,0.456286692,0.419303846,0.383044404,0.344073101,0.310840909,0.279077738,0.248802537
2.0,5.0,0.5,1.0,1.008838947522505,1.014888774054996,0.9993643466924972,0.9866780207199976,0.9636371301975063,0.9399170501324937,0.904908932740004,0.8596445871374974,0.835625589472501,0.8037289413625001,0.7826121097324991,0.7493350582199974,0.7115157817999984,0.6748090183675025,0.6234737846350032,0.5695208008050028,0.5209843746125018,0.47825473927749923,0.43873353616750016,0.40226893696750016,0.3671499698625015,0.32874557797250176,0.29579245656250125,0.2648847701224995,0.2356331410975015
2.0,5.0,1.0,1.0,1.0083201024525048,1.0135211685549965,0.9972939749099975,0.9832703357374978,0.9583844878800057,0.9330895974174949,0.8965739168475036,0.8509625379899987,0.8251227778250003,0.79233076368,0.770225886847499,0.7394225504724976,0.7004326502349982,0.6634656031400025,0.613524183402503,0.5607051927875026,0.5135521779700017,0.4727029378999994,0.4340945040925001,0.3978987744025004,0.36323899020000133,0.32405846827000145,0.2910582002350011,0.26004614266749965,0.23173967193500125
2.0,5.0,1.5,1.0,1.0082610681150046,1.0133567337049962,0.9970043916024974,0.9828067065774978,0.957674535400006,0.9319196200699955,0.8956713712125037,0.8508074255874987,0.8246670642800005,0.7918345101675,0.7695871155999991,0.7383230982649976,0.6992375883474982,0.6618528611275025,0.612165397452503,0.5588589932725028,0.5110039268650017,0.4698736972524992,0.4310676997125,0.39420000473000044,0.35926772696750137,0.32145244477750134,0.28819618362500093,0.25680689374249954,0.22927038031750122
2.0,5.0,2.0,1.0,1.0075583389150047,1.0121872256224977,0.9947402607899969,0.9787651870874987,0.9518457306350047,0.9254216338749974,0.8889162771125033,0.8429755112749998,0.8161656076525002,0.7842334712500009,0.7601381763824986,0.7261106793399974,0.6880029385099989,0.6518620360675028,0.6033607436950025,0.5503484933575021,0.5021660461625017,0.46019677641749995,0.42145747096499997,0.38648083980750075,0.3508854934600011,0.3140837584950004,0.28120140941750066,0.24944134261749923,0.2241949676825009
2.0,5.0,2.5,1.0,1.0076707358475046,1.0122726452374977,0.9950322447724967,0.9796803082124985,0.9529703524825051,0.9265028453899977,0.889790412932504,0.8441431506124999,0.8170792460350005,0.7856609149775012,0.7610863545249987,0.7271372613124976,0.6881498750349987,0.6523874312050033,0.6034345900700023,0.5505404245675022,0.5013409344975015,0.4592676304249998,0.41951447402500003,0.3848826490675008,0.34881604225000123,0.3106285870775,0.27745492679500044,0.24541392526499894,0.21747174773500075
2.0,5.0,3.0,1.0,1.0076032673700046,1.0119789485499977,0.9946533750574968,0.9791186004374985,0.952717949525005,0.9260057546574978,0.889169893540004,0.8429803233,0.8157303993150006,0.7843516466475015,0.7595859165724989,0.7252551386974976,0.6854718098349989,0.6501458563125034,0.6014133085200023,0.5484221095725021,0.4993272457550016,0.4581368606549997,0.4185589077125,0.3831866813525008,0.34722058362750124,0.30905118529499986,0.27582624676750034,0.24363097134249892,0.2161387186750007
2.0,5.0,3.5,1.0,1.0065863112375046,1.0096697161674977,0.9909462563449963,0.9740394273474985,0.9455706697875048,0.9176389331974978,0.8788938515250025,0.8333664070450004,0.8048413409125003,0.7718570636575016,0.7458616056949989,0.7129311913999982,0.6723832601874987,0.6375763270650031,0.5895414678375017,0.5371763899550017,0.4893827751775012,0.44938532368999967,0.4093359259750005,0.3722224597450009,0.33620722919750107,0.2988386295199997,0.2634732730650002,0.23094236200999899,0.20337113178000055
2.0,5.0,4.0,1.0,1.0065506802900048,1.0095336627199976,0.9907573033099963,0.9734731372224986,0.9442599704975045,0.9161286999274978,0.8771099342975025,0.8313972281675005,0.8017013952850003,0.7693699953725016,0.7427972805149988,0.7094513387099981,0.6695389555424989,0.6351953533500029,0.5873725365500017,0.5358702071500017,0.4883743115825011,0.44769134712499986,0.40789240320750053,0.3702839439025008,0.33467384034250086,0.2975498275399997,0.26240635488250025,0.2304106948874989,0.20318508662000054
2.0,5.0,4.5,1.0,1.006325683030005,1.0086840400199977,0.9897381027824963,0.9714114738024991,0.9420807760225048,0.9135264237449977,0.873079882280003,0.8262426907450002,0.7966462909550002,0.7650965075500007,0.7378199975849988,0.7044500450499979,0.6636510487974995,0.629514875935002,0.5826390980975015,0.5308214203750018,0.48304381987250106,0.4433761676999998,0.40308975265250047,0.36514384682750034,0.3302145413500008,0.2916208675199994,0.2566332269975,0.22404881086249911,0.1978270378075004
2.0,5.0,5.0,1.0,1.0061396051275049,1.0082957259199978,0.9890460344724964,0.9699723797524993,0.9400453238950048,0.9112308450449976,0.8707710835400029,0.8252718124800001,0.7958038054725001,0.7641049634200008,0.7369182387449988,0.7028138952049978,0.6613317711524997,0.6269547366100018,0.5794125401200012,0.5269335998475018,0.47842730414500095,0.4364004756024996,0.3968977215600005,0.358265985035,0.32366619168500077,0.28452892555249915,0.2521376903025,0.21886002147249914,0.19226772310000034
2.0,7.5,0.0,1.0,1.008188662635005,1.0137151525024959,0.9974983265224967,0.9840975422324975,0.9605151158600072,0.9365491523249939,0.900955550327504,0.8561575403549975,0.8317077476750011,0.7988583679000001,0.7779845648674991,0.744574849192497,0.7062988336249982,0.6698385034075024,0.6188978848300032,0.5652041981775028,0.5169958757900014,0.4742629827699993,0.4349788400225003,0.3989625567850005,0.36427252417500144,0.3263024260975016,0.2932816072850012,0.26280202743249964,0.23395164570500146
2.0,7.5,0.5,1.0,1.008188662635005,1.0137151525024959,0.9974983265224967,0.9840975422324975,0.9605151158600072,0.9365491523249939,0.900955550327504,0.8561575403549975,0.8317077476750011,0.7988583679000001,0.7779845648674991,0.744574849192497,0.7062988336249982,0.6698385034075024,0.6188978848300032,0.5652041981775028,0.5169958757900014,0.4742629827699993,0.4349788400225003,0.3989625567850005,0.36427252417500144,0.3263024260975016,0.2932816072850012,0.26280202743249964,0.23395164570500146
2.0,7.5,1.0,1.0,1.0076578848925044,1.0123217731199965,0.9953883999774971,0.9806356377199975,0.9552462424150066,0.929390107509995,0.8926607571975035,0.8472445319224988,0.8209844004375004,0.7870537013150001,0.7655733088799991,0.7354706422299975,0.6958127595074983,0.6589675775350022,0.608951885870003,0.5560521505200028,0.5094025439550014,0.46891870318999934,0.4304568521925002,0.39466952948250045,0.36070826907000125,0.3219255473875014,0.28898485899750104,0.25867255758499974,0.23049892790250126
2.0,7.5,1.5,1.0,1.0075988505550044,1.0121573382699964,0.995098816669997,0.9801720085599976,0.9545362899350067,0.9282201301624956,0.8917582115625037,0.8470894195199987,0.8205286868925005,0.7867029898400001,0.7649345376324992,0.7343199593424976,0.6946176976199981,0.6573548355225024,0.607593099920003,0.5542059510050029,0.5067929385325014,0.4660406827899991,0.4272744741450001,0.3908168172275004,0.35650531150500137,0.31930426711500126,0.2861228423875009,0.2555024475849997,0.22799627917500118
2.0,7.5,2.0,1.0,1.0068841886825042,1.0109531879999973,0.9929500761599968,0.9764597112249979,0.9490948469050053,0.9219630808699973,0.8855472367675031,0.8399389251299999,0.8124987896675003,0.7797376223175005,0.7559961601274988,0.7225030220824976,0.6841030225924988,0.6481932203075027,0.5997164279000025,0.5466391092600024,0.49874206466000126,0.4571683001524997,0.41845182383999985,0.3840506466725006,0.34932645992750117,0.3131638598675004,0.2804370153825005,0.24883703104999935,0.22320405983250094
2.0,7.5,2.5,1.0,1.0070445005350046,1.0110183502224972,0.9932523812174966,0.9773185296474978,0.9501384214550059,0.9230233582499978,0.886469295447504,0.8409737258975,0.8132426720675007,0.7812272081275009,0.7570373178124987,0.7235397142324979,0.6844052659049984,0.6487993339450032,0.6000733598550023,0.5473790858750024,0.4981238552650011,0.45646666592499935,0.4166853358024997,0.3827168587925005,0.34712447604750146,0.3095487325699999,0.2763303527975002,0.24440948053749903,0.2164072228275009
2.0,7.5,3.0,1.0,1.0069770320575044,1.010718767262497,0.9928569743974966,0.9767258168774977,0.9498383455475059,0.922526267517498,0.885767217637504,0.839810898585,0.8116166623675006,0.7796215524025009,0.7552499700699988,0.7212843647899979,0.6811692260399984,0.6459680596475033,0.5975116022600023,0.5449978420250025,0.49576074635500106,0.4550784789199993,0.4155044939524998,0.38076062572750047,0.34537206792000147,0.30789510812749976,0.2746477593650001,0.24259350776749902,0.2150372823575009
2.0,7.5,3.5,1.0,1.0060159546250045,1.0086128256199973,0.9894697667749962,0.9720522874424983,0.9430801891575055,0.9149770638999979,0.8758826356475025,0.8299800218025003,0.8006515234700003,0.7665145314025017,0.7415890370374987,0.7087996716649984,0.6678525663349985,0.6334103908450028,0.5857510103725017,0.533823381327502,0.48593497978750066,0.44658228172499936,0.40695640463000055,0.37018492398750075,0.33473586769500124,0.2978147668249996,0.26225715939000005,0.22986301019249908,0.20205787644500067
2.0,7.5,4.0,1.0,1.0059803236775047,1.0084767721724972,0.989280813739996,0.9714859973174984,0.9418378832200053,0.9135506375949979,0.8741960628675024,0.8280000939525003,0.7975336219075002,0.7640300628700016,0.7385247118574988,0.7053276974574983,0.6651886746274985,0.6311102058275027,0.5836693324700016,0.5325911890150019,0.48498787051000064,0.4449858646649995,0.4055495099675005,0.36830894374250056,0.3332260268775011,0.2965507233024996,0.26121571563250007,0.22933134306999903,0.20187183128500064
2.0,7.5,4.5,1.0,1.005735622837505,1.0076401532099974,0.9882143516649962,0.969311606532499,0.9395610580275054,0.9108288881249976,0.870412959675003,0.8227370803649998,0.7923830474825003,0.7595590668350007,0.7337813145549985,0.7003339126924979,0.6591157517774995,0.6250868918175018,0.5783887164600012,0.5272531219725018,0.47972264433750067,0.4407887372599998,0.4008364553575005,0.3632196560825001,0.3285369244675009,0.29036235047999925,0.255228572505,0.22250503571999924,0.19624608202500038
2.0,7.5,5.0,1.0,1.005549544935005,1.0072518391099974,0.9875222833549961,0.9678725124824992,0.9375256059000054,0.9085711124649974,0.8681381366475028,0.8217491531275001,0.7914506317475002,0.7584793872675006,0.7328108447999986,0.698579391052498,0.6569725787649997,0.6226664472225016,0.575370585582501,0.5234806621450019,0.47517288118500056,0.4338155571749996,0.39456210680750053,0.3562979772799999,0.321918053617501,0.2832746593874991,0.2508241140574999,0.2173895703974992,0.19084151070750033
2.0,10.0,0.0,1.0,1.0028541027575035,1.0017918708674998,0.9782808935324971,0.9565820394499984,0.9252258351950016,0.8929963222249993,0.8475793718025011,0.7924227370050037,0.7633835113574986,0.7244038008900017,0.7042932808050008,0.6736666407424988,0.6387790092699963,0.606581555545001,0.5594249362025018,0.511414699700002,0.46785952197749997,0.42867633484250023,0.39201082543249954,0.3572479584675002,0.3255922636125002,0.29026910927249955,0.2614111757874994,0.23402122676749967,0.20791641423750057
2.0,10.0,0.5,1.0,1.0028541027575035,1.0017918708674998,0.9782808935324971,0.9565820394499984,0.9252258351950016,0.8929963222249993,0.8475793718025011,0.7924227370050037,0.7633835113574986,0.7244038008900017,0.7042932808050008,0.6736666407424988,0.6387790092699963,0.606581555545001,0.5594249362025018,0.511414699700002,0.46785952197749997,0.42867633484250023,0.39201082543249954,0.3572479584675002,0.3255922636125002,0.29026910927249955,0.2614111757874994,0.23402122676749967,0.20791641423750057
2.0,10.0,1.0,1.0,1.0024998889350027,1.0008716338699999,0.9768780821399978,0.9543157528749978,0.9220408669150012,0.8875706698900002,0.841053867400001,0.7855629661175043,0.7546328998149978,0.7154647452125018,0.6940642254100008,0.666502646407499,0.6306853297224964,0.5986452001000008,0.5516703757000017,0.5036747266650022,0.46212858967250026,0.4244411638875003,0.3889914084099991,0.35495175107249993,0.3238056421475003,0.28889803695249944,0.26087750892499956,0.2335714237175001,0.20784492389250045
2.0,10.0,1.5,1.0,1.0024744287775027,1.0006441624399998,0.9766024625999978,0.954070645454998,0.9216685063675016,0.8868158193450006,0.8404296720150011,0.7850894056700044,0.7539053795874979,0.714976086715002,0.693289708672501,0.6655871286499989,0.6296493453299964,0.597193350182501,0.5504415661450015,0.5021578784025021,0.4601263396650003,0.42257484899250025,0.38692768897999896,0.35238198028000023,0.3207530453875005,0.28691171422999934,0.25860588213499947,0.23134406562999987,0.20588271576500045
2.0,10.0,2.0,1.0,1.0019730847850026,0.9998736390175,0.9752609392899981,0.9523512522499972,0.9188771383500022,0.8837967686700021,0.8385340912300014,0.7839412049050049,0.7528604901249976,0.7144225631175029,0.6916209232425007,0.6619868070249997,0.6251971799149962,0.593648487962501,0.5477449716075014,0.5001133648250022,0.45663633421250027,0.4183015861625,0.3831897484549983,0.3499899443850002,0.31823409252500073,0.28500129188249884,0.25654009954499907,0.22844775917249968,0.2026690758625005
2.0,10.0,2.5,1.0,1.0025101966275036,1.0006208342974998,0.9766999441524972,0.9549833649999965,0.9212813958825038,0.8865258363175035,0.8414991216825028,0.7864096364375044,0.756091233419998,0.7186805337900032,0.6947108579424999,0.6645509448049993,0.6277495738249962,0.5968267957700021,0.5505267440950015,0.5029814462650021,0.4568012242149998,0.41754723364249935,0.38123969194249846,0.3484217367450008,0.31595856236750164,0.28106284341249815,0.2520750866674988,0.22401651543499948,0.19700763752000064
2.0,10.0,3.0,1.0,1.004047436,1.003515639,0.98073237,0.959557654,0.927412122,0.894331736,0.850691023,0.797738646,0.76499994,0.727306012,0.70437944,0.672903811,0.637918056,0.604917972,0.557844885,0.508853565,0.463808215,0.424638212,0.388182641,0.353785341,0.320445852,0.284655041,0.254231306,0.225222221,0.197642688
2.0,10.0,3.5,1.0,1.0016481725375035,0.9989815873574992,0.9741429522774965,0.951018088687497,0.9158069883200042,0.8800543830625027,0.8314835459100006,0.7754899890925039,0.7429757515249985,0.7047699376725035,0.6810379817224996,0.64931881577,0.613523849452497,0.5822248101925014,0.5371984201250002,0.49024096688250113,0.4460306788549993,0.4080098075974996,0.37088267293249966,0.3367141468950009,0.3046490280125011,0.2705566150849984,0.23991721683999911,0.2117742672899995,0.18477901369250027
2.0,10.0,4.0,1.0,1.0016964624775038,0.9990614999449993,0.9741828708924966,0.950800129444997,0.9151625670825037,0.8795078752550026,0.8305213199675007,0.7746248611275037,0.7410975937749984,0.7032648309075036,0.6788792082924996,0.6468848477774997,0.6119238403999973,0.5807157505450014,0.5360079584325002,0.489351940767501,0.44517480477749927,0.40702032681999967,0.3698743716424995,0.3353757041075006,0.30369303659500096,0.26970967225249853,0.23925227646999928,0.2114377513049995,0.18470111698000025
2.0,10.0,4.5,1.0,1.0013714160100045,0.9980587027149991,0.9725386590974964,0.9479108802774989,0.9113926558600046,0.8757441956750017,0.8257850769375021,0.7692405701550019,0.7346792203324981,0.6971317648600016,0.6721868557925003,0.6390421850699989,0.6019345363499997,0.5701863721499997,0.5257905409549992,0.47920478948500067,0.435034936607499,0.3976924540549998,0.3607791064024999,0.3265374713824993,0.29531648236000063,0.2611822801674982,0.23206617094249948,0.20379943652499932,0.17857288884999994
2.0,10.0,5.0,1.0,1.0011959293975043,0.997509700912499,0.9716647204149961,0.9461869867324992,0.9091137398750047,0.8730852332950013,0.8221924645625017,0.7666183596125019,0.731638857482498,0.6943425418100014,0.6683657181000003,0.6346882640349993,0.5972743326475005,0.5655887666849992,0.5208027637099988,0.47385768550250057,0.4303443575099988,0.39231442052749954,0.3557910211350002,0.3212640413374989,0.29047942381000064,0.25589911463749804,0.22772595226999953,0.1998176242449994,0.17411235630249988
2.0,12.5,0.0,1.0,1.002096960840004,0.9994897368674991,0.9740446007449972,0.9506192066325008,0.9169781038125019,0.884172447444997,0.8396938793250003,0.783228783880003,0.7541658585949987,0.7140647525625018,0.6940963534800006,0.6647734677949992,0.629988145047497,0.5992300568750006,0.5532004183225013,0.5042173480400016,0.46076158836999975,0.42249847673750035,0.3856705013449997,0.3511428148224997,0.31873997611499966,0.2838245685474994,0.2546275365774992,0.22756399911499972,0.20169643053000033
2.0,12.5,0.5,1.0,1.002096960840004,0.9994897368674991,0.9740446007449972,0.9506192066325008,0.9169781038125019,0.884172447444997,0.8396938793250003,0.783228783880003,0.7541658585949987,0.7140647525625018,0.6940963534800006,0.6647734677949992,0.629988145047497,0.5992300568750006,0.5532004183225013,0.5042173480400016,0.46076158836999975,0.42249847673750035,0.3856705013449997,0.3511428148224997,0.31873997611499966,0.2838245685474994,0.2546275365774992,0.22756399911499972,0.20169643053000033
2.0,12.5,1.0,1.0,1.0017487097075035,0.9984221397549992,0.972578728107498,0.9479255506275005,0.9133815440700013,0.8782582437424976,0.8324343994299999,0.7766400932950037,0.7452224299924982,0.7045653031650021,0.6833538946050008,0.6575081673899998,0.6220973209749971,0.5917455745950001,0.5459585883175011,0.49711410686500174,0.4554430636050001,0.41843765366500046,0.3826665060424993,0.3489768134374994,0.3173754014624997,0.28299444092499937,0.25492456506749944,0.22735953542250006,0.20216993123750016
2.0,12.5,1.5,1.0,1.0017232495500035,0.9981946683249991,0.9723031085674978,0.9476804432075007,0.9131881041450016,0.8777172530749979,0.831810204045,0.7761665328475037,0.7443845901074984,0.7039581452050023,0.6824598427950008,0.6562846061300001,0.6209964526299971,0.5906321613325002,0.545041393242501,0.4959893063200016,0.4542020761975,0.4173222417400002,0.38154054118999947,0.3475246069099997,0.31576192601999997,0.28184691222749914,0.2536295709174994,0.22606289826249987,0.2008052534300002
2.0,12.5,2.0,1.0,1.0012670150700034,0.997665217507499,0.9712839045299979,0.9463163696200002,0.9110839605100018,0.8751976943124989,0.8308489699900001,0.7755773265500039,0.7435742912199979,0.703751499345003,0.6813601895475005,0.6536117944475006,0.6181615213899971,0.5877359046050001,0.5431983475375008,0.4952144162450016,0.4522718393225001,0.4147601520850001,0.37936658999999895,0.34591699779999957,0.3142965827575003,0.2803966655799988,0.25212315859749923,0.22405198643499966,0.19850341151500014
2.0,12.5,2.5,1.0,1.0017469501250043,0.9983481673999988,0.972692961292497,0.9488569031874996,0.9131453036950034,0.8774242387250001,0.8334546651475014,0.7776331380000032,0.7466294774624981,0.7073175619300034,0.6834480838399997,0.6553226097300002,0.6199585174999972,0.590087896160001,0.5450579319825007,0.49732434695250133,0.4522725746624996,0.41382174611999945,0.377485099862499,0.34435223641500007,0.31190913818750116,0.2771205633949981,0.2483706733224989,0.22039181936499946,0.19412454929500036
2.0,12.5,3.0,1.0,1.001711720282504,0.9980869866874988,0.972401205967497,0.9487288634024996,0.9132615816475035,0.8771327393100004,0.8329690900125012,0.7769330206625028,0.7456911005599981,0.7064544575850035,0.6828107768899995,0.6540548881950002,0.6189661317899974,0.5888336495675012,0.5439032565850006,0.49606352123500136,0.4508712181599994,0.41284866294749945,0.37683482416499897,0.34328490392000005,0.3107282642100011,0.276036322492498,0.24717119992999892,0.2190868392149995,0.19321879221750038
2.0,12.5,3.5,1.0,1.0012109128350046,0.9976016782499983,0.9711326125224947,0.9463667830350019,0.9095476048150052,0.8720819224149988,0.8252538706075004,0.7682050431100006,0.7349149669899994,0.6945064575650035,0.67204065472,0.6415974742025007,0.6088449457999989,0.5782258111900005,0.5335797632699993,0.4863370822750002,0.44320400471249877,0.4054839677299995,0.36890729039750025,0.3346923413449997,0.3020407549375006,0.2680405936724982,0.23782993728249932,0.2103198855549995,0.18363240048499999
2.0,12.5,4.0,1.0,1.0012756263525047,0.9977121912724985,0.9711725311374947,0.946201653412502,0.9090809971900046,0.8717293064349987,0.8243606328475006,0.7674646263700005,0.7331990874249993,0.6932403813875035,0.6703517912650001,0.6396349517375005,0.607703782399999,0.5771015782175005,0.5324559443599992,0.48557828034000017,0.44254070910999865,0.40462366203749944,0.3679642225675002,0.3334198012449995,0.3010847635200004,0.26719365083999835,0.23716499691249943,0.2099833695699995,0.18355450377249993
2.0,12.5,4.5,1.0,1.0010162741950055,0.9969703357899982,0.9700137460274945,0.9439752675400038,0.9061082762575049,0.8689703045849976,0.8210511847175006,0.7640535540975,0.7288720556799992,0.6891557443350028,0.6659518751000009,0.6339180809050009,0.5998314869875007,0.5686157785174998,0.5235570005224985,0.47663268345749926,0.43373838338249804,0.39620965563249944,0.36012757436500065,0.32599426324249847,0.2939939066399999,0.2598393993599981,0.23105023035999966,0.2037020513649993,0.17832248523249958
2.0,12.5,5.0,1.0,1.000773265,0.995745195,0.967711573,0.940646586,0.90249503,0.863527165,0.814563111,0.757912215,0.720872077,0.679906227,0.656565411,0.625555093,0.591783386,0.560476836,0.516083155,0.469756217,0.427382766,0.390135565,0.355255658,0.322225537,0.290392669,0.256233281,0.227270588,0.199699032,0.173530998
2.0,15.0,0.0,1.0,0.9970405444125007,0.990740626067499,0.9626832678475017,0.9374907834249987,0.9027428854324991,0.8693839226724965,0.8249495171550001,0.7693193310275035,0.7367506603899977,0.6972657719975015,0.6760793863700022,0.6472345384000003,0.613382806154997,0.5814698677724991,0.536632017057501,0.4921177943100018,0.4491103508350001,0.41081258340000026,0.37559142548749946,0.345538159917499,0.3135755200824993,0.2804100667549998,0.2507416771874995,0.22415131359999968,0.19803685649250022
2.0,15.0,0.5,1.0,0.9970405444125007,0.990740626067499,0.9626832678475017,0.9374907834249987,0.9027428854324991,0.8693839226724965,0.8249495171550001,0.7693193310275035,0.7367506603899977,0.6972657719975015,0.6760793863700022,0.6472345384000003,0.613382806154997,0.5814698677724991,0.536632017057501,0.4921177943100018,0.4491103508350001,0.41081258340000026,0.37559142548749946,0.345538159917499,0.3135755200824993,0.2804100667549998,0.2507416771874995,0.22415131359999968,0.19803685649250022
2.0,15.0,1.0,1.0,0.99765878,0.991675305,0.9645916,0.939904351,0.905116359,0.869773469,0.824554419,0.769919296,0.735074092,0.695250882,0.675529906,0.647277424,0.615070724,0.584055117,0.539449429,0.493293155,0.450572053,0.413858691,0.379961767,0.348150091,0.317094086,0.28373114,0.255306937,0.228160067,0.202306042
2.0,15.0,1.5,1.0,0.9969194562649994,0.9901684119924994,0.9616808996150027,0.9357327532299979,0.9001831705424986,0.8645969687399974,0.8181701035099995,0.7637522052125043,0.7290520946849973,0.6885553027525019,0.6680203229250022,0.6409888627900012,0.607516337579997,0.5770398021249985,0.5322821142525007,0.4863075079550021,0.44371696797000043,0.40687719672000044,0.3721593984974991,0.3419422801799989,0.31128018157999937,0.2788715725199997,0.2502029128324998,0.22303082521500003,0.19721626459749986
2.0,15.0,2.0,1.0,0.996771107789999,0.9900772535774999,0.9615024275000031,0.9353621161549966,0.8989926980099985,0.8625375922899982,0.8169404525324997,0.7622357500025042,0.7282919665299974,0.6885147845925021,0.6669287854550019,0.6379444690800007,0.6041959411074971,0.5744307102899981,0.5300465389100005,0.4843928989025024,0.44182892721750044,0.40471802899250015,0.37051114970499904,0.3393995637274987,0.3088937477349996,0.27647782111499963,0.2478482556774998,0.22049649258499993,0.19450393612499967
2.0,15.0,2.5,1.0,0.996274385682501,0.9888856294299994,0.9599820118825025,0.9345621039124957,0.8973081020025002,0.8608787429875001,0.8153401564425009,0.7604336380075029,0.7267273540024978,0.685708973460002,0.6639997915175009,0.6343404107699989,0.6023176954724969,0.5720458860749988,0.5278259724475003,0.4827028865825021,0.4392171089799997,0.40037841063749946,0.3661990683799993,0.3332374671524993,0.30259521999000055,0.26961111525749903,0.24018903744499961,0.21298635014999978,0.1844247704424998
2.0,15.0,3.0,1.0,0.9965037811200013,0.9890849864874994,0.9600367967100025,0.9350313144799955,0.8977028085725002,0.8609105113225003,0.815295921517501,0.7599530135425023,0.7256789344674979,0.6844508723425021,0.6631533611025007,0.6330952240899986,0.601395738932497,0.5712325997849991,0.5269901698850001,0.481707046517502,0.4381504736774996,0.39984856667749946,0.3658991768224993,0.3321437831149992,0.30119971254500055,0.26839229587499897,0.23885442685249958,0.2115532664999998,0.1836129375374998
2.0,15.0,3.5,1.0,0.9964109587050018,0.9892371313499991,0.9599370711700003,0.9338129976324973,0.8953115774200018,0.8586509033524993,0.8120400159725009,0.7550248805550006,0.7198971843649988,0.6780791414250018,0.6591808042400008,0.6265126435199988,0.596219560229998,0.5654011427474989,0.5213346898374995,0.4759026849625012,0.43329972724249904,0.39627172649499953,0.3619321956775,0.327658125942499,0.2969059578525004,0.26377555407499875,0.2332907967924996,0.20600656606749967,0.17795195390749963
2.0,15.0,4.0,1.0,0.996565775945002,0.9896263987174992,0.9602465388700004,0.9339915329074974,0.8951356385150012,0.8586482638674993,0.811960912720001,0.7548859362100004,0.7190813256274987,0.6778719735800018,0.6583171703775011,0.6254397366124987,0.596410995659998,0.5650903510324989,0.5210195876974995,0.47570699738000116,0.43303852398749904,0.3960093088749994,0.3613200076499999,0.32689287037249876,0.2964626629250003,0.2634127899249989,0.23285367827499967,0.2058155609049996,0.17787603755249962
2.0,15.0,4.5,1.0,0.9960671170750023,0.9883549254599996,0.9574160024499985,0.9300349580624986,0.8898135668975009,0.8525452851074979,0.8049074418125005,0.7487012855350003,0.7115386658749986,0.6716726862375014,0.651399833615001,0.6184757618574994,0.5871957940599992,0.5547876384974996,0.5110962187824992,0.4645105711825,0.42251436786999846,0.38625384970749954,0.35265150510500026,0.31969488845499805,0.2887072627099997,0.2555153901674988,0.22643150003249995,0.19954644190499937,0.17243873309749946
2.0,15.0,5.0,1.0,0.9959652197750021,0.9879398602649994,0.9565970963799981,0.9278737010874992,0.8871164662850012,0.8491860249374977,0.7998132898600002,0.7440212661400004,0.7066284288549989,0.6667919990475013,0.645478148540001,0.6121949418575001,0.58087234239,0.5489290078224992,0.5057712762074992,0.4596722303149997,0.4190890915949982,0.3815280138749994,0.3477393002100006,0.314496828879998,0.28408819597749985,0.2511304542949986,0.22225018921999998,0.19525267882499928,0.1683661384774994
2.0,17.5,0.0,1.0,0.9962150350050005,0.989207497589999,0.9603693198975016,0.934616578414999,0.8996332630474991,0.8665152692099961,0.8211389226099998,0.7658061663725032,0.7333595978724976,0.6945491495800016,0.6723118191525024,0.6435411252500006,0.6098747275324969,0.5770117174299991,0.5327930588000009,0.4893212539050017,0.4457946187100001,0.40732628890500033,0.3727864666299993,0.343776572249999,0.3117253431074992,0.27868254801999975,0.24826090676749943,0.2220970336449997,0.19610735005000016
2.0,17.5,0.5,1.0,0.9962150350050005,0.989207497589999,0.9603693198975016,0.934616578414999,0.8996332630474991,0.8665152692099961,0.8211389226099998,0.7658061663725032,0.7333595978724976,0.6945491495800016,0.6723118191525024,0.6435411252500006,0.6098747275324969,0.5770117174299991,0.5327930588000009,0.4893212539050017,0.4457946187100001,0.40732628890500033,0.3727864666299993,0.343776572249999,0.3117253431074992,0.27868254801999975,0.24826090676749943,0.2220970336449997,0.19610735005000016
2.0,17.5,1.0,1.0,0.9962018860349993,0.9889822439299994,0.9598070423725027,0.9334035731599982,0.8977418089849982,0.8625765646249967,0.8155938216574993,0.761369957280004,0.7270001908424972,0.6870634874000017,0.6656688878950026,0.6392103072475015,0.605967984632497,0.5745234355049984,0.5301333569000009,0.4853588760900021,0.4429073540000005,0.4054824681050006,0.371768383574999,0.34265745694249866,0.3117857211224991,0.2792816167325,0.24980936277999988,0.22342757123250012,0.19731906083749984
2.0,17.5,1.5,1.0,0.9961607674074994,0.9887687917599994,0.9595646617925027,0.9331185276649984,0.8975091243399986,0.8620025087974971,0.8149448102024993,0.7608965076800039,0.7261884810549973,0.686410727257502,0.6648118421725024,0.6381469928250014,0.6048346616424971,0.5733782907974985,0.5291893262325008,0.484010194260002,0.44126534873000045,0.40399672330500047,0.3698217193724991,0.3402031038124987,0.3092926449024993,0.2774903016424998,0.24810325855499982,0.22143304945499998,0.19551450305749982
2.0,17.5,2.0,1.0,0.9959878099274989,0.9885829505149998,0.9592643855550032,0.9326188200324971,0.8961829918024984,0.8598814914224978,0.8134114636824995,0.7588074051250038,0.7253857435549973,0.6861995745800021,0.663524304887502,0.6346147118550008,0.6010433053474971,0.5704731132174982,0.5267176048275005,0.48191170974750236,0.43916674675250045,0.40206308939500035,0.36804187305749914,0.3379071909699985,0.30706214891249956,0.27498940560749974,0.24595177936249993,0.21928426471999996,0.19324309578749962
2.0,17.5,2.5,1.0,0.9954664788150008,0.9873172741549991,0.9576442968250025,0.9317000376699961,0.89423522452,0.8579466149599998,0.8115309292625008,0.7567553254250023,0.7237013951149978,0.683281320842502,0.6604808166700009,0.630778614094999,0.5989311879974969,0.5678540677674989,0.5242723556600003,0.48000655248250207,0.43634502541499975,0.39753184243749956,0.3637297917324995,0.33167570688999926,0.30067458603250047,0.26809185181249917,0.23829256112999975,0.2118547187899998,0.18295432026249978
2.0,17.5,3.0,1.0,0.9956958742525011,0.9874618475324992,0.9576835260375024,0.9318775876899957,0.8940915969124998,0.8574344608200001,0.8109689079100006,0.755947386010002,0.7224467457549979,0.681794923670002,0.6594261142875004,0.6292389924849986,0.5973246204574969,0.5666546225774991,0.5230542292225002,0.4782467450875021,0.4345473441424996,0.3961686779499996,0.36282493052999937,0.3298807314299992,0.29905061124000043,0.26678246364999914,0.23705152600999974,0.21040065489999984,0.18223744086749974
2.0,17.5,3.5,1.0,0.9954963266050015,0.987496627459999,0.9572446792975003,0.9302272273999971,0.8911277283725014,0.8545654621824993,0.8065867498825008,0.7498789836000005,0.7151405598249988,0.6737643921375018,0.6532963380375004,0.6211709533649986,0.5909737126449978,0.559214092722499,0.5153642801299999,0.47060453758750126,0.42820682036749924,0.39099176182999956,0.3561154049399999,0.3226917056049994,0.2909762990150003,0.25835772876249924,0.22770903887249982,0.2008887041674998,0.17354888591749976
2.0,17.5,4.0,1.0,0.9956511438450016,0.9878858948274992,0.9575541469975003,0.9304057626749972,0.8909517894675009,0.8543329845174992,0.8062833431375008,0.7494966016750003,0.7140489790249986,0.6732707048050018,0.6521505736650006,0.6200980464574986,0.5911651480749976,0.5589033010074991,0.5150491779899997,0.4702121319025013,0.4277666435849993,0.3904025929049994,0.3553544477924998,0.32179151281749907,0.29041139740500016,0.2579949646124993,0.2274729608699999,0.20087819626249975,0.17363388592749973
2.0,17.5,4.5,1.0,0.9951360086750021,0.9864063763174995,0.9544295763699985,0.9260782964674981,0.8853417603425007,0.847836853227498,0.7991432775975005,0.7433182309150003,0.7065620898349985,0.6668545397375014,0.6450625936325008,0.6133645035949994,0.5819342575224988,0.5488653045099997,0.5053811708699996,0.45916760799250006,0.41710609564249873,0.3802694162099995,0.3463839947425001,0.31383230124499845,0.2821483658349995,0.24976504157499943,0.2209772479400003,0.19393753754999937,0.16773319466499967
2.0,17.5,5.0,1.0,0.994908750842502,0.9857587930324994,0.9529380536474982,0.922577730512499,0.8808525471550004,0.8425982958449977,0.7922793393425,0.7371000699850003,0.7004142346224989,0.6607745678650012,0.6376406722550004,0.6056459295250001,0.5735841102524997,0.5410008632974994,0.4972746503599996,0.45139280363499984,0.4102060842224985,0.3720989373174994,0.3385705670400002,0.30585218580499857,0.27526144741999964,0.24319979846499945,0.21546776570500023,0.18883377234749937,0.16320902278749969
2.0,20.0,0.0,1.0,0.990846375652503,0.9773690125149989,0.9443561793800002,0.9148494865325012,0.8746183296249995,0.8335397710849949,0.7837307774074993,0.7224098815725014,0.6833988525424989,0.6393866672524999,0.6221350732850023,0.5989564801250026,0.5690410652124962,0.5382636053575002,0.49674837417500156,0.4573876125950005,0.41872559148750005,0.3875552104575,0.35681204993499926,0.32987501455999907,0.30077037312249966,0.26996254160749983,0.24135683564999938,0.2169789360074994,0.19316796948500023
2.0,20.0,0.5,1.0,0.990846375652503,0.9773690125149989,0.9443561793800002,0.9148494865325012,0.8746183296249995,0.8335397710849949,0.7837307774074993,0.7224098815725014,0.6833988525424989,0.6393866672524999,0.6221350732850023,0.5989564801250026,0.5690410652124962,0.5382636053575002,0.49674837417500156,0.4573876125950005,0.41872559148750005,0.3875552104575,0.35681204993499926,0.32987501455999907,0.30077037312249966,0.26996254160749983,0.24135683564999938,0.2169789360074994,0.19316796948500023
2.0,20.0,1.0,1.0,0.9910305704225023,0.9778955719899991,0.9449023711375009,0.9149423590350005,0.8746226434349991,0.8332911481999951,0.7819746081199991,0.7216724646850019,0.6831351309124986,0.6383149399350001,0.6222138647375025,0.5984094395325026,0.5700268315224962,0.5402369284374997,0.49844398879500146,0.45794942473500094,0.4185938151950003,0.3871675926250001,0.356879358712499,0.3304009042649988,0.30146972150999946,0.2711358402275001,0.24329656951749987,0.21807209951499984,0.1942128952449998
2.0,20.0,1.5,1.0,0.9909531297375023,0.9777348775874991,0.9447518637375008,0.9148240911325004,0.8742927514174993,0.8328616359874953,0.781704619584999,0.7216724646850019,0.6829798899624987,0.6384006783250001,0.6219797284875025,0.5979065903250026,0.5690533352199963,0.5390035162649996,0.4972771381375014,0.4567143693000009,0.4170613666800003,0.3856348396900001,0.35431909186999905,0.32739824143499896,0.2984722659824996,0.26837189218750007,0.24120042846499984,0.21539123114249967,0.19172451046499975
2.0,20.0,2.0,1.0,0.9907902673025021,0.9776935814799996,0.9445515688375012,0.9144713817999992,0.8735344518049989,0.8308887108974957,0.7794764480724988,0.7196761243800021,0.6815828583599991,0.6379688962450001,0.6198209665725017,0.5943396394500017,0.5653708815724965,0.5364931884874994,0.49482075643750145,0.4548798112000011,0.4147399293900003,0.38350175616000004,0.35233407107499914,0.32467612476249896,0.29541100356499955,0.26550189381250017,0.2381779565125001,0.21255616846999978,0.18921133699499965
2.0,20.0,2.5,1.0,0.9902957491950033,0.9764513138474992,0.9426353353250008,0.9127220210574986,0.8707814430175002,0.8282238623499972,0.7761638426925,0.7169378973325011,0.6790018370724995,0.6345544730799997,0.6158105893725009,0.5901702057875006,0.5621546656099964,0.5325179127674999,0.4913338532100014,0.451984623770001,0.4117388235349999,0.3787946021274995,0.34765252614249925,0.31802444919999995,0.28789089881500024,0.25709843360749984,0.22970917425249993,0.20448252253499974,0.17795432059749988
2.0,20.0,3.0,1.0,0.9903234432625034,0.9759860468774997,0.9417557150425006,0.9093186261749964,0.8650020642224984,0.8200265720949984,0.7670344237449997,0.7059524708175005,0.6651524540474999,0.6197664140174995,0.6009903407299985,0.573659921487499,0.545909898749997,0.5187202287375,0.4790754098275013,0.4399400511950017,0.40080201558500045,0.3704616377124996,0.34004703565999916,0.3110947007049998,0.28207735708,0.2528122325175001,0.2263187077225001,0.2018211322599998,0.17633247589499984
2.0,20.0,3.5,1.0,0.9900148025950035,0.9756404926249997,0.9410935138724994,0.9077713352049969,0.862394187567499,0.8176757377174981,0.7643589246624998,0.7018975541300001,0.6597805605075002,0.6137072702974994,0.5956024730399987,0.567576171087499,0.5400361537499974,0.51216201189,0.47253638816250104,0.4338343652125014,0.3949165697350003,0.36495507612999956,0.3323515151099993,0.3033677626574999,0.2728671290874997,0.24338360090500058,0.21503096714500028,0.1904084875849995,0.16628224731500002
2.0,20.0,4.0,1.0,0.9901790872125035,0.9761217539524999,0.9415255786799996,0.908051863169997,0.8623580658249983,0.8171991007949981,0.7636131636174999,0.7008707764775002,0.658448496655,0.6122608692599993,0.5937609670299987,0.5662750199074988,0.5397367661474973,0.5115675651325001,0.47197497699250107,0.4333752886425014,0.39409644843250013,0.36416957584999954,0.3314393134999992,0.30245262365499964,0.27225658387749957,0.24299579909500063,0.2147690844025004,0.19036938846249946,0.16636724732500002
2.0,20.0,4.5,1.0,0.9897302197075036,0.9748015663625003,0.9384365129524979,0.9041582197349973,0.8573288713899977,0.8107580878024973,0.7569070803499995,0.6942519215400001,0.6517074909699997,0.6060875192174993,0.5876340348849987,0.5603216762474993,0.5325587743024977,0.5040175778525007,0.4651881438600012,0.4255949045325009,0.38646580681750015,0.35652714723999956,0.3245256688649992,0.29616978500749924,0.2653430325549992,0.23608742973750083,0.20836681955750064,0.18309657890249903,0.15986998751750028
2.0,20.0,5.0,1.0,0.9894661260775037,0.9740926242300003,0.9368104623199975,0.9004569428949981,0.8523941994824975,0.8050808284899971,0.749315879907499,0.6883355918575004,0.6461343622724998,0.6007603771099991,0.5807975487199984,0.5528083959124998,0.5237289575924978,0.49540701568500056,0.45606960847000133,0.4165544500875007,0.3779179447625004,0.34755022825499976,0.31538101621999926,0.28701664794249937,0.2575375692824993,0.22704148572250094,0.20035493855000058,0.17566986241999896,0.1532537104375004
2.0,22.5,0.0,1.0,0.9875136363450046,0.9710779098974973,0.9344333486649969,0.9016014630375041,0.8592801851725017,0.8156000507649935,0.7629799822974986,0.7026970015250007,0.6616052565849988,0.6161140493849987,0.5996169384775031,0.5778664201600031,0.5499655761249959,0.5207755247750012,0.4805142281700018,0.4414623646299993,0.4026218228049999,0.37090043742249934,0.3430483160349994,0.3173641318275,0.2897083808100004,0.26210010698749936,0.23676053701249905,0.21232811478999913,0.1899252786925005
2.0,22.5,0.5,1.0,0.9875136363450046,0.9710779098974973,0.9344333486649969,0.9016014630375041,0.8592801851725017,0.8156000507649935,0.7629799822974986,0.7026970015250007,0.6616052565849988,0.6161140493849987,0.5996169384775031,0.5778664201600031,0.5499655761249959,0.5207755247750012,0.4805142281700018,0.4414623646299993,0.4026218228049999,0.37090043742249934,0.3430483160349994,0.3173641318275,0.2897083808100004,0.26210010698749936,0.23676053701249905,0.21232811478999913,0.1899252786925005
2.0,22.5,1.0,1.0,0.9879025064275042,0.9718976494799976,0.9353595651649972,0.9027016616450035,0.8603798005900013,0.8172611571974937,0.7639238895149986,0.7042013588475008,0.6635908882074988,0.6178108887799987,0.602049753935003,0.5789533696025031,0.5527840627799958,0.524184140070001,0.4835513810100018,0.44340264447499966,0.4038666708975001,0.3718292724424994,0.34400489958749936,0.31802757837499984,0.2906727821475002,0.26337272018249974,0.23807180117499954,0.21339779235499948,0.1905880329
2.0,22.5,1.5,1.0,0.9878797165175043,0.9718452150524977,0.9352879891249972,0.9026370630675035,0.8602431351850014,0.8170604222524938,0.7638098046699986,0.7042013588475008,0.6636306647149988,0.6178966271699987,0.6018663020125029,0.578641755897503,0.5521705350724959,0.523577727375001,0.48281317165000176,0.44259103098499963,0.4029598964550001,0.3709750573674995,0.3423833075899993,0.3158374445974999,0.2886578929875002,0.2613990614574998,0.2359615378974996,0.2110177939574994,0.1881771414575
2.0,22.5,2.0,1.0,0.987891647797504,0.971871816877498,0.9353177531724975,0.9025661487000022,0.8598008338600011,0.8156008520424943,0.7619683821274985,0.7019424218000008,0.6620937510099992,0.6173435574349987,0.5997964607225024,0.5751453122625022,0.5489004451249961,0.5208971897775009,0.48020576371250173,0.44086855070999986,0.4010138180500001,0.36896257539499944,0.3405098988324994,0.3130789349974998,0.28590962333000014,0.2586122663324999,0.23290012134999982,0.20821634966999952,0.18561654031749988
2.0,22.5,2.5,1.0,0.9873928915825049,0.9708328360574978,0.9334623947199975,0.9010995248200018,0.8571980236750014,0.8132715186649953,0.7597378194399991,0.7000329060475002,0.6600595179174994,0.6160056947774986,0.596931833020002,0.5714908060325018,0.5458635284524962,0.5169411488550009,0.47737521180750164,0.4386006834550001,0.39900342958749996,0.3656916715349992,0.33658123327999945,0.30795711747999993,0.2800434993450003,0.2520023551774999,0.22480205855499982,0.20036698150249957,0.1748300956900001
2.0,22.5,3.0,1.0,0.9873027999450046,0.9697196742299983,0.930988962804997,0.8954113883374979,0.849201802377499,0.802601184659997,0.7471090030499984,0.6836218098274994,0.6396653577000003,0.5942504860624984,0.5756822839099985,0.5499339544449994,0.5239526386524971,0.4979920095550005,0.4602163498575014,0.4214861222000016,0.3836153161525008,0.3529149969299995,0.3253648889174994,0.29802241549999964,0.2707869856774997,0.2450045121125005,0.21960097152500005,0.1966595741849995,0.17204693649499997
2.0,22.5,3.5,1.0,0.9869508828275048,0.9691548349699984,0.9301347330424967,0.8939171580474978,0.8471705352574992,0.8006106842549968,0.7446126373274986,0.6800783527574997,0.6354329925725005,0.5895851358524983,0.5705883985199983,0.5452516037274993,0.5181085272249972,0.4922808099500005,0.45403786731000134,0.4157170771125015,0.3784967498975009,0.3483028080974996,0.3185231644774993,0.2910487961824998,0.26281113735499945,0.23545534259500087,0.20863226441000035,0.18550066321999928,0.1621499317625002
2.0,22.5,4.0,1.0,0.9870924414800047,0.9695596590374985,0.9305563157199969,0.8943961370024976,0.847340958977499,0.7999979457549969,0.7438633900699986,0.6791361711099998,0.6332220964700005,0.5868079873399984,0.5679539711974982,0.5427562649674991,0.5163485820074972,0.4905714473100006,0.4526347911400013,0.41485664995250154,0.3774070011725008,0.34690555058749956,0.3172772009774993,0.2895492368749996,0.2616148668549994,0.2345218777750009,0.20794481310750038,0.18506850787999926,0.1618233048375002
2.0,22.5,4.5,1.0,0.9867578124425048,0.9683601530924991,0.9279395051449956,0.8911203477324975,0.8429544220974979,0.7944336707349966,0.7381087950949987,0.6733558605024998,0.6278257571900002,0.5814872499249983,0.5628149865874977,0.5375459506824992,0.5110631563024973,0.4850340292175009,0.44792264394500153,0.40948857152750145,0.37204166896750107,0.3419773881549999,0.3126798425299989,0.28478443693249955,0.2560462355999991,0.2288218333050011,0.2027633581725005,0.1785425214499988,0.15603545922000042
2.0,22.5,5.0,1.0,0.9865034635900048,0.9677269655599993,0.9264456415274954,0.8875055230324981,0.8382424316124977,0.7888317169849965,0.7310738533949984,0.6680450002175001,0.6234299986650004,0.5766876305074983,0.5574552857624975,0.5313383057274992,0.5037246057099973,0.4770979111000009,0.43924998774250157,0.4010338114675011,0.3643707021325012,0.33364994139500026,0.304231755827499,0.27627342364249957,0.24911331243749923,0.22036097448250108,0.19554262574750048,0.17170933169249866,0.14944125213000053
2.0,25.0,0.0,1.0,0.986728625,0.97002331,0.933019056,0.898783318,0.855323155,0.811738882,0.759476721,0.698967206,0.657067109,0.611009425,0.594728507,0.570783223,0.543077005,0.516077168,0.477048354,0.436834229,0.399468856,0.367560257,0.338242885,0.310827699,0.283948768,0.25505955,0.230424703,0.206878835,0.184435991
2.0,25.0,0.5,1.0,0.9883715537200051,0.9730009919049951,0.9371074351849968,0.903875824400004,0.8618696771125022,0.8181459491774936,0.7664283519399987,0.7058552923825006,0.6643601341999986,0.6185819332074989,0.6024264213275035,0.5797496936525031,0.5514465337749958,0.5228993156675011,0.48271968051250164,0.44302404428749936,0.40452500717999995,0.37221413532749936,0.34407473642499936,0.31844734540249997,0.2904378806475005,0.26255981861999933,0.23736725299249906,0.21272618526499912,0.19024362414250046
2.0,25.0,1.0,1.0,0.9887604238025048,0.9738207314874954,0.9380336516849972,0.9049760230075035,0.8629692925300019,0.8198070556099938,0.7671944688224986,0.7073596497050008,0.6663457658224986,0.6202787726024988,0.6048592367850033,0.580957958225003,0.5542650204299958,0.526327552750001,0.48577803344000164,0.44498745180249977,0.40579515975750013,0.3731712232974994,0.3450313199774993,0.3191449330424998,0.2914389062875003,0.2639112554699997,0.23885498211999948,0.21401100942999943,0.1910841903999999
2.0,25.0,1.5,1.0,0.9887604238025048,0.9737682970599955,0.9379620756449972,0.9049411278950034,0.8628639179400018,0.8196664366649938,0.7671078813049987,0.7073596497050008,0.6663855423299985,0.6203645109924989,0.6046757848625034,0.580646344520003,0.5536514927224957,0.5257211400550009,0.4850398240800016,0.4441989659824997,0.4049136898000001,0.3723452611724995,0.3434722315299993,0.3172181286349998,0.28957051433750025,0.26201642039999984,0.23682741846749955,0.2118535102724994,0.18876220498249988
2.0,25.0,2.0,1.0,0.9887723550825046,0.9737948988849958,0.9379918396924976,0.9048702135275022,0.8624216166150016,0.8182393853524943,0.7652939560899986,0.7052575579725009,0.6649586813024991,0.6198950841899988,0.6026203095675027,0.5773861565175021,0.550633254309996,0.5231860982425008,0.48257585146000154,0.44250653049,0.4030318154950002,0.3703610321499995,0.34163007454749944,0.31449376012749974,0.2869687418900002,0.25942668441249994,0.23418480075249984,0.20938506396999937,0.18637941589249984
2.0,25.0,2.5,1.0,0.9883077837325054,0.9727559180649956,0.9361624584249975,0.9034035896475017,0.8598813880600019,0.8159100519749951,0.7630633934024993,0.7033480422200004,0.6629244482099992,0.6185572215324986,0.5997556818650023,0.5737316502875017,0.5475963376374959,0.5192300573200008,0.4797664996425015,0.4402386632350003,0.4010720360025001,0.3672031400899993,0.33785766786999943,0.30954264807249987,0.28135898802250037,0.2530532442225,0.2262934870199998,0.20183690104249943,0.17585968934000004
2.0,25.0,3.0,1.0,0.9882176920950052,0.9713652664649967,0.9330385707149967,0.898212676784997,0.8526252210625002,0.8061082080724974,0.7510496813224989,0.6871129182224992,0.6428009725000007,0.5968930518499986,0.5785357486324983,0.5530575223149988,0.5262755387899971,0.5007275244300006,0.4628986179400011,0.423376530822502,0.385933780952501,0.3547251164224996,0.32689988519999935,0.29985508974999936,0.2723632204499998,0.2461220996300006,0.2211133908600001,0.19807094629999944,0.1730588586574999
2.0,25.0,3.5,1.0,0.9878999598425053,0.9708202815574967,0.9322362953224967,0.896777853424997,0.8506565355725003,0.8041778236674973,0.7486083102549991,0.6836681456799996,0.638766890047501,0.5924993271499985,0.5736500151574982,0.5483999255174987,0.5204815472524973,0.4952962852500006,0.456998781807501,0.41788666138000186,0.3810064107000011,0.35031673993999957,0.32021441963499925,0.29308631698749943,0.26468036654749943,0.23724293118000098,0.21100764902750033,0.18780441447999915,0.16390092723250013
2.0,25.0,4.0,1.0,0.9880415184950054,0.9712251056249969,0.9326578779999967,0.897256832379997,0.8508269592925001,0.8035951431674975,0.7478590629974992,0.6827426642174995,0.636575501730001,0.5897257738924986,0.5710299538299982,0.5459169637174986,0.5187383086649973,0.49358692261000064,0.45559570563750107,0.41702623422000196,0.3800335045200011,0.3489194824299996,0.31896845613499913,0.29158675767999936,0.2634840960474994,0.23630946636000097,0.21032019772500032,0.18737225913999914,0.16357430030750014
2.0,25.0,4.5,1.0,0.9878790817675055,0.9702858853199969,0.9305852704549953,0.8944830454649966,0.8469767266949991,0.7984377957049973,0.7425945465374991,0.6774344061374997,0.6314578405075009,0.5846993300299986,0.5661381525349976,0.5411419939024986,0.5139611904824973,0.48846111468500103,0.45131081911750115,0.41231080413750215,0.3753570403400015,0.34458866722000003,0.3148664899549987,0.28739420928749915,0.25840048340249916,0.2309460807375012,0.20545170429500043,0.1811766295649987,0.1584532498775004
2.0,25.0,5.0,1.0,0.986728625,0.967284126,0.925446214,0.884825273,0.834248237,0.783615093,0.724841714,0.660537183,0.614484809,0.566017483,0.546586406,0.520770519,0.492655795,0.466593297,0.429635848,0.391068976,0.355793355,0.324785304,0.29574801,0.26825065,0.241749996,0.213312529,0.189201276,0.166248137,0.14446342
2.5,0.0,0.0,1.0,1.0098946427750044,1.0176540161074952,1.0043377966499982,0.9939789661124963,0.973470122417504,0.9510795836974943,0.9178624776600032,0.8737800992774986,0.8503285511725003,0.8207331804674982,0.79756161964,0.7651667301374988,0.7258091155699984,0.6888025502475034,0.6356336622600027,0.5813918391550031,0.5313564811375029,0.48762759639749864,0.444801366129999,0.40704839074999943,0.3699000754875014,0.3313254400950014,0.29809336103000095,0.26602809557999896,0.23654070538750144
2.5,0.0,0.5,1.0,1.0098946427750044,1.0176540161074952,1.0043377966499982,0.9939789661124963,0.973470122417504,0.9510795836974943,0.9178624776600032,0.8737800992774986,0.8503285511725003,0.8207331804674982,0.79756161964,0.7651667301374988,0.7258091155699984,0.6888025502475034,0.6356336622600027,0.5813918391550031,0.5313564811375029,0.48762759639749864,0.444801366129999,0.40704839074999943,0.3699000754875014,0.3313254400950014,0.29809336103000095,0.26602809557999896,0.23654070538750144
2.5,0.0,1.0,1.0,1.009416279280004,1.0164067306374955,1.0024719600349987,0.9908871277399963,0.9687846669300033,0.9451301743224957,0.911347019620003,0.8664693699699996,0.8417516743199996,0.8124663068649987,0.7880258597649998,0.7558510838449989,0.7162527721649984,0.6789596394225035,0.6275117647150025,0.5732573381950029,0.5245353880200029,0.4823688609749989,0.440360042469999,0.4029054984724996,0.36626492642000125,0.3265695951475012,0.2930325370050008,0.26109761183499913,0.2326839628150012
2.5,0.0,1.5,1.0,1.0093572449425041,1.0162422957874957,1.0021823767274987,0.9904447452899965,0.9681098062350034,0.9441635392624961,0.9106413054025029,0.8664693699699996,0.8415420101599997,0.8123004410824987,0.7877436695899998,0.7550861227699989,0.7150577023224983,0.6773475012900037,0.6260417988300024,0.5715264674400029,0.5222314260075028,0.4798384599749989,0.4375483094074989,0.39974847893999976,0.3627810661075012,0.32398900710000106,0.2902602546475007,0.2583427599899991,0.23055450792000115
2.5,0.0,2.0,1.0,1.0087848836800037,1.0149640000749982,0.9994826790499972,0.9863440034099977,0.9624103076950026,0.9377089169074982,0.9032371544250036,0.8581919284350006,0.8322716301349999,0.8034480289700007,0.7771868246474989,0.7414432750499977,0.7021275486874995,0.6660254047625035,0.6157419636125018,0.5617493212950024,0.5124403534450032,0.46902356677500007,0.42713216225749945,0.39060805548500055,0.3532393608075008,0.3152102012925002,0.28213199355250057,0.2499853986174989,0.22482914133500081
2.5,0.0,2.5,1.0,1.0088640515825038,1.0149203986374982,0.9995529393099971,0.9869369347974978,0.963122173835003,0.9381584066849985,0.9037621464050042,0.8587303898675007,0.83289423997,0.8041673786200008,0.7782305311149988,0.742549519574998,0.7024570418674991,0.6664589671950039,0.6157472875200017,0.5616688151525024,0.511707359342503,0.4682151426874999,0.4257210041374995,0.38867150094500064,0.350794983707501,0.3117473748474998,0.27795103347000033,0.2454158508599987,0.21765181074500067
2.5,0.0,3.0,1.0,1.0088140130700038,1.0146292031924982,0.9991853753174973,0.9863829235924978,0.9626836683550031,0.9373085470499984,0.902795019240004,0.8573562805850011,0.8315907191749997,0.8022655005250009,0.7766159201024991,0.7403945737924978,0.6993805990499995,0.6631514734575039,0.6129976167250019,0.5590264295250024,0.509315196255003,0.4663571105924999,0.4246830906049995,0.38710696890750057,0.34913173367250094,0.3101099064374997,0.2763223534425002,0.24363289693749868,0.2163187816850006
2.5,0.0,3.5,1.0,1.007769314940004,1.0123377728649978,0.9954091469624966,0.9810816798549976,0.9553906025775031,0.9286758373024981,0.892679048242503,0.8480643210150015,0.8217365214524996,0.7905443940675012,0.7630265154124991,0.7282455341074985,0.6866818427024995,0.6511278824400037,0.6015462018600013,0.548209796635002,0.4998821878075024,0.4574644958199998,0.41485997081500015,0.3762853071500007,0.3380782709800008,0.29999146692249956,0.2645024032850001,0.23110549490499885,0.20359240227500053
2.5,0.0,4.0,1.0,1.007733683992504,1.012215975457498,0.9951897117474965,0.9804635915049977,0.9540399175575027,0.927062516224998,0.890790198607503,0.8456359208425015,0.8183571746299997,0.7876405104475012,0.7596414142049993,0.7242348420474984,0.6838598913024996,0.6487288697575034,0.5993585152575013,0.546880657975002,0.4988567023475023,0.45581968342249995,0.4134677328500001,0.37441060361250045,0.33660789296750065,0.2987026649424996,0.26343548510250014,0.2305738277824988,0.2034063571150005
2.5,0.0,4.5,1.0,1.0076137452150042,1.0113502395674978,0.9944799263799966,0.9785444982474983,0.9521335008850029,0.9247869329049976,0.8860121776325031,0.8397815990600013,0.8118372560974996,0.7814810304625008,0.7520038909999992,0.7184654777174984,0.6771796640074998,0.6419813943750029,0.5931091135025012,0.5407935042475022,0.4932006902275021,0.4514933329274999,0.4089592049625,0.3692187723475003,0.33227219698000054,0.2931743409924993,0.2577233311749999,0.22414996754999908,0.1978879623500004
2.5,0.0,5.0,1.0,1.0074445035500041,1.0109182882299976,0.9937740436174965,0.9770790698449986,0.9500755194175031,0.9225414673324975,0.883828240755003,0.8389938008300014,0.8111923685899992,0.7807374914250008,0.7512080872074992,0.7171492212224984,0.67504315769,0.6397164680075028,0.5904632482750011,0.537519918862502,0.4885809450150019,0.44487158089749956,0.4037173182650001,0.3631152391174999,0.32680435189250046,0.2868033307049991,0.2534579623549999,0.2191908638174991,0.19245016395500034
2.5,2.5,0.0,1.0,1.0098946427750044,1.0176540161074952,1.0043377966499982,0.9939789661124963,0.973470122417504,0.9510795836974943,0.9178624776600032,0.8737800992774986,0.8503285511725003,0.8207331804674982,0.79756161964,0.7651667301374988,0.7258091155699984,0.6888025502475034,0.6356336622600027,0.5813918391550031,0.5313564811375029,0.48762759639749864,0.444801366129999,0.40704839074999943,0.3699000754875014,0.3313254400950014,0.29809336103000095,0.26602809557999896,0.23654070538750144
2.5,2.5,0.5,1.0,1.0098946427750044,1.0176540161074952,1.0043377966499982,0.9939789661124963,0.973470122417504,0.9510795836974943,0.9178624776600032,0.8737800992774986,0.8503285511725003,0.8207331804674982,0.79756161964,0.7651667301374988,0.7258091155699984,0.6888025502475034,0.6356336622600027,0.5813918391550031,0.5313564811375029,0.48762759639749864,0.444801366129999,0.40704839074999943,0.3699000754875014,0.3313254400950014,0.29809336103000095,0.26602809557999896,0.23654070538750144
2.5,2.5,1.0,1.0,1.009416279280004,1.0164067306374955,1.0024719600349987,0.9908871277399963,0.9687846669300033,0.9451301743224957,0.911347019620003,0.8664693699699996,0.8417516743199996,0.8124663068649987,0.7880258597649998,0.7558510838449989,0.7162527721649984,0.6789596394225035,0.6275117647150025,0.5732573381950029,0.5245353880200029,0.4823688609749989,0.440360042469999,0.4029054984724996,0.36626492642000125,0.3265695951475012,0.2930325370050008,0.26109761183499913,0.2326839628150012
2.5,2.5,1.5,1.0,1.0093572449425041,1.0162422957874957,1.0021823767274987,0.9904447452899965,0.9681098062350034,0.9441635392624961,0.9106413054025029,0.8664693699699996,0.8415420101599997,0.8123004410824987,0.7877436695899998,0.7550861227699989,0.7150577023224983,0.6773475012900037,0.6260417988300024,0.5715264674400029,0.5222314260075028,0.4798384599749989,0.4375483094074989,0.39974847893999976,0.3627810661075012,0.32398900710000106,0.2902602546475007,0.2583427599899991,0.23055450792000115
2.5,2.5,2.0,1.0,1.0087848836800037,1.0149640000749982,0.9994826790499972,0.9863440034099977,0.9624103076950026,0.9377089169074982,0.9032371544250036,0.8581919284350006,0.8322716301349999,0.8034480289700007,0.7771868246474989,0.7414432750499977,0.7021275486874995,0.6660254047625035,0.6157419636125018,0.5617493212950024,0.5124403534450032,0.46902356677500007,0.42713216225749945,0.39060805548500055,0.3532393608075008,0.3152102012925002,0.28213199355250057,0.2499853986174989,0.22482914133500081
2.5,2.5,2.5,1.0,1.0088640515825038,1.0149203986374982,0.9995529393099971,0.9869369347974978,0.963122173835003,0.9381584066849985,0.9037621464050042,0.8587303898675007,0.83289423997,0.8041673786200008,0.7782305311149988,0.742549519574998,0.7024570418674991,0.6664589671950039,0.6157472875200017,0.5616688151525024,0.511707359342503,0.4682151426874999,0.4257210041374995,0.38867150094500064,0.350794983707501,0.3117473748474998,0.27795103347000033,0.2454158508599987,0.21765181074500067
2.5,2.5,3.0,1.0,1.0088140130700038,1.0146292031924982,0.9991853753174973,0.9863829235924978,0.9626836683550031,0.9373085470499984,0.902795019240004,0.8573562805850011,0.8315907191749997,0.8022655005250009,0.7766159201024991,0.7403945737924978,0.6993805990499995,0.6631514734575039,0.6129976167250019,0.5590264295250024,0.509315196255003,0.4663571105924999,0.4246830906049995,0.38710696890750057,0.34913173367250094,0.3101099064374997,0.2763223534425002,0.24363289693749868,0.2163187816850006
2.5,2.5,3.5,1.0,1.007769314940004,1.0123377728649978,0.9954091469624966,0.9810816798549976,0.9553906025775031,0.9286758373024981,0.892679048242503,0.8480643210150015,0.8217365214524996,0.7905443940675012,0.7630265154124991,0.7282455341074985,0.6866818427024995,0.6511278824400037,0.6015462018600013,0.548209796635002,0.4998821878075024,0.4574644958199998,0.41485997081500015,0.3762853071500007,0.3380782709800008,0.29999146692249956,0.2645024032850001,0.23110549490499885,0.20359240227500053
2.5,2.5,4.0,1.0,1.007733683992504,1.012215975457498,0.9951897117474965,0.9804635915049977,0.9540399175575027,0.927062516224998,0.890790198607503,0.8456359208425015,0.8183571746299997,0.7876405104475012,0.7596414142049993,0.7242348420474984,0.6838598913024996,0.6487288697575034,0.5993585152575013,0.546880657975002,0.4988567023475023,0.45581968342249995,0.4134677328500001,0.37441060361250045,0.33660789296750065,0.2987026649424996,0.26343548510250014,0.2305738277824988,0.2034063571150005
2.5,2.5,4.5,1.0,1.0076137452150042,1.0113502395674978,0.9944799263799966,0.9785444982474983,0.9521335008850029,0.9247869329049976,0.8860121776325031,0.8397815990600013,0.8118372560974996,0.7814810304625008,0.7520038909999992,0.7184654777174984,0.6771796640074998,0.6419813943750029,0.5931091135025012,0.5407935042475022,0.4932006902275021,0.4514933329274999,0.4089592049625,0.3692187723475003,0.33227219698000054,0.2931743409924993,0.2577233311749999,0.22414996754999908,0.1978879623500004
2.5,2.5,5.0,1.0,1.0074445035500041,1.0109182882299976,0.9937740436174965,0.9770790698449986,0.9500755194175031,0.9225414673324975,0.883828240755003,0.8389938008300014,0.8111923685899992,0.7807374914250008,0.7512080872074992,0.7171492212224984,0.67504315769,0.6397164680075028,0.5904632482750011,0.537519918862502,0.4885809450150019,0.44487158089749956,0.4037173182650001,0.3631152391174999,0.32680435189250046,0.2868033307049991,0.2534579623549999,0.2191908638174991,0.19245016395500034
2.5,5.0,0.0,1.0,1.0092163410900046,1.016353744712495,1.0018194738749968,0.9903948690974973,0.9687420160450069,0.9453336384749943,0.9121227225700045,0.8668514043399972,0.8418850961075011,0.8110405631675,0.7893021567124991,0.757295017124997,0.7187492216449988,0.6815758399450031,0.6291995617825028,0.5751089730200032,0.526365403370002,0.48342505464749924,0.44296202097500015,0.40596820917000004,0.3690769481675014,0.33056816132750166,0.29770307235000126,0.2658528737774995,0.23589414750000148
2.5,5.0,0.5,1.0,1.0092163410900046,1.016353744712495,1.0018194738749968,0.9903948690974973,0.9687420160450069,0.9453336384749943,0.9121227225700045,0.8668514043399972,0.8418850961075011,0.8110405631675,0.7893021567124991,0.757295017124997,0.7187492216449988,0.6815758399450031,0.6291995617825028,0.5751089730200032,0.526365403370002,0.48342505464749924,0.44296202097500015,0.40596820917000004,0.3690769481675014,0.33056816132750166,0.29770307235000126,0.2658528737774995,0.23589414750000148
2.5,5.0,1.0,1.0,1.0086974960200044,1.0149861392124957,0.9997491020924971,0.9869871841149975,0.9634893737275063,0.9385061857599954,0.9039403960775041,0.8577095943799984,0.8307298108050003,0.7996423854849997,0.7765680516724993,0.7461163359999974,0.7069243172924986,0.6694983909600027,0.6189928641650027,0.5658555941375031,0.5188822531600019,0.4778178067674994,0.4381192977850001,0.40111026645000014,0.3648906858900013,0.32540321825750146,0.29231661599500114,0.2607656812499996,0.23198830710500126
2.5,5.0,1.5,1.0,1.0086384616825042,1.0148217043624959,0.9994595187849972,0.9865235549549974,0.9627794212475065,0.937336208412496,0.9030378504425041,0.8575544819774983,0.8300644331000003,0.7989082903699998,0.7756977745774993,0.7450168837924974,0.7057292554049985,0.6678856489475029,0.6176340782150025,0.5640093946225031,0.5161327210600019,0.4749885661199992,0.4350667874074999,0.3976059389425003,0.3609237829075013,0.32279719476500124,0.289454599385001,0.2575264323249995,0.22951901548750123
2.5,5.0,2.0,1.0,1.007935732482504,1.013568733772497,0.9970809005899969,0.9827010426574984,0.957117162967505,0.931252354882498,0.8965182570175037,0.8503670027549995,0.8222188430775001,0.7918654443150008,0.7668256002349989,0.7329676158924974,0.6944353651449992,0.6584945365975031,0.609360474947502,0.5560120921975025,0.5077679226725018,0.4654098244099999,0.4256898601824999,0.3900659860800006,0.352575816247501,0.3152146765700004,0.28227765671000066,0.24997591992249923,0.22452744711750092
2.5,5.0,2.5,1.0,1.008048129415004,1.013578018814997,0.9972494885649968,0.9835002839174983,0.9580525306475056,0.9320508383774984,0.8972981361725044,0.8514461041424997,0.8231324814600005,0.793292888042501,0.7677737783774988,0.7339941978649976,0.6944985884474987,0.6589376129725036,0.6093564015100019,0.5561306855025027,0.5068727303975017,0.46441302972249976,0.4237468632424999,0.3881568849375007,0.3502403586175012,0.3117595051525,0.2783223125375004,0.24574018751249896,0.2178586832550008
2.5,5.0,3.0,1.0,1.0079980909025041,1.0133252915424968,0.996870618849997,0.9829846853249983,0.9578644610350056,0.9315537476449985,0.8963768629575043,0.8500476083549997,0.8217754567000003,0.7919964999100011,0.7661569641174991,0.7321120752499977,0.6915635089899989,0.6564546010150037,0.607113921070002,0.5538112807375025,0.5046779791000019,0.46297213391499964,0.4227912969299999,0.38646091722250064,0.3486448999950012,0.31018210336999985,0.27669363251000034,0.2439572335899989,0.21652565419500072
2.5,5.0,3.5,1.0,1.0070142245575042,1.0110554248574968,0.9931025357774963,0.9776597906599982,0.9505056136800053,0.9230001402574983,0.8858944081275029,0.8405750494775002,0.81123024373,0.7797156396400016,0.7526062250774992,0.7200566207849985,0.6789575234299989,0.6443757614225035,0.5956010294675014,0.5429178096925021,0.4950706784350014,0.4544055338149996,0.4134861378425005,0.3756432349525008,0.337631545565001,0.3001028989799997,0.2644738737900002,0.23126862425749897,0.20375806730000057
2.5,5.0,4.0,1.0,1.0069785936100042,1.0109193714099967,0.9928831005624963,0.9770572963699982,0.949154928660005,0.9214505551199982,0.8840728460125027,0.8382367446325003,0.8078648435674998,0.7769262447300014,0.7493186936824991,0.7159827278374984,0.6760763325549991,0.6419947877075035,0.5934320981800013,0.5416116268875021,0.49406221484000135,0.4527115572499998,0.4120426150750005,0.3737047191100007,0.3360981567100009,0.2988140969999997,0.26340695560750027,0.23073695713499892,0.20357202214000053
2.5,5.0,4.5,1.0,1.0067535963500045,1.010099042359997,0.9919744339849963,0.9750333439924987,0.9470134016075054,0.918848278937498,0.8800659196775033,0.8330782662049999,0.802611026955,0.7725122799400007,0.744121071049999,0.7110842067224984,0.6703258651799996,0.6364824611175025,0.5888275446975011,0.5365889084000021,0.4887671242575013,0.4481330574649999,0.4072399645200004,0.3686206855400004,0.33163885771750073,0.2929122243449993,0.2576603704625,0.22437507310999913,0.19821397332750046
2.5,5.0,5.0,1.0,1.0065730149500043,1.009667091022497,0.9913039300124964,0.973700005169999,0.9451558878600053,0.916686620329998,0.8778819828000032,0.8322083791825001,0.8018779227774999,0.7716781669500008,0.743219312209999,0.7095693720074983,0.6680876575399998,0.6340140501650023,0.585978739210001,0.533240535500002,0.48418142277500115,0.44147230033499957,0.4015811554925005,0.3619533348125,0.3257306609125007,0.28618636966749916,0.253324261175,0.21934241956249914,0.1927528071175004
2.5,7.5,0.0,1.0,1.0086025978800044,1.0152536744749951,1.0000621997049963,0.9878143906099972,0.9657637568275075,0.9423285629599947,0.9085571730300043,0.8633643575574973,0.838174076597501,0.8068786633125,0.785169604304999,0.7532219874199967,0.7142572697899986,0.6772991261925028,0.6250408722225027,0.5711789021150033,0.5225656306400016,0.47960577726249926,0.43936477307000027,0.4028051711850003,0.36619950248000144,0.32812500945250156,0.2951922230725012,0.2637701310874996,0.23421265210750147
2.5,7.5,0.5,1.0,1.0086025978800044,1.0152536744749951,1.0000621997049963,0.9878143906099972,0.9657637568275075,0.9423285629599947,0.9085571730300043,0.8633643575574973,0.838174076597501,0.8068786633125,0.785169604304999,0.7532219874199967,0.7142572697899986,0.6772991261925028,0.6250408722225027,0.5711789021150033,0.5225656306400016,0.47960577726249926,0.43936477307000027,0.4028051711850003,0.36619950248000144,0.32812500945250156,0.2951922230725012,0.2637701310874996,0.23421265210750147
2.5,7.5,1.0,1.0,1.0080718201375038,1.0138602950924958,0.9979522731599968,0.9843524860974974,0.9604948833825071,0.9351695181449956,0.9004150693000039,0.8539915883124984,0.8267982557050003,0.7950739967274997,0.7724104661624992,0.7425763303274973,0.7027686888849984,0.6654472493525028,0.6148377768775026,0.5615890835925033,0.5149213452375015,0.4742060511799993,0.43463909412500007,0.3980243637275002,0.36235996476000115,0.3232702973750014,0.29024327475750106,0.25939209616749975,0.23074756307250127
2.5,7.5,1.5,1.0,1.008012785800004,1.0136958602424957,0.9976626898524968,0.9838888569374973,0.9597849309025073,0.9339995407974961,0.899512523665004,0.8538364759099986,0.8261328780000003,0.7944854436499998,0.7715401890674992,0.7414256474399973,0.7015736269974984,0.6638345073400028,0.6134789909275026,0.5597428840775033,0.5121104588200016,0.4713280307799992,0.43143101007999995,0.39436609363750025,0.35828938513500125,0.3206490171025012,0.28738125814750093,0.25622198616749964,0.2282449143450012
2.5,7.5,2.0,1.0,1.0072981239275038,1.0124046103049964,0.9953890195774968,0.9803955667949977,0.9545100343575059,0.9282194716624979,0.8935370495450036,0.8473304166099997,0.8187588473800002,0.7879946192375005,0.7631862086249991,0.7298541341499976,0.6909056196374987,0.6551802243875031,0.6060448609825021,0.5526037069075028,0.5044509832325015,0.46247377779249965,0.4227620621049998,0.3876992867325004,0.3511448004050011,0.3142947779425004,0.28161392872250046,0.24946032698499931,0.22363426270500095
2.5,7.5,2.5,1.0,1.007458435780004,1.0123936379549965,0.9955679286274968,0.9811385053524976,0.9553643547400066,0.9289970210224985,0.8943648515600044,0.8482766794274997,0.8195027297800006,0.7894842050475006,0.7642273663099989,0.7308908262999978,0.6911241497274985,0.6557040192625035,0.6063238731250019,0.5532703456175028,0.5037626932275013,0.46170449486999937,0.4209955740674996,0.38605458845000035,0.3488460809425014,0.31067965064499986,0.27729840458750016,0.24482446141499903,0.2169692534800009
2.5,7.5,3.0,1.0,1.0074083972675039,1.0121350244099963,0.9951725218074968,0.9805919017649976,0.9551286121775066,0.9284999302899987,0.8933620199275043,0.8468781836399997,0.8178685420400004,0.7878914295200008,0.7623236422599992,0.7286354768574977,0.6876310956049986,0.6526313079000036,0.603540916640002,0.5506880119975028,0.5012185217625013,0.46000618182749925,0.41981473221749965,0.3840983553850003,0.3470936728150014,0.30902602620249975,0.27561581115500006,0.24300848864499902,0.21559931301000088
2.5,7.5,3.5,1.0,1.006480409622504,1.0100684484649962,0.9917243498249962,0.9756726507549978,0.9480151330500061,0.9206650530249985,0.8831665055150026,0.8374501401025001,0.807338926805,0.7751275128675013,0.7488240913299989,0.7163778711699984,0.6748364734074986,0.6404681986100033,0.5920482850800013,0.5397439017900024,0.4916228830450009,0.45160249184999934,0.4111066164975005,0.37360569919500064,0.33641621944250116,0.2990790362849996,0.2633584261625,0.23027799106999905,0.20259955535500074
2.5,7.5,4.0,1.0,1.0064447786750041,1.0099323950174963,0.991504914609996,0.9750701564649978,0.9467328413825057,0.9191992748524983,0.8814422878475026,0.835101086285,0.8039955707074999,0.7723407177100016,0.745536559934999,0.7123118567049985,0.672135695469999,0.6381680135925032,0.5899666071775013,0.5385117094775022,0.4906757737675009,0.45000607478999954,0.4096997218350005,0.37172971895000045,0.334906378625001,0.2978149927624996,0.26231698240500007,0.22974632394749903,0.2024135101950007
2.5,7.5,4.5,1.0,1.0062000778350044,1.0091250697049965,0.9905489864849961,0.9729334767224986,0.944493683612506,0.916313615522498,0.8774926971400033,0.8299118608224997,0.7987336685475002,0.7676176414200009,0.7404738845249987,0.7073176657449983,0.6660654033549994,0.6321128836200023,0.5846251953775008,0.5330206099975023,0.48544594872250096,0.44554562702499967,0.40498666722500043,0.3666964947950002,0.33024486074750087,0.2916537073049993,0.25638292475749996,0.22294597015999926,0.19681308398500044
2.5,7.5,5.0,1.0,1.0060194964350044,1.0086931183674965,0.9898784825124962,0.9716001378999988,0.942636169865006,0.9141897599549977,0.875342735975003,0.8290249248274998,0.7979106341175001,0.7666953929925008,0.7395034147699989,0.7056844592349983,0.6640033003474999,0.6297841673975022,0.5819848169900006,0.5297875977975022,0.4809269998150007,0.4388873819074995,0.3992455407400004,0.35998532705749986,0.3242661427575008,0.2849321035024991,0.2521378937174999,0.21798664067999918,0.19142928947000037
2.5,10.0,0.0,1.0,1.0029351088175034,1.0022993782274998,0.9790123333549973,0.9574448501899984,0.9265680532600017,0.8940168588324994,0.848934039067501,0.7945437137150035,0.7659530613349983,0.7262650461050018,0.706178669805001,0.6771039087399987,0.6424269204749966,0.6094363493325012,0.5611860241550017,0.5129829448075022,0.4694208686925002,0.4301370519550003,0.39266821175749955,0.35817194010000014,0.32614282884250023,0.2910158926374995,0.2623466695999994,0.2349436230824997,0.20792878547000057
2.5,10.0,0.5,1.0,1.0029351088175034,1.0022993782274998,0.9790123333549973,0.9574448501899984,0.9265680532600017,0.8940168588324994,0.848934039067501,0.7945437137150035,0.7659530613349983,0.7262650461050018,0.706178669805001,0.6771039087399987,0.6424269204749966,0.6094363493325012,0.5611860241550017,0.5129829448075022,0.4694208686925002,0.4301370519550003,0.39266821175749955,0.35817194010000014,0.32614282884250023,0.2910158926374995,0.2623466695999994,0.2349436230824997,0.20792878547000057
2.5,10.0,1.0,1.0,1.0025808949950026,1.0013715746975,0.9776095219624978,0.9551736064724978,0.9233837683900014,0.8886128005525004,0.842561224065001,0.7871038041000041,0.7565818613749978,0.7174948024150019,0.695638485020001,0.668443934049999,0.6332063669874963,0.6004012662200009,0.5530658382925016,0.5047062586800023,0.4636342044700003,0.4258464344975003,0.389445103619999,0.3553879525499999,0.32408092476250033,0.2891669869499994,0.26108637047499955,0.23407848533500009,0.20784492389250045
2.5,10.0,1.5,1.0,1.0025554348375028,1.0011441032675,0.9773339024224978,0.9549284990524979,0.9230114078425018,0.8878579500075007,0.8420890513100009,0.7867960195600042,0.7558282479174978,0.716768302315002,0.694821567115001,0.6675284162924991,0.6321703825949965,0.5990376904550011,0.5519113123050016,0.5031894104175022,0.4614306734675003,0.42398011960250026,0.387355678192499,0.35301262392250016,0.32116070594250046,0.2871806642274993,0.25881474368499946,0.23185112724749993,0.20588271576500045
2.5,10.0,2.0,1.0,1.0020540908450024,1.0002755686974998,0.9758361221999984,0.9532225374649974,0.9200970107325023,0.8848939882200024,0.8399665930800017,0.7857143932475047,0.7548591875099973,0.7162147787175028,0.6933785858875008,0.6638070490149999,0.6275954336774964,0.5959000608975014,0.5494703840075014,0.5011448968400023,0.4579406680150003,0.4194009181125001,0.38359042522749826,0.3506205880275002,0.3186417530800007,0.28500129188249884,0.2568818457624991,0.22878625650999967,0.2028167091375005
2.5,10.0,2.5,1.0,1.0025912026875035,1.0009466294049996,0.9771517310549974,0.9557387703499967,0.922312014097504,0.8873403278475038,0.8428373668675029,0.7880942868300044,0.7580899308049978,0.7204727493900032,0.6964685205875,0.6663711867949995,0.6300641143649962,0.5989960499425022,0.5521742366825015,0.5039396403750022,0.45803547740749984,0.41857891689749943,0.3817706243349984,0.3487414699850007,0.3162694873400016,0.28106284341249815,0.2522079713349988,0.22414669771499948,0.19728709857500068
2.5,10.0,3.0,1.0,1.0025489503875034,1.0007291470874993,0.9768287743024976,0.9553024640374965,0.9220748104075045,0.8867542353100042,0.8417608951025026,0.7868685309075037,0.7568723202749977,0.7193292758200032,0.6954091279599999,0.6647575878674994,0.6282531345599963,0.5972079614825023,0.5506545996050014,0.5021257224300022,0.4559970602524998,0.41729595268999936,0.3809960710399984,0.34714681938750075,0.3148273299300016,0.279745445944998,0.25068732849499875,0.22247926572499954,0.19591715810500063
2.5,10.0,3.5,1.0,1.0017796983500036,0.9993877175774992,0.9745337748199967,0.9516648815424971,0.9166564207550043,0.880790443620003,0.8325958302025006,0.7774380459775037,0.7452684190899983,0.7071306350500035,0.6829047398399999,0.6515829813725001,0.6162643761299973,0.5848421766775016,0.5391765372950004,0.4912121023325012,0.4469986953074993,0.4086585798749996,0.3712535789274996,0.33711692568500085,0.3049186998375011,0.27068996646999843,0.2401833164899991,0.21190444956999951,0.1850381230050003
2.5,10.0,4.0,1.0,1.0018279882900036,0.9994676301649993,0.9745432112549968,0.9514107181349971,0.9159720137875038,0.8802045839450028,0.8315959593725006,0.7760582265400034,0.743003699699998,0.7051494092950037,0.6804712036774998,0.64885777271,0.6144662997674973,0.5831788166650016,0.5378422941375003,0.49032307621750104,0.44614282122999926,0.4076690990974996,0.37024527763749954,0.33577848289750056,0.30396270842000095,0.2698430236374985,0.23951837611999927,0.21156793358499948,0.18496022629250025
2.5,10.0,4.5,1.0,1.0015029418225043,0.9984958924674991,0.9730144365949965,0.9485170869074987,0.9121852494625047,0.8761916387125016,0.8265922152050019,0.770928238245002,0.736693705047498,0.6990926502250021,0.6735646606925002,0.6409131137949993,0.6043810486949998,0.572556471265,0.5275075704449993,0.47990917522500076,0.43593199668499893,0.39818555514499976,0.3611935379174999,0.3269963136774993,0.29561373871750063,0.2613427189174982,0.23238535607249947,0.20395557236749934,0.17885732121249998
2.5,10.0,5.0,1.0,1.0013329517125042,0.997903253427499,0.9721640966849963,0.9468936126399992,0.9100689964325046,0.8736665964250014,0.8232625667800016,0.768348330390002,0.7337170083199979,0.6966901837025019,0.6699005124000004,0.6364489426624997,0.5996004080450006,0.5677142154074993,0.5227609166874989,0.47527089841000053,0.43167203940249876,0.3938031689674995,0.35685645466000016,0.3222147695749989,0.29144357505000057,0.25646475881749814,0.22820456480749957,0.20012989592999936,0.17441756546749987
2.5,12.5,0.0,1.0,1.0021697012225042,0.999884741179999,0.9747760405674974,0.9514820173725007,0.9183203218775019,0.8851929840524971,0.8410485465900003,0.7853497605900028,0.7564039396149985,0.7155148809375017,0.6957749919400008,0.6677962208174992,0.6330844806549972,0.6017564725025007,0.5547718255150013,0.5056064924225017,0.4618443584699999,0.42379390169250036,0.38616786127249975,0.35163059497749977,0.31901525872999964,0.2845713519124993,0.25535416883999923,0.2282780803724997,0.20170880176250033
2.5,12.5,0.5,1.0,1.0021697012225042,0.999884741179999,0.9747760405674974,0.9514820173725007,0.9183203218775019,0.8851929840524971,0.8410485465900003,0.7853497605900028,0.7564039396149985,0.7155148809375017,0.6957749919400008,0.6677962208174992,0.6330844806549972,0.6017564725025007,0.5547718255150013,0.5056064924225017,0.4618443584699999,0.42379390169250036,0.38616786127249975,0.35163059497749977,0.31901525872999964,0.2845713519124993,0.25535416883999923,0.2282780803724997,0.20170880176250033
2.5,12.5,1.0,1.0,1.0018214500900033,0.9988095775349993,0.973310167929998,0.9487834042250006,0.9147244455450013,0.8793003744049978,0.8339417560949998,0.7781809312775035,0.7468399225949982,0.7061842435275021,0.6847214036750009,0.6590349400575,0.6240667826424972,0.5931732625550002,0.5471643701500011,0.4979665381550018,0.4564701017875001,0.4196776321175005,0.3829601748549992,0.3489768134374994,0.3173754014624997,0.28326339092249936,0.25492456506749944,0.2276582819825001,0.20216993123750016
2.5,12.5,1.5,1.0,1.0017959899325035,0.9985821061049992,0.973034548389998,0.9485382968050006,0.9145310056200018,0.8787593837374981,0.8334695833399998,0.7778731467375036,0.7459759894799981,0.7053392439650024,0.6837849506975009,0.6578113787975001,0.6229659142974973,0.5921481234450003,0.546321458642501,0.49684173761000167,0.45522911438,0.4185622201925003,0.38180850400499944,0.3477190490749997,0.31589430395999996,0.2821158622249991,0.2536295709174994,0.22636164482249987,0.2008052534300002
2.5,12.5,2.0,1.0,1.0013397554525032,0.9979546441399989,0.9718590874399982,0.9471876548350003,0.9122638471625018,0.8762555619949991,0.8322438269525001,0.777350514892504,0.7452415196474977,0.7051325981050031,0.6829111016525008,0.6552260851525007,0.6202233092324972,0.5896590993800003,0.5447340791775008,0.4960668475350017,0.45329887750500014,0.4156941918775001,0.3796072403749989,0.34611143996499955,0.31442896069750026,0.2803966655799988,0.2522560432649992,0.22418216871499966,0.19865104479000015
2.5,12.5,2.5,1.0,1.001819690507504,0.9985614594599987,0.9731447481949974,0.9496123085375,0.9141359361800034,0.8781993783875004,0.8347552654450014,0.7793177883925031,0.7482967058899979,0.7086986606900035,0.6849989959449997,0.6569369004350004,0.6219365921199972,0.5919287721725012,0.5465157438100008,0.4981034403375014,0.45322953223499957,0.4146881372174995,0.37785600585749896,0.3445309720600001,0.3122200631600011,0.2771205633949981,0.2485035579899989,0.22052200164499947,0.1944040103500004
2.5,12.5,3.0,1.0,1.0018018906300041,0.9983412481624988,0.9728529928699973,0.9494842687524999,0.9142522141325037,0.8779078789725006,0.8339175365525011,0.7782376474125027,0.7472167755049981,0.7076130825725034,0.6841122740124994,0.6555842014400004,0.6205389534524974,0.5902828507100014,0.5449923146850006,0.4964952067625014,0.45150274925999945,0.4134049280074994,0.377205730159999,0.3434636395650001,0.3110391891825011,0.276036322492498,0.2473040845974989,0.21921702149499953,0.19349825327250036
2.5,12.5,3.5,1.0,1.0013341729700045,0.9978953054224984,0.9715234350649947,0.9470135758900021,0.9103970372500052,0.872817982972499,0.8263661549000002,0.7701530999950005,0.7370829878849993,0.6966615965225036,0.6739074128375,0.643861639805001,0.6114525348774991,0.5807147663025007,0.5355578804399994,0.48730821772500027,0.4440656636624988,0.40613274000749944,0.36927819639250026,0.33509512013499965,0.30231042676250053,0.26817394505749825,0.23809603693249934,0.2104500678349995,0.1838915097975
2.5,12.5,4.0,1.0,1.0013988864875047,0.9980058184449985,0.9715328714999949,0.946812242102502,0.9098904438950046,0.8724260151249988,0.8254352722525005,0.7688979917825003,0.7349805466799991,0.6949194013550037,0.6719437866500002,0.6416078766700007,0.6101133041674991,0.5794362329650007,0.5342902800649995,0.4865494157900002,0.44340236805999866,0.4052724343149995,0.36833512856250017,0.3338225800349994,0.3013544353450004,0.26732700222499833,0.23743109656249944,0.2101135518499995,0.18381361308499997
2.5,12.5,4.5,1.0,1.0011395343300054,0.9972950224949981,0.9704895235249945,0.9445814741700037,0.9069008698600048,0.8694177476224975,0.8218583229850005,0.7657412221875001,0.7307618937249991,0.6909110712800033,0.6673296800000008,0.6357890096300012,0.6021450617325007,0.57085746626,0.5252740300124986,0.4773370691974993,0.43452908595749795,0.39670275672249944,0.36054200588000074,0.3264531055374985,0.2942911629974999,0.25999983810999816,0.23136941548999967,0.20385818720749932,0.1786069175949996
2.5,12.5,5.0,1.0,1.0010271618925053,0.996878249489998,0.9698695483024943,0.9433186075375043,0.9053207579400049,0.8673991751024972,0.8190495675150001,0.763259564065,0.7279674234999992,0.6886234635075031,0.6638152423825009,0.6315838749925018,0.5976629944725016,0.5662817307649994,0.5214236630524983,0.47336063317249893,0.4308988473749977,0.3928182470449992,0.3567182559600009,0.3220864297799981,0.29042616663749976,0.25568167001249803,0.22740471436249973,0.19991158073249934,0.17429726414499946
2.5,15.0,0.0,1.0,0.9970831675275005,0.9908860468874992,0.9628928955175017,0.9377780904549986,0.903306074037499,0.8698729220949966,0.82551190223,0.7710178139375035,0.7388688631599974,0.6988611151575015,0.6773701022525022,0.6497569611175003,0.615480958877497,0.5832157423199993,0.5376778704125008,0.49288278376750183,0.44959189159250024,0.4113202227000003,0.3763228496074994,0.34602594007249904,0.31385080269749926,0.28115685011999975,0.2514683094499995,0.22486539485749968,0.19804922772500022
2.5,15.0,0.5,1.0,0.9970831675275005,0.9908860468874992,0.9628928955175017,0.9377780904549986,0.903306074037499,0.8698729220949966,0.82551190223,0.7710178139375035,0.7388688631599974,0.6988611151575015,0.6773701022525022,0.6497569611175003,0.615480958877497,0.5832157423199993,0.5376778704125008,0.49288278376750183,0.44959189159250024,0.4113202227000003,0.3763228496074994,0.34602594007249904,0.31385080269749926,0.28115685011999975,0.2514683094499995,0.22486539485749968,0.19804922772500022
2.5,15.0,1.0,1.0,0.9970031980074994,0.9905197184499994,0.9621329078650028,0.9363001486124979,0.9010974018024983,0.8658176663674969,0.8193815000399995,0.7651888865925042,0.731197467842497,0.6908034060550017,0.6696827142600025,0.6429018459200013,0.6094446494124971,0.5786589072249985,0.5337413949225007,0.4875303397950022,0.4454554811250005,0.4085055045275006,0.3742444947424989,0.34380454731999877,0.31310670886499914,0.2803597210924999,0.25163629151249983,0.22500303002250013,0.19877969285249983
2.5,15.0,1.5,1.0,0.9969620793799993,0.9903062662799994,0.9618905272850027,0.9360151031174979,0.9008647171574985,0.8652436105399972,0.8188845112149995,0.7648812129000043,0.7303596648249971,0.6899128043100019,0.6687832673700024,0.6418385314975013,0.6083113264224971,0.5776676931349985,0.5329377381100007,0.48637837606750217,0.44399244938250043,0.40718313538000045,0.3726614255049991,0.34213672234499887,0.31145381266749933,0.27914052251749966,0.2502029128324998,0.223329571775,0.19721626459749986
2.5,15.0,2.0,1.0,0.996813730904999,0.9902151078649999,0.9617425373500033,0.9356806702074967,0.8997142303549984,0.863367861917498,0.8174121706074997,0.7633614936575043,0.7295995366699972,0.6898722861500022,0.667917534102502,0.6388577313475007,0.605014259809997,0.5752386684874983,0.5308716591225004,0.48446376701500243,0.44210440863000044,0.40471802899250015,0.37101374435249895,0.33962843547999866,0.30910778945999956,0.27647782111499963,0.2480110176324998,0.22070812193749995,0.19465156939999964
2.5,15.0,2.5,1.0,0.9963170087975008,0.9889473491449994,0.9600987257250025,0.9347411275799957,0.8978403801800002,0.8614262845950001,0.8158337072200009,0.7615593816625028,0.7280349241424977,0.6870664750175021,0.6649885401650009,0.635253673037499,0.6031360141749968,0.572853844272499,0.5286510926600002,0.48277375469500206,0.4394925903924997,0.40037841063749946,0.36688502362249925,0.33348506197249933,0.30298289280250057,0.26961111525749903,0.24035179939999962,0.21319797950249977,0.18470423149749984
2.5,15.0,3.0,1.0,0.9965464042350011,0.9891467062024993,0.9601535105525026,0.9352103381474958,0.8982350867500003,0.8614905718275004,0.815738072360001,0.7610341957750023,0.7268281158149977,0.685899063285002,0.6639786195600007,0.6340084863574986,0.6022140576349969,0.5720405579824992,0.5278152900975001,0.48177791463000197,0.43842595508999965,0.39984856667749946,0.3667684926599992,0.33239137793499923,0.30158738535750057,0.26839229587499897,0.23901718880749961,0.21176489585249983,0.18389239859249978
2.5,15.0,3.5,1.0,0.9964866716075018,0.9893605707799991,0.9600537850125004,0.9339558171349974,0.8955965876700018,0.8588553006724995,0.8124301719250008,0.7566744423125006,0.7216054635324989,0.6802915265475019,0.660446500382501,0.6280419370199988,0.5979603965974981,0.567105972807499,0.5228702545349995,0.4764935479050012,0.433959566457499,0.3965295258699995,0.3626429815299999,0.32812976390749893,0.2972523775175004,0.2639089054599988,0.23358677372999959,0.2062181954199997,0.17821106321999966
2.5,15.0,4.0,1.0,0.9966414888475019,0.9897498381474992,0.9603327705325004,0.9340981482449974,0.8953806630350013,0.8588133093199992,0.812313423785001,0.7560208064950005,0.7203665827199985,0.6796082397125021,0.6592371940275011,0.6265822533374987,0.5979279381474981,0.5665752242624991,0.5223452806424994,0.4762978603225011,0.43369836320249894,0.3962671082499994,0.36203079350249984,0.3273645083374987,0.2968090825900002,0.26354614130999887,0.23314965521249967,0.20602719025749963,0.17813514686499965
2.5,15.0,4.5,1.0,0.9961713658225021,0.9884818966549996,0.9575071372974985,0.9301506594124986,0.8900724042875009,0.8527289191699979,0.8053762222625005,0.7500632396050002,0.7130870555549985,0.673844050812502,0.6525681892300009,0.6199108812874995,0.5890094205874992,0.5565329063849996,0.5124944126349993,0.46494978705499995,0.4230329241824984,0.3865116490824995,0.3532037609725003,0.320222589924998,0.2890536823749997,0.25567582891749885,0.22675068516249997,0.19975905130749935,0.1727231654599995
2.5,15.0,5.0,1.0,0.9960749650250019,0.9880231942224994,0.9567118299999982,0.9280898217149993,0.8875379666300011,0.8495035790924977,0.8005450342600001,0.7450397196675005,0.7081767202074988,0.6687351776575017,0.6466077062700011,0.6135198111900003,0.58256553197,0.5502038917074992,0.507196086192499,0.46082027335499975,0.4200382697224982,0.3827814605999994,0.3486037169775006,0.31551641629249794,0.28510151052499977,0.25169609847499863,0.2227288017575,0.19562142406999927,0.1686713476424994
2.5,17.5,0.0,1.0,0.9962576581200004,0.989352918409999,0.9605789475675016,0.9349038854449989,0.900196451652499,0.8670042686324961,0.8217013076849997,0.7675046492825031,0.7354778006424975,0.6961444927400016,0.6736025350350024,0.6460635479675005,0.611972880254997,0.5787575919774993,0.5338389121550008,0.49008624336250173,0.4462761594675002,0.4075420190225003,0.37351789074999936,0.344264352404999,0.3120006257224992,0.27917022648749973,0.2487786774799994,0.2225957531549997,0.19611972128250016
2.5,17.5,0.5,1.0,0.9962576581200004,0.989352918409999,0.9605789475675016,0.9349038854449989,0.900196451652499,0.8670042686324961,0.8217013076849997,0.7675046492825031,0.7354778006424975,0.6961444927400016,0.6736025350350024,0.6460635479675005,0.611972880254997,0.5787575919774993,0.5338389121550008,0.49008624336250173,0.4462761594675002,0.4075420190225003,0.37351789074999936,0.344264352404999,0.3120006257224992,0.27917022648749973,0.2487786774799994,0.2225957531549997,0.19611972128250016
2.5,17.5,1.0,1.0,0.9962445091499993,0.9891200982174995,0.9600166700425027,0.9336859230474982,0.8984233555999982,0.8632232064249966,0.8161562067324992,0.762333189060004,0.7283338542124972,0.6886588305600015,0.6664742335075026,0.6400599759550015,0.606762973474997,0.5749973958974985,0.5306486069025008,0.4854297442025021,0.4431828354125005,0.4054964975825006,0.3722961165799989,0.34265745694249866,0.3117857211224991,0.2792914618325,0.24980936277999988,0.22351095604500013,0.19731906083749984
2.5,17.5,1.5,1.0,0.9962033905224993,0.9889066460474994,0.9597742894625028,0.9334008775524985,0.8981906709549986,0.8626491505974969,0.8156592179074993,0.7620255153675041,0.7274960511949972,0.687768228815002,0.6655747866175026,0.6389966615325015,0.6056296504849971,0.5740061818074986,0.5298449500900007,0.48408106237250204,0.4415408301425005,0.4040107527825005,0.3703237463799991,0.3403975459774987,0.30946627598999926,0.27750014674249984,0.24810325855499982,0.22151643426749998,0.19551450305749982
2.5,17.5,2.0,1.0,0.9960304330424989,0.9887208048024998,0.9595044954050032,0.9329373740849972,0.8969045241474984,0.8607117610499979,0.8138831817574996,0.759933148780004,0.7266933136949971,0.687557076137502,0.664513053535002,0.6355279741225008,0.6018616240499971,0.5712810714149983,0.5275427250400005,0.4819825778600023,0.43944222816500045,0.40206308939500035,0.36854446770499905,0.3381360627224986,0.3072761906374995,0.27498940560749974,0.2461145413174999,0.21949589407249995,0.19339072906249963
2.5,17.5,2.5,1.0,0.9955091019300008,0.9873789938699992,0.9577610106675025,0.9318790613374963,0.8947675026975002,0.8584941565674998,0.8120244800400009,0.7578810690800024,0.7250089652549977,0.6846388224000021,0.6614695653175011,0.6316918763624991,0.5997495066999968,0.568662025964999,0.5250974758725002,0.480077420595002,0.43662050682749975,0.39753184243749956,0.3644157469749994,0.33192330170999923,0.30106225884500043,0.26809185181249917,0.23845532308499973,0.2120663481424998,0.1832337813174998
2.5,17.5,3.0,1.0,0.9957384973675009,0.9875235672474991,0.9578002398800025,0.9320566113574958,0.89462387509,0.8580145213250002,0.8114110587525007,0.7570285682425021,0.7235959271024979,0.6832431146125019,0.6602513727450006,0.6301522547524986,0.5981429391599968,0.5674625807749992,0.5238793494350003,0.47831761320000205,0.4348228255549996,0.3961686779499996,0.3636942463674993,0.33012832624999916,0.2994382840525004,0.26678246364999914,0.23721428796499971,0.21061228425249987,0.18251690192249975
2.5,17.5,3.5,1.0,0.9956076189875016,0.987620066889999,0.9573613931400005,0.9303700469024971,0.8914127386225015,0.8547698595024994,0.8069769058350008,0.7514930635475003,0.7168083259949987,0.6759311079400018,0.6546343197950005,0.6229029581724987,0.5929075693749978,0.5612643355599992,0.5172249768724998,0.47150005866000133,0.4290360666549992,0.3913666082774995,0.35694397073749984,0.3231633435699993,0.29144149426500027,0.2584910801474993,0.22800501580999982,0.20110033351999979,0.17380799522999976
2.5,17.5,4.0,1.0,0.9957624362275016,0.9880093342574991,0.9576403786600004,0.9305123780124973,0.8911968139875008,0.8544980299699992,0.8066358542025008,0.7505959901500003,0.7152937231199985,0.674961301617502,0.6531428829300008,0.6214432744899985,0.5928751109249978,0.5607335870149993,0.5167000029799997,0.4711076529750013,0.4285958898724992,0.3907774393524994,0.35618301358999976,0.32226315078249906,0.2908765926550001,0.25812831599749936,0.2277689378074999,0.20108982561499975,0.17389299523999974
2.5,17.5,4.5,1.0,0.995275836902502,0.9865333475124994,0.9545207112174985,0.926193997817498,0.8856005977325005,0.8480204872899981,0.7996120580475005,0.7446187934650003,0.7080408383349986,0.6689489166150018,0.6462700164300008,0.6149338193024994,0.5838721847274989,0.5509223550099999,0.5070722755249996,0.4598806044725001,0.4177647371424987,0.38064426265749957,0.34705403055500006,0.3143600027149984,0.2826135610849995,0.24992548032499942,0.22129643307000035,0.19415014695249938,0.16801762702749964
2.5,17.5,5.0,1.0,0.9950841585500018,0.9858421269899993,0.9531416938824983,0.9229102782674989,0.8815411036950003,0.8430500973674977,0.7932872879175001,0.7381805769375004,0.7020103764699986,0.6626717059800016,0.6388483643500005,0.6072263102650001,0.5755264853374996,0.5427134037924993,0.4989830622924996,0.4528723898099999,0.4113548833099985,0.37356091048249934,0.33989712605750017,0.30728447570749845,0.2768537053649996,0.2440856717049995,0.21601635014750023,0.1892629153674993,0.1635655705749997
2.5,20.0,0.0,1.0,0.9910668961675029,0.9777937940799987,0.9450874549525003,0.9155113651825012,0.8754210876374995,0.834733513907495,0.7854164081349992,0.7245698061550014,0.6859598730524987,0.6420165196800001,0.6240667774550024,0.6006735030600026,0.5698879833874961,0.5391402333725,0.4976236026425014,0.4577934180775005,0.4191283415425001,0.38799719080500006,0.35770599273499926,0.329993632537499,0.30088914870749967,0.2700915621124998,0.24152202491749936,0.2173398951399994,0.19318034071750023
2.5,20.0,0.5,1.0,0.9910668961675029,0.9777937940799987,0.9450874549525003,0.9155113651825012,0.8754210876374995,0.834733513907495,0.7854164081349992,0.7245698061550014,0.6859598730524987,0.6420165196800001,0.6240667774550024,0.6006735030600026,0.5698879833874961,0.5391402333725,0.4976236026425014,0.4577934180775005,0.4191283415425001,0.38799719080500006,0.35770599273499926,0.329993632537499,0.30088914870749967,0.2700915621124998,0.24152202491749936,0.2173398951399994,0.19318034071750023
2.5,20.0,1.0,1.0,0.991251090937502,0.9783127870224991,0.9456336467100008,0.9155992805425006,0.8755437594574991,0.8346425333999951,0.7836602388474989,0.7238323892675019,0.6856961514224986,0.6409447923625003,0.6241455689075026,0.5998952410350026,0.5709986345249962,0.5412394304499997,0.4995130633275013,0.4583552302175009,0.41899178690000033,0.38760957297250015,0.3577733015124989,0.3305195222424988,0.3015884970949994,0.27126486073250006,0.24341523817499985,0.21827333571249988,0.1942128952449998
2.5,20.0,1.5,1.0,0.991173650252502,0.9781520926199991,0.9454831393100009,0.9154810126400005,0.8752138674399991,0.8342130211874952,0.783542272942499,0.723998165175002,0.6855148172424985,0.6407926891500004,0.6238690314900026,0.5993923918275026,0.5700251382224962,0.5401599488949997,0.49848658652500133,0.4571201747825009,0.4174593383850004,0.38607682003750016,0.355187328672499,0.327516859412499,0.29859104156749955,0.2686200880975001,0.24131909712249985,0.21559246733999968,0.19172451046499975
2.5,20.0,2.0,1.0,0.9910107878175018,0.9781107965124995,0.9452828444100012,0.9151283033074994,0.874422364549999,0.8323843720574957,0.7810000968799988,0.7220900347200021,0.6840806825074989,0.6403211563050003,0.6219037002000019,0.5962415710750016,0.5667174909599965,0.5378296883049994,0.49619970118000134,0.45528561668250106,0.4151379010950004,0.383929615635,0.3532927753824991,0.324913360717499,0.2956485547349995,0.2657402446225002,0.23834865647000011,0.21284834479999978,0.18927175819749967
2.5,20.0,2.5,1.0,0.9905162697100032,0.9767923943074992,0.943243214890001,0.9132394121799986,0.8714801015950003,0.8294367954899973,0.7778255935874999,0.7193518076725012,0.6814996612199993,0.6369067331399999,0.617893323000001,0.5920721374125005,0.5635012749974964,0.533854412585,0.4927127979525014,0.45239042925250095,0.41213679524,0.3792224616024995,0.3488844909099992,0.3182961147424999,0.2881284499850002,0.25733678441749985,0.22987987420999997,0.20477469886499974,0.17814656957999989
2.5,20.0,3.0,1.0,0.9905439637775031,0.9763110505024997,0.9422966519550006,0.9097947192099964,0.8657007227999984,0.8212059986724983,0.7683336903349998,0.7078595710950004,0.6673303718374997,0.6220166332549999,0.6028175927524986,0.5755001992874991,0.547602411244997,0.52028343092,0.4806764388000012,0.44044402980500175,0.4011830628200005,0.3708753265299996,0.34133171111749916,0.3113663662474998,0.28231490824999994,0.25305058332750013,0.22648940768000014,0.20211330858999982,0.17652472487749984
2.5,20.0,3.5,1.0,0.9903039923775033,0.9760272159649998,0.9416344507849996,0.9082112240749969,0.862845578217499,0.8184795011099979,0.7652973507024998,0.7039280993525,0.6620759699725001,0.6162876057699997,0.5978915580024987,0.570032706652499,0.5425463944749973,0.5144695691425,0.4747284641300009,0.4350329980750015,0.3958513818450003,0.36574361139499956,0.33359544052749923,0.3037711448599999,0.27322345584249974,0.2437553031000006,0.21533488208500032,0.19070066391499949,0.16645414455500002
2.5,20.0,4.0,1.0,0.9904682769950034,0.9765084772924999,0.9420665155924998,0.9084917520399969,0.8628094564749985,0.818002864187498,0.7645515896575,0.7023866302275001,0.660320884045,0.6143650857424997,0.5957043794999989,0.5683447786974989,0.5420231129924974,0.5136551655550001,0.47395718120750097,0.43457392150500146,0.39503126054250015,0.3649581111149995,0.33268323891749924,0.3028560058574996,0.27261291063249954,0.24336750129000065,0.21507299934250038,0.19066156479249943,0.16653914456500005
2.5,20.0,4.5,1.0,0.9900479453350036,0.9751918214675004,0.9389823530499979,0.9046071946174973,0.8577135991649978,0.8115804398049972,0.7578737949624997,0.6958351456025003,0.6536457072174997,0.6083919922049997,0.5896477963374986,0.5624691980599993,0.5349275189999977,0.5062646824375006,0.4671067956625011,0.426611012802501,0.3872300141400002,0.3572531349049995,0.3256110642974992,0.29660119896249926,0.26569935930999916,0.23648621929750085,0.20869394269000063,0.18338973528249902,0.1600672078075003
2.5,20.0,5.0,1.0,0.9898194311850034,0.9744392420975003,0.9374688078049976,0.901122764182498,0.8532086464074975,0.8061713479524968,0.7507902923199992,0.6896314328275003,0.6481170509974997,0.6028206618199996,0.5828115794699985,0.5549669827574997,0.526073906689998,0.4972837212725005,0.45788961722000115,0.4178810605925009,0.3789981603550005,0.3490208466574998,0.3167905758324993,0.28804878059499933,0.2587446859424993,0.22791900745250093,0.20080073034000062,0.17608087018499893,0.15343583408000042
2.5,22.5,0.0,1.0,0.9877341568600043,0.9713648371749973,0.934954996567497,0.901980991800004,0.8597311910275016,0.8165228149724938,0.7643634458049984,0.7043625371325006,0.6636321454674987,0.617850577857499,0.6013210946275032,0.5791724070025032,0.5504713443774958,0.5215156186425012,0.4812564991625017,0.4418681701124993,0.40302457286,0.37134241776999927,0.34394225883499935,0.317482749805,0.2898271563950004,0.2622291274924994,0.23692572627999905,0.2126890739224991,0.1899376499250005
2.5,22.5,0.5,1.0,0.9877341568600043,0.9713648371749973,0.934954996567497,0.901980991800004,0.8597311910275016,0.8165228149724938,0.7643634458049984,0.7043625371325006,0.6636321454674987,0.617850577857499,0.6013210946275032,0.5791724070025032,0.5504713443774958,0.5215156186425012,0.4812564991625017,0.4418681701124993,0.40302457286,0.37134241776999927,0.34394225883499935,0.317482749805,0.2898271563950004,0.2622291274924994,0.23692572627999905,0.2126890739224991,0.1899376499250005
2.5,22.5,1.0,1.0,0.9881230269425039,0.9721770102249977,0.9358812130674973,0.9030762332650035,0.8609491644550014,0.8183415637824938,0.7653073530224984,0.7058668944550008,0.6656177770899987,0.619547417252499,0.6037539100850031,0.580028135012503,0.5534147158599959,0.525050107935001,0.48448749806750163,0.4438084499574997,0.40426464260250017,0.3722712527899994,0.3448988423874993,0.31814619635249985,0.2907915577325002,0.26350174068749976,0.23819046983249956,0.2135990285524995,0.1905880329
2.5,22.5,1.5,1.0,0.9881002370325039,0.9721245757974977,0.9358096370274973,0.9030116346875035,0.8608124990500013,0.8181408288374938,0.7653452908074984,0.7060326703625008,0.6656314603674987,0.619395314039999,0.6035280569950031,0.5797165213075031,0.5528011881524959,0.524597625857501,0.48388966256250165,0.4429968364674997,0.4033578681600001,0.37141703771499945,0.3432515443924993,0.3159560625749999,0.2887766685725002,0.26164725736749983,0.23608020655499956,0.21121903015499943,0.1881771414575
2.5,22.5,2.0,1.0,0.9881121683125039,0.972151177622498,0.9358394010749977,0.9029407203200022,0.8603369944475011,0.8166812586274943,0.7634920309349984,0.7038619431650008,0.6640574435299992,0.618802493539999,0.6014258421275025,0.5764131077200022,0.5497185013974961,0.5220971554475009,0.48145175098000165,0.44127435619249994,0.40141178975500014,0.36939043486999945,0.3414686031399994,0.3133161709524998,0.2861471745000001,0.2588506171424999,0.23307082130749981,0.20850852599999947,0.1856769615199999
2.5,22.5,2.5,1.0,0.9876134120975045,0.9711121968024977,0.9339840426224976,0.9014740964400018,0.8577341842625014,0.8143519252499952,0.7613995703349992,0.7019524274125004,0.6620232104374992,0.6174646308824987,0.5985612144250022,0.5727586014900019,0.5466815847249962,0.5181411145250009,0.47862119907500156,0.43900648893750016,0.39940140129249996,0.36611953100999917,0.33765771753249946,0.30822878302249995,0.2802810505150003,0.25224070598749987,0.22497275851249982,0.20065915783249955,0.17502234467250014
2.5,22.5,3.0,1.0,0.9875233204600045,0.9699829581399984,0.931443668054997,0.8957446618699979,0.849737962964999,0.8036480846824968,0.7484082696399984,0.6850345211299995,0.6413091438625003,0.5956436388149987,0.5770561837099986,0.5511400960774995,0.5255350616224972,0.49941867759000047,0.4616844213550014,0.42199010081000166,0.3839963633875009,0.35332868574749954,0.3264940838599994,0.29829408104249966,0.2710245368474997,0.2452428629225005,0.21977167148250007,0.19695175051499952,0.1722391854775
2.5,22.5,3.5,1.0,0.9872124793250046,0.9694798385949984,0.9305894382924969,0.8942504315799978,0.8474994136474991,0.8012819210924966,0.7455510633674985,0.6816145090049995,0.6371942704100004,0.5911941584049987,0.5724241312599984,0.5470740031249993,0.5205086784249974,0.4944518330550005,0.45609698580250124,0.41678571126750164,0.37930344274000094,0.3489624436749995,0.31961160937999933,0.29145217838499976,0.2631674641099994,0.23582704479000088,0.20882511838000034,0.1857928395499993,0.1623218290025002
2.5,22.5,4.0,1.0,0.9873540379775047,0.9698846626624986,0.931011020969997,0.8947294105349977,0.8476698373674989,0.8006691825924968,0.7448018161099986,0.6805267618524996,0.6348222672025003,0.5884076261174986,0.5696178132849983,0.5445311034924992,0.5186887180524973,0.4925225135850006,0.4544840378800013,0.4159252841075017,0.3782136940150009,0.34756518616499954,0.31836564587999927,0.28995261907749964,0.2619711936099994,0.2348935799700009,0.20813766707750037,0.1853606842099993,0.16199520207750023
2.5,22.5,4.5,1.0,0.9870479447850046,0.9686869225999992,0.9283942103949956,0.8914536212649975,0.8432028247424981,0.7951049075724964,0.7390755097074988,0.6747879118474998,0.6294626285975002,0.5832245084524987,0.5645159592249978,0.5393642947149992,0.5134513303574973,0.4871109694900008,0.4496761170300014,0.4103746810900015,0.3726777570225011,0.34257447613249986,0.3136097574474989,0.28521585088749957,0.25640256235499914,0.22922062286500114,0.20297942033500052,0.1788356778299988,0.15623267951000044
2.5,22.5,5.0,1.0,0.9868291754125046,0.9679956638574992,0.9269933222624954,0.8880556429699981,0.8387307177274979,0.7897416398624963,0.7325482658074987,0.6691560047225003,0.6250748821150004,0.5782325052099986,0.5591565276974975,0.5331677147924992,0.5060607406849974,0.47877856338250085,0.4408819892200014,0.4022304232650013,0.3653227984575013,0.33499166011000026,0.3054858349249991,0.2773055562949995,0.25032042909749924,0.22123849621250116,0.19587735656750052,0.17212033945749866,0.14962337577250057
2.5,25.0,0.0,1.0,0.988592074235005,0.973287919182495,0.937629083087497,0.9042553531625039,0.8623206829675021,0.8191882697774937,0.7679334662924986,0.7076380474275007,0.6665049172149985,0.620436462494999,0.6042412787400036,0.5811843683225031,0.5520490460824957,0.5237313963100011,0.48354615791250155,0.44350548512249943,0.40499686325750006,0.3726561156749994,0.3450245540399994,0.31856596338,0.2905566562325005,0.26268883912499935,0.23753244225999903,0.2130871443974991,0.19025599537500043
2.5,25.0,0.5,1.0,0.988592074235005,0.973287919182495,0.937629083087497,0.9042553531625039,0.8623206829675021,0.8191882697774937,0.7679334662924986,0.7076380474275007,0.6665049172149985,0.620436462494999,0.6042412787400036,0.5811843683225031,0.5520490460824957,0.5237313963100011,0.48354615791250155,0.44350548512249943,0.40499686325750006,0.3726561156749994,0.3450245540399994,0.31856596338,0.2905566562325005,0.26268883912499935,0.23753244225999903,0.2130871443974991,0.19025599537500043
2.5,25.0,1.0,1.0,0.9889809443175045,0.9741000922324955,0.9385552995874973,0.9053505946275034,0.8635386563950018,0.8210070185874939,0.7686995831749986,0.709142404750001,0.6684905488374985,0.622133301889999,0.6066740941975034,0.582161411462503,0.5549924175649958,0.527285507390001,0.4867983569050015,0.4454688926374997,0.4062622374850001,0.37361320364499945,0.34598113759249927,0.3192635510199998,0.2915576818725003,0.26404027597499974,0.2389736507774995,0.21421224562749944,0.1910841903999999
2.5,25.0,1.5,1.0,0.9889809443175045,0.9740476578049955,0.9384837235474973,0.9053156995150035,0.8634332818050018,0.8208663996424939,0.7687650182874985,0.709308180657501,0.6685042321149984,0.6219811986774991,0.6064482411075035,0.581849797757503,0.5543788898574958,0.526833025312501,0.48620052140000153,0.44468040681749976,0.40538076752750013,0.37278724151999953,0.3443963431474993,0.31733674661249983,0.28968928992250026,0.2622646163099998,0.23694608712499957,0.2120547464699994,0.18876220498249988
2.5,25.0,2.0,1.0,0.9889928755975045,0.9740742596299958,0.9385134875949978,0.9052447851475022,0.8629577772025017,0.8194393483299943,0.7669392557424985,0.7072942987750008,0.6670402679549988,0.6214720211099991,0.6043603922350028,0.5787826398025021,0.551548054637496,0.5244780506875009,0.4839060451350015,0.44298797132500006,0.4034988932225002,0.3707888916249995,0.3426446536699994,0.3147309960824997,0.28720629306000023,0.25966503522249995,0.23435550070999983,0.20967724029999935,0.1864398370949998
2.5,25.0,2.5,1.0,0.9885283042475053,0.9730352788099955,0.9366841063274977,0.9037781612675017,0.8604175486475019,0.8171100149524952,0.7648467951424992,0.7053847830225004,0.665006034862499,0.6201341584524989,0.6014957645325024,0.5751281335725017,0.5485111379649961,0.5205220097650008,0.4810966933175014,0.4407201040700003,0.40153911373000006,0.36763099956499934,0.3389900269374994,0.30981431361499984,0.28159653919250033,0.2532915950325,0.2264641869774998,0.20212907737249947,0.17605193832250005
2.5,25.0,3.0,1.0,0.988438212610005,0.9716285503749965,0.9334932759649968,0.8985459503174971,0.8531613816500001,0.8073204339124973,0.752526738247499,0.6887048558049992,0.6446311114350007,0.598476304207499,0.5800972901474984,0.5544721016624989,0.5280349774924973,0.5023248895450005,0.46452630608250106,0.42402876983250204,0.3864531294125011,0.3551388052399996,0.3281520381224993,0.3001267552924994,0.27260077161999974,0.2463604504400006,0.22128409081750008,0.19836312262999944,0.1732511076399999
2.5,25.0,3.5,1.0,0.9881615563400051,0.9711452851824967,0.9326910005724968,0.8971111269574971,0.8509854139625003,0.8050143863224971,0.7497245266299991,0.6853835282074994,0.6407145206575008,0.5942984493074989,0.5756733896124983,0.5504307626299987,0.5230587141849974,0.4976380054350006,0.459217516945001,0.4191035559350019,0.3819514047675011,0.3509763755174996,0.3214258225174993,0.29348969918999945,0.2650366933024994,0.237614633375001,0.21120050299750037,0.1880965908099992,0.16407282447250016
2.5,25.0,4.0,1.0,0.9883031149925051,0.9715501092499969,0.9331125832499968,0.8975901059124969,0.8511558376825,0.8044317058224973,0.7489752793724993,0.6843124812399995,0.638362025235001,0.5915155122749989,0.5728814376324982,0.5479002399574986,0.5212554604424975,0.4957086859650006,0.4576045690225011,0.41824312877500197,0.3809784985875011,0.3495791180074995,0.3201798590174992,0.29199013988249933,0.2638404228024994,0.23668116855500101,0.21051305169500037,0.18766443546999917,0.16374619754750014
2.5,25.0,4.5,1.0,0.9881692141100052,0.9706126548274969,0.9310399757049954,0.8948163189974965,0.8472251293399993,0.7992743583599972,0.7437390514849993,0.6790456837624995,0.6332810646875008,0.586626688162499,0.5680267668874976,0.5431433365474987,0.5165263802699974,0.490708752037501,0.4532239088475011,0.41334517410000227,0.37613142962000146,0.3451857551975,0.31591936285249866,0.28782562324249916,0.25875681015749913,0.23134487029750123,0.20566776645750046,0.1814697859449987,0.15865047016750042
2.5,25.0,5.0,1.0,0.9879732346475052,0.970007071414997,0.9297819829924953,0.8916779492049969,0.8430040759699992,0.7943298753849973,0.7374598989824992,0.6737441674524998,0.629040071557501,0.5816382801749989,0.5628115255849973,0.5371299565549986,0.5097021564274975,0.48293870728250093,0.4450247223950011,0.40574307841000207,0.3694462771150018,0.3381801039925004,0.3082497626449988,0.2803574111599991,0.2531230712074992,0.22383662549750125,0.19893247022250043,0.17492656485249858,0.1521745254675005
3.0,0.0,0.0,1.0,1.018329628857495,1.0339530370149945,1.0273062033274976,1.0244068659124963,1.0097485543800055,0.9928543001450018,0.9629926370075035,0.9185962130299993,0.8989872286599971,0.8707918497875002,0.8500614126799985,0.8180091932974979,0.7807092587824995,0.7425892044350053,0.6880512700174972,0.6324691119750049,0.5803106186100035,0.5358522324299989,0.49467668779000074,0.45601900253500127,0.42026321429249736,0.3809100494624984,0.34800149313999973,0.31635476844999777,0.28581363210750144
3.0,0.0,0.5,1.0,1.018329628857495,1.0339530370149945,1.0273062033274976,1.0244068659124963,1.0097485543800055,0.9928543001450018,0.9629926370075035,0.9185962130299993,0.8989872286599971,0.8707918497875002,0.8500614126799985,0.8180091932974979,0.7807092587824995,0.7425892044350053,0.6880512700174972,0.6324691119750049,0.5803106186100035,0.5358522324299989,0.49467668779000074,0.45601900253500127,0.42026321429249736,0.3809100494624984,0.34800149313999973,0.31635476844999777,0.28581363210750144
3.0,0.0,1.0,1.0,1.0182612212874949,1.0336237907974948,1.026465166754998,1.0230496232149964,1.0069942226500048,0.988704740657502,0.9574263741875028,0.9112320008549998,0.8892042411049972,0.8612721963050001,0.8395835331924986,0.8091590742549976,0.7720151642750003,0.7334411063700047,0.6796656170674977,0.6240623084675045,0.5739669723875033,0.5313600342699989,0.49078145776750065,0.4532879807275012,0.4182899967099973,0.3789028020149985,0.34529036880999975,0.3131611265674979,0.2836812926625014
3.0,0.0,1.5,1.0,1.0180841053124947,1.033470377822495,1.026178254629998,1.0225713904824965,1.0059625273250048,0.9876160177675021,0.9556247392450026,0.9099130420549996,0.8872655216849975,0.8596855663824999,0.8376542025949987,0.8082077276524974,0.7703380855825003,0.7320754207050045,0.6778826451924981,0.6224053939475044,0.5718071753175031,0.5295150627074989,0.4891112011725005,0.4512512601175011,0.4159993075474972,0.37753051400999865,0.34383797851749975,0.31197378874999787,0.2823034939675013
3.0,0.0,2.0,1.0,1.0170515129174944,1.0315547206024975,1.0224325026349992,1.0173360964899987,0.9990928412325039,0.9802190983425036,0.9463153638500019,0.9000534347675,0.8759432099149975,0.8482603917475005,0.8253552298849987,0.7958584099924967,0.7586831043675012,0.7220078974050043,0.668499925754999,0.6131990592225041,0.5640494324575032,0.5209341243374992,0.48296351471500054,0.44601489624250124,0.4106562597224972,0.37273446137999877,0.33808086495999956,0.3070571297974983,0.2778234662875011
3.0,0.0,2.5,1.0,1.0169874934424945,1.0310828394474978,1.0219218043849994,1.0170128889849985,0.9994219433775041,0.980340763052504,0.9466463777150022,0.9003949424325001,0.8764950582474975,0.8484206673975005,0.8258723121374986,0.796318028632497,0.759138066627501,0.7223242760250044,0.6689280169474989,0.6135054395725041,0.5641001247925032,0.5203559201049992,0.48232873044500046,0.44472649444000106,0.40866327046999723,0.37061194067249886,0.33612431460499953,0.3050559665924982,0.2755936602650009
3.0,0.0,3.0,1.0,1.0167304892599947,1.0301528816824985,1.0206611880399998,1.0160045345299986,0.9984214910125037,0.979720886045004,0.9458730999050016,0.89893414464,0.8751980654824975,0.8475496892375004,0.8247746523874987,0.7944963770899969,0.7563719456975013,0.7194871402775043,0.6659040597149992,0.610819594092504,0.5616800319225032,0.5183507325749991,0.48016232693750055,0.44105612377000064,0.4044928893349972,0.36620983727999906,0.33120218068999935,0.29976899413749847,0.2704585619500009
3.0,0.0,3.5,1.0,1.016401072654995,1.0289248427049988,1.01820400175,1.0126579898324979,0.994205228952503,0.9739150557325033,0.9375184387400011,0.8911582797275005,0.8662788276874971,0.8363133324650006,0.8131160526949992,0.7830389616974973,0.7446383729950015,0.7091520106725043,0.6568959681749993,0.6022720591475037,0.5540166471875024,0.511792985659999,0.47251424293000055,0.43533921517000024,0.39947016360499726,0.3618255126074992,0.3272042961474994,0.29651280373499833,0.2675079545400008
3.0,0.0,4.0,1.0,1.0158341817924963,1.0277311225174992,1.0164675961750003,1.009683506579997,0.9895775939675018,0.9680675680175027,0.9304604806475009,0.8839838439450008,0.856737276514997,0.8266804632250007,0.8047796349499997,0.7740322364449977,0.7364520891950016,0.7014541690150046,0.6492179508649994,0.5966033594325034,0.5486071911625021,0.5056662456674988,0.4652785025400001,0.42636045320499993,0.3912118824449973,0.3545442920424995,0.32014168384499975,0.2884485308424983,0.2588957683500006
3.0,0.0,4.5,1.0,1.015486361559997,1.0264662063599994,1.0148241693450006,1.0067117617649965,0.9859862230725014,0.9635327247850023,0.9250348921625008,0.8782766194075012,0.8499210064074968,0.8194941994125006,0.7977896527050001,0.7687474317324978,0.7302192054025016,0.6950020212775045,0.6439026264099997,0.5916700153550033,0.5439449355200018,0.5010526886999987,0.46104661902,0.4216819477024998,0.3869310870549976,0.3497385527949996,0.31520482626750007,0.28197741586499825,0.25267560947500045
3.0,0.0,5.0,1.0,1.0153866950674966,1.0262785515699995,1.014268683262501,1.0053294780074968,0.9838942133675013,0.9614876977300015,0.9230787383100002,0.8780547078375014,0.8504616646849966,0.8201411297850008,0.7978238860400001,0.7681955670999979,0.7289152182775013,0.6935962791350044,0.6417025057324995,0.5886688234850032,0.5394254972625014,0.4953005385224982,0.45686836149249993,0.41679635364249956,0.38223599258499774,0.34468037451999967,0.31116673063500017,0.27688835344749835,0.2478925118525005
3.0,2.5,0.0,1.0,1.018329628857495,1.0339530370149945,1.0273062033274976,1.0244068659124963,1.0097485543800055,0.9928543001450018,0.9629926370075035,0.9185962130299993,0.8989872286599971,0.8707918497875002,0.8500614126799985,0.8180091932974979,0.7807092587824995,0.7425892044350053,0.6880512700174972,0.6324691119750049,0.5803106186100035,0.5358522324299989,0.49467668779000074,0.45601900253500127,0.42026321429249736,0.3809100494624984,0.34800149313999973,0.31635476844999777,0.28581363210750144
3.0,2.5,0.5,1.0,1.018329628857495,1.0339530370149945,1.0273062033274976,1.0244068659124963,1.0097485543800055,0.9928543001450018,0.9629926370075035,0.9185962130299993,0.8989872286599971,0.8707918497875002,0.8500614126799985,0.8180091932974979,0.7807092587824995,0.7425892044350053,0.6880512700174972,0.6324691119750049,0.5803106186100035,0.5358522324299989,0.49467668779000074,0.45601900253500127,0.42026321429249736,0.3809100494624984,0.34800149313999973,0.31635476844999777,0.28581363210750144
3.0,2.5,1.0,1.0,1.0182612212874949,1.0336237907974948,1.026465166754998,1.0230496232149964,1.0069942226500048,0.988704740657502,0.9574263741875028,0.9112320008549998,0.8892042411049972,0.8612721963050001,0.8395835331924986,0.8091590742549976,0.7720151642750003,0.7334411063700047,0.6796656170674977,0.6240623084675045,0.5739669723875033,0.5313600342699989,0.49078145776750065,0.4532879807275012,0.4182899967099973,0.3789028020149985,0.34529036880999975,0.3131611265674979,0.2836812926625014
3.0,2.5,1.5,1.0,1.0180841053124947,1.033470377822495,1.026178254629998,1.0225713904824965,1.0059625273250048,0.9876160177675021,0.9556247392450026,0.9099130420549996,0.8872655216849975,0.8596855663824999,0.8376542025949987,0.8082077276524974,0.7703380855825003,0.7320754207050045,0.6778826451924981,0.6224053939475044,0.5718071753175031,0.5295150627074989,0.4891112011725005,0.4512512601175011,0.4159993075474972,0.37753051400999865,0.34383797851749975,0.31197378874999787,0.2823034939675013
3.0,2.5,2.0,1.0,1.0170515129174944,1.0315547206024975,1.0224325026349992,1.0173360964899987,0.9990928412325039,0.9802190983425036,0.9463153638500019,0.9000534347675,0.8759432099149975,0.8482603917475005,0.8253552298849987,0.7958584099924967,0.7586831043675012,0.7220078974050043,0.668499925754999,0.6131990592225041,0.5640494324575032,0.5209341243374992,0.48296351471500054,0.44601489624250124,0.4106562597224972,0.37273446137999877,0.33808086495999956,0.3070571297974983,0.2778234662875011
3.0,2.5,2.5,1.0,1.0169874934424945,1.0310828394474978,1.0219218043849994,1.0170128889849985,0.9994219433775041,0.980340763052504,0.9466463777150022,0.9003949424325001,0.8764950582474975,0.8484206673975005,0.8258723121374986,0.796318028632497,0.759138066627501,0.7223242760250044,0.6689280169474989,0.6135054395725041,0.5641001247925032,0.5203559201049992,0.48232873044500046,0.44472649444000106,0.40866327046999723,0.37061194067249886,0.33612431460499953,0.3050559665924982,0.2755936602650009
3.0,2.5,3.0,1.0,1.0167304892599947,1.0301528816824985,1.0206611880399998,1.0160045345299986,0.9984214910125037,0.979720886045004,0.9458730999050016,0.89893414464,0.8751980654824975,0.8475496892375004,0.8247746523874987,0.7944963770899969,0.7563719456975013,0.7194871402775043,0.6659040597149992,0.610819594092504,0.5616800319225032,0.5183507325749991,0.48016232693750055,0.44105612377000064,0.4044928893349972,0.36620983727999906,0.33120218068999935,0.29976899413749847,0.2704585619500009
3.0,2.5,3.5,1.0,1.016401072654995,1.0289248427049988,1.01820400175,1.0126579898324979,0.994205228952503,0.9739150557325033,0.9375184387400011,0.8911582797275005,0.8662788276874971,0.8363133324650006,0.8131160526949992,0.7830389616974973,0.7446383729950015,0.7091520106725043,0.6568959681749993,0.6022720591475037,0.5540166471875024,0.511792985659999,0.47251424293000055,0.43533921517000024,0.39947016360499726,0.3618255126074992,0.3272042961474994,0.29651280373499833,0.2675079545400008
3.0,2.5,4.0,1.0,1.0158341817924963,1.0277311225174992,1.0164675961750003,1.009683506579997,0.9895775939675018,0.9680675680175027,0.9304604806475009,0.8839838439450008,0.856737276514997,0.8266804632250007,0.8047796349499997,0.7740322364449977,0.7364520891950016,0.7014541690150046,0.6492179508649994,0.5966033594325034,0.5486071911625021,0.5056662456674988,0.4652785025400001,0.42636045320499993,0.3912118824449973,0.3545442920424995,0.32014168384499975,0.2884485308424983,0.2588957683500006
3.0,2.5,4.5,1.0,1.015486361559997,1.0264662063599994,1.0148241693450006,1.0067117617649965,0.9859862230725014,0.9635327247850023,0.9250348921625008,0.8782766194075012,0.8499210064074968,0.8194941994125006,0.7977896527050001,0.7687474317324978,0.7302192054025016,0.6950020212775045,0.6439026264099997,0.5916700153550033,0.5439449355200018,0.5010526886999987,0.46104661902,0.4216819477024998,0.3869310870549976,0.3497385527949996,0.31520482626750007,0.28197741586499825,0.25267560947500045
3.0,2.5,5.0,1.0,1.0153866950674966,1.0262785515699995,1.014268683262501,1.0053294780074968,0.9838942133675013,0.9614876977300015,0.9230787383100002,0.8780547078375014,0.8504616646849966,0.8201411297850008,0.7978238860400001,0.7681955670999979,0.7289152182775013,0.6935962791350044,0.6417025057324995,0.5886688234850032,0.5394254972625014,0.4953005385224982,0.45686836149249993,0.41679635364249956,0.38223599258499774,0.34468037451999967,0.31116673063500017,0.27688835344749835,0.2478925118525005
3.0,5.0,0.0,1.0,1.021001084,1.039353089,1.036430328,1.036089098,1.024424246,1.010751592,0.984582837,0.941089444,0.921879134,0.894316977,0.874612159,0.843392842,0.80586249,0.768199298,0.712130442,0.654807053,0.601535952,0.556850159,0.516150006,0.478292559,0.440836548,0.40061777,0.366089342,0.332983835,0.301323401
3.0,5.0,0.5,1.0,1.018477381432495,1.0341870382599945,1.0274440437774974,1.0243772329549965,1.0095230850600063,0.992955598177502,0.9632592426425037,0.9185993749874986,0.8987938925349974,0.8700101671850006,0.8500023552249982,0.8173876337924976,0.7806790826824994,0.7426501682425052,0.6883752355049971,0.6324784075450051,0.5800370066125035,0.5357657956749988,0.4952942880600009,0.45751382359000137,0.4216348384524972,0.3815435036274985,0.3485363160924998,0.3170112544299977,0.2863386734675014
3.0,5.0,1.0,1.0,1.0184089738624948,1.033857792042495,1.0266030072049976,1.0230199902574966,1.0067687533300056,0.9887305533450023,0.9576296110875029,0.9111573339099991,0.8882920276549975,0.8594534848075003,0.8387659906374982,0.8081246938074972,0.7713225893100004,0.7320780327000047,0.6786773084624979,0.6234888662000047,0.5736040782000031,0.5312244333474988,0.49134502520750084,0.45472386828750133,0.41939111882499724,0.3794687344824986,0.3457544512949998,0.3137440627324979,0.2841303800125014
3.0,5.0,1.5,1.0,1.0182318578874947,1.033704379067495,1.0263160950799979,1.0225417575249969,1.0057370580050056,0.9876418304550023,0.9558279761450027,0.9098383751099991,0.8863533082349976,0.8578668548850003,0.8368366600399983,0.8071733472049971,0.7696455106175003,0.7307123470350045,0.6768943365874981,0.6218319516800045,0.571382926812503,0.5293794617849988,0.48967476861250075,0.4526181460400013,0.4170417790699971,0.3780964464774988,0.34430206100249977,0.3125567249149979,0.2827525813175013
3.0,5.0,2.0,1.0,1.0171816629524943,1.0318214562874972,1.0226852092924992,1.0173483198624986,0.9990102720750044,0.9803627883450037,0.9470590911275016,0.9008434586199994,0.8761512911399977,0.8476479571375005,0.8258660677799984,0.7960043511874967,0.759147972292501,0.7215981035850042,0.668281317924999,0.6132707435100041,0.5640724725825029,0.5212008100649992,0.48371169482500065,0.44767919333000117,0.4115807609574971,0.37332569165249885,0.3384705680474996,0.3076961638424983,0.2785398729200011
3.0,5.0,2.5,1.0,1.0171176434774944,1.0313880433049976,1.0222534389924995,1.0171397079499989,0.9994001988600045,0.9805541703425039,0.9474554465025019,0.9012545146599994,0.8766513705774978,0.8480576400225004,0.8261319254149985,0.7963637199174971,0.7594167496125007,0.7220804777700045,0.6689242069024991,0.6135945766300042,0.5641584400275029,0.5206561989849992,0.4831083848475006,0.446390791527501,0.4096555631174972,0.3712533924724989,0.3365419293174996,0.3056950006374982,0.2763100668975009
3.0,5.0,3.0,1.0,1.0168606392949948,1.0304580855399983,1.0209928226474998,1.016131353494999,0.9984406226800041,0.979990724095004,0.9467541807725016,0.8997841188724993,0.8752257937124976,0.8471780983000003,0.8248967542849985,0.7945170328574972,0.7566186599125011,0.7192861386125045,0.6659403699199994,0.6109087311500041,0.5617383471575029,0.518651011454999,0.48094198134000066,0.44251401558000064,0.40548518198249717,0.3668512890799991,0.33161979540249936,0.30040802818249845,0.2711749685825009
3.0,5.0,3.5,1.0,1.0165622670749952,1.0292542586949986,1.01858206937,1.012839763344998,0.9942845487925035,0.9742092778550032,0.938324229832501,0.8919572453,0.8660952021224975,0.8357138792325006,0.812910600679999,0.7829628085149976,0.7447424597500012,0.7089070993800044,0.6569194674149993,0.6023323238350038,0.5540280882325024,0.5121034236074989,0.47329664536000066,0.43636231376750023,0.4003404690574971,0.36243874661249925,0.32759791012749945,0.2970824009299983,0.2682243611725008
3.0,5.0,4.0,1.0,1.0159953762124965,1.028060538507499,1.0168456637950003,1.0098808741524972,0.9895885804125022,0.9681615971350026,0.9311677635050009,0.8846095592350003,0.8562712611674972,0.8258699294025003,0.8043610568649996,0.7735771328499979,0.7363493907475014,0.7010455968100047,0.6490918002499996,0.5966636241200035,0.548512274705002,0.5059766836149988,0.46606090497000024,0.4273835518025,0.39208218789749727,0.35515752604749956,0.3205352978249998,0.28901812803749827,0.25961217498250067
3.0,5.0,4.5,1.0,1.015641886112497,1.0268080993449993,1.0151458245250007,1.0068684646899966,0.9859940659200016,0.9636222723025021,0.9260680797050008,0.8784743322675006,0.849632653867497,0.8194729345725003,0.7981295921699997,0.7684838781949979,0.7298226956900014,0.6953640876425047,0.6438634601799998,0.5916826883875033,0.5436715199725016,0.5013631266474987,0.46182902145000004,0.42261127415499977,0.3877115260724975,0.35026615933749966,0.31551664690500014,0.2825470130599983,0.2533920161075005
3.0,5.0,5.0,1.0,1.0155500821674965,1.0266204445549991,1.014609868345001,1.005564050982497,0.9839739424100016,0.9616656895075012,0.9241119258525002,0.8782039956525008,0.8501580163449967,0.8201080065625008,0.7980933253374998,0.7678642930299983,0.7285469520450012,0.6938824922000046,0.6415817637324995,0.5886086882325031,0.5391861254450012,0.49557197136999825,0.4572338415925,0.41716186259749954,0.38258750216749765,0.3449206583699997,0.3114785512725002,0.27745795064249834,0.24860891848500052
3.0,7.5,0.0,1.0,1.018479083862495,1.0341588740674945,1.0272170190549974,1.0240280297149964,1.0090418692475063,0.9923013913425024,0.9624619427800037,0.9175591052499986,0.8977161217699974,0.8685945249175008,0.8487035802074981,0.8162534947249973,0.7793288092674993,0.741627443680005,0.6874722133674973,0.6317305121650051,0.5792531838100033,0.5352026235499988,0.4949111454800009,0.45718899904250143,0.42146649946999726,0.3814601704224985,0.3484655325524998,0.3170112544299977,0.2863386734675014
3.0,7.5,0.5,1.0,1.018479083862495,1.0341588740674945,1.0272170190549974,1.0240280297149964,1.0090418692475063,0.9923013913425024,0.9624619427800037,0.9175591052499986,0.8977161217699974,0.8685945249175008,0.8487035802074981,0.8162534947249973,0.7793288092674993,0.741627443680005,0.6874722133674973,0.6317305121650051,0.5792531838100033,0.5352026235499988,0.4949111454800009,0.45718899904250143,0.42146649946999726,0.3814601704224985,0.3484655325524998,0.3170112544299977,0.2863386734675014
3.0,7.5,1.0,1.0,1.0184106762924947,1.033829627849995,1.0263759824824976,1.0226707870174965,1.0062875375175055,0.9880763465100024,0.956832311225003,0.9101170641724992,0.8872142568899974,0.8581102401675004,0.8374672156199982,0.8069730252674969,0.7699549491700002,0.7309293522450045,0.677775035817498,0.6226107370425047,0.5726519401550031,0.5306200607549989,0.4909552389450008,0.45439904374000134,0.41922277984249723,0.3793854012774986,0.3456836677549998,0.3137440627324979,0.2841303800125014
3.0,7.5,1.5,1.0,1.0182335603174948,1.0336762148749952,1.0260890703574979,1.0221925542849968,1.0052558421925055,0.9869876236200025,0.9550306762825028,0.908798105372499,0.8852755374699975,0.8566691522825003,0.8356798758199983,0.806021678664997,0.7682778704775002,0.7295636665800044,0.6759920639424982,0.6209538225225045,0.570430788767503,0.5287750891924988,0.4892849823500008,0.45229332149250134,0.4168734400874971,0.37801311327249876,0.34423127746249976,0.3125567249149979,0.2827525813175013
3.0,7.5,2.0,1.0,1.0171833653824942,1.031804203574997,1.0225982577174992,1.0172024753274986,0.9987985786725043,0.9800889112100036,0.9467739249675016,0.9003983608674992,0.8755377375049977,0.8468518061075002,0.8252716433624986,0.7954600312724969,0.7586221843925007,0.7210453952425041,0.667890584954999,0.6127913882775041,0.5635822858550028,0.5208584853024991,0.4834811069475006,0.4475140656025012,0.41157084936499716,0.3733207977699988,0.33847731224249955,0.3076961638424983,0.2785398729200011
3.0,7.5,2.5,1.0,1.0171193459074945,1.0313707905924976,1.0221664874174996,1.0169938634149986,0.9991885054575046,0.9803500104950039,0.947238127240002,0.9008789652824994,0.8761126315624977,0.8474217646425004,0.8256096248324987,0.7958834659699974,0.7589480800425005,0.7215799265650046,0.668573594182499,0.6131910442175043,0.5637674244650028,0.5204565946524992,0.4829514445525006,0.446239751925001,0.40964565152499716,0.37127095211999894,0.3365486735124996,0.3056950006374982,0.2763100668975009
3.0,7.5,3.0,1.0,1.016862341724995,1.0304408328274983,1.0209058710724999,1.0159855089599987,0.9982289292775042,0.9797865642475041,0.9465368615100016,0.8994085694949995,0.8746870546974977,0.8465422229200001,0.8243744537024986,0.7936760379749975,0.7557083251275007,0.7184776974825046,0.6653221286549993,0.6103572177525043,0.5612174366225028,0.518436220522499,0.48078504104500064,0.4423379616200006,0.4054609985474972,0.36686884872749914,0.3316265395974994,0.30040802818249845,0.2711749685825009
3.0,7.5,3.5,1.0,1.016563969504995,1.0292370059824987,1.0185346725575002,1.0127481383399977,0.9941412487425036,0.9740094850375033,0.937989256687501,0.891476764075,0.8654736044449974,0.8352022144600006,0.8124360216324988,0.7821182850274978,0.7435982937050007,0.7079527635550044,0.6561624002849993,0.6016488325000039,0.5532908637025021,0.5118742673124989,0.47313672982500066,0.43618625980750025,0.40031628562249716,0.36245630625999925,0.32760465432249947,0.2970824009299983,0.2682243611725008
3.0,7.5,4.0,1.0,1.0159970786424963,1.028043285794999,1.0167982669825002,1.009789249147497,0.9894452803625023,0.9679618043175026,0.9308327903600008,0.8841183290375002,0.8556717075549973,0.8251870720175002,0.8038864778174993,0.772732609362498,0.7351643186450012,0.7000725398900046,0.6483347331199996,0.5959801327850037,0.5477750501750017,0.5057475273199988,0.4659009894350002,0.4272430931424999,0.3920815524999972,0.35519984415249956,0.3205675164449998,0.28901812803749827,0.25961217498250067
3.0,7.5,4.5,1.0,1.015635403114997,1.0267714205224991,1.0150658757200006,1.0067295620149965,0.9857884731400017,0.9633061161900021,0.9255713223675008,0.8778452906025005,0.848646103092497,0.8183616899675004,0.7970865778949997,0.7671986019174981,0.7284566561100011,0.6942421456550046,0.6429025592074998,0.5909111168875034,0.5428703993875014,0.5010039301974987,0.461609695865,0.42243075224499976,0.38768191046499745,0.35030847744249966,0.31554886552500017,0.2825470130599983,0.2533920161075005
3.0,7.5,5.0,1.0,1.0155514617174966,1.026598199704999,1.014549449442501,1.005448798827497,0.9837951049050017,0.9614084962350011,0.9236466388400002,0.8775579050150007,0.8491179957524966,0.8189479843050009,0.7969816001474997,0.7664606449574982,0.7273570170975009,0.6929261339350046,0.6408410266399995,0.5880434629950032,0.538519321172501,0.49530201432999815,0.457025215005,0.41698896949749953,0.3825628025049977,0.34496297647499974,0.3115107698925002,0.27745795064249834,0.24860891848500052
3.0,10.0,0.0,1.0,1.013935639579995,1.0235944604300014,1.0107811814000016,0.9980724634575003,0.9731445172600016,0.9446742304175042,0.9076379508099984,0.8547478192050006,0.8288371780649976,0.7917005411725018,0.7697371576400005,0.7348125734049996,0.7021379116849993,0.6682338558700027,0.6194308359350004,0.5693877394725029,0.5190041417425018,0.47848830905749956,0.4385682297424994,0.4058834673824998,0.3750897947749972,0.33699984707749986,0.30935357408999925,0.2797062464774997,0.2512720526800008
3.0,10.0,0.5,1.0,1.013935639579995,1.0235944604300014,1.0107811814000016,0.9980724634575003,0.9731445172600016,0.9446742304175042,0.9076379508099984,0.8547478192050006,0.8288371780649976,0.7917005411725018,0.7697371576400005,0.7348125734049996,0.7021379116849993,0.6682338558700027,0.6194308359350004,0.5693877394725029,0.5190041417425018,0.47848830905749956,0.4385682297424994,0.4058834673824998,0.3750897947749972,0.33699984707749986,0.30935357408999925,0.2797062464774997,0.2512720526800008
3.0,10.0,1.0,1.0,1.0139070911999948,1.0233262730575017,1.0099784595250019,0.9968578680800003,0.971114155567501,0.9413329205625044,0.9027562127274976,0.848498659402501,0.8199576556399976,0.7831156919975015,0.7602327520175005,0.7268865138124996,0.6943031337699993,0.6587639120000026,0.610471138845001,0.5609844108200026,0.5136445146900016,0.47396052136749955,0.4350035927574993,0.4031487459899997,0.37297175023249723,0.3350905887899998,0.30700693274499935,0.27684321308999976,0.2492853307825008
3.0,10.0,1.5,1.0,1.0138777881449947,1.0231659444575019,1.009742869095002,0.9966375939275005,0.970315884002501,0.9407727696325044,0.9019468390224975,0.8474666909950007,0.8189850769324978,0.7831080634500016,0.7596340162575007,0.7270624078699996,0.6939996938974989,0.6589253640875028,0.6101832554975014,0.5598321516575026,0.5123141309025013,0.4730532493324997,0.4345357311224991,0.40210672448749984,0.37171517669999715,0.3341279801849999,0.30583149911499935,0.2758145406674997,0.24802377332500078
3.0,10.0,2.0,1.0,1.0129074360349943,1.0214752181200037,1.0069421523725035,0.9927260886975021,0.9659895983350004,0.9360708103550054,0.8957943671099967,0.8418457454125005,0.8119946403124981,0.7757388439850016,0.7530240757400009,0.7201966449050003,0.6870129060724989,0.6529852418275027,0.6045484326150019,0.5540742666275026,0.5075386410100012,0.4677028146424997,0.43122527277749917,0.39962783103749994,0.3679065063824972,0.3320769455950002,0.30244635840999934,0.27350155815,0.2453109779150006
3.0,10.0,2.5,1.0,1.0131735102499946,1.021748580882504,1.0074075711225037,0.9941569018525022,0.9685382800600008,0.9387776735350056,0.8986825720024975,0.8448858613425005,0.8154047732449983,0.7789575615200016,0.7560235202475007,0.723038048152501,0.6893483853524986,0.6555793894775035,0.6073043779075021,0.5560613952800029,0.5092731691275011,0.4691237056624994,0.43209147156749916,0.3990724512999997,0.3670319469224973,0.33044645641250026,0.30055940054499947,0.2716980049699998,0.24302171986750046
3.0,10.0,3.0,1.0,1.013891039,1.022766799,1.008747147,0.995727132,0.970763755,0.943595269,0.904686757,0.851665259,0.82128702,0.784677348,0.763164267,0.732237179,0.696936347,0.662893899,0.613010115,0.561330819,0.513908364,0.473295117,0.435704823,0.400324209,0.365811641,0.328809409,0.297138413,0.266848831,0.237958276
3.0,10.0,3.5,1.0,1.0125612166324955,1.019715312632505,1.004027586265004,0.9900500808425011,0.9636894100124997,0.9335526932300049,0.891778578894997,0.837213930500001,0.8067333549449976,0.7700701290575018,0.7466080832425007,0.7131883718025012,0.6788809137824989,0.6449955128400038,0.5976903508550022,0.5463538861550027,0.5003647952425007,0.46161724655999914,0.42334970552749907,0.3899448502149994,0.35795811404249767,0.3225732015025005,0.2921848770724995,0.2633588411299998,0.23511053442500038
3.0,10.0,4.0,1.0,1.0119071978649974,1.0181172466725055,1.0016715353750048,0.9859020070799989,0.9581212258299978,0.9272932493225038,0.8844353995324973,0.829289210187501,0.7967372148199968,0.7586921501250019,0.7365783091350014,0.7045988167750012,0.6697476541824992,0.6360536137750039,0.5897537383600021,0.5390760498775025,0.4934290597900002,0.4552678735674991,0.41634603292749844,0.38228923924999897,0.3506635709699979,0.3163981145300008,0.2861814662075,0.2573719058924995,0.22740692922250014
3.0,10.0,4.5,1.0,1.011477312877499,1.0167539684800053,0.9997527808425047,0.9827657288899978,0.9543013243424973,0.9228465244100028,0.8788761536624972,0.8222399159875015,0.7885128659049964,0.749653836592502,0.7279999529825019,0.6976450632575016,0.6624581267374994,0.6295224084500038,0.5830781609375022,0.5335617193400024,0.4882348743349997,0.45058649262499884,0.4120631993774984,0.3771591179924988,0.3458216533874981,0.3116021870600009,0.28132440217000043,0.2518623443724992,0.22178695505249998
3.0,10.0,5.0,1.0,1.011372085467498,1.016604246392505,0.9990849143600048,0.9814239011224986,0.9520380103499977,0.9205594508575016,0.8752260429824963,0.8206317665000019,0.7879418958799959,0.7497371248925028,0.7258968221375016,0.6941409448950027,0.6588361621775006,0.6258686856700034,0.5780499758050017,0.5282330527200021,0.4825132651674992,0.44456089302999824,0.4063047983524985,0.37129140312499864,0.3397059342524986,0.3059642344975008,0.27549273897250054,0.24615160876749903,0.21647819738500013
3.0,12.5,0.0,1.0,1.0124670838599972,1.0200167562825018,1.003346413125002,0.9873973312524987,0.9585518675474982,0.9289660182700026,0.8912821458949977,0.8373040456525014,0.8060040627324967,0.7676436589975023,0.7443497270725016,0.7099477045075006,0.6786286492149994,0.6458642322900029,0.5983066947525005,0.5484969881650017,0.5007863836500013,0.4598493343324994,0.4226622389749987,0.38965666453749903,0.35851076119499803,0.32252063707749984,0.29480008606249974,0.2679747415,0.2430692366100006
3.0,12.5,0.5,1.0,1.0124670838599972,1.0200167562825018,1.003346413125002,0.9873973312524987,0.9585518675474982,0.9289660182700026,0.8912821458949977,0.8373040456525014,0.8060040627324967,0.7676436589975023,0.7443497270725016,0.7099477045075006,0.6786286492149994,0.6458642322900029,0.5983066947525005,0.5484969881650017,0.5007863836500013,0.4598493343324994,0.4226622389749987,0.38965666453749903,0.35851076119499803,0.32252063707749984,0.29480008606249974,0.2679747415,0.2430692366100006
3.0,12.5,1.0,1.0,1.012460816302497,1.019736115705002,1.0026405927300026,0.9862861256074988,0.956541469919998,0.9255762442650025,0.8862333627799966,0.8306686440475016,0.7957178614849967,0.7579987951800023,0.7335460050950016,0.7015265738975006,0.6707506586224994,0.6363477087925028,0.589501845145001,0.5400174030950013,0.4951342454700009,0.4550711252324993,0.41884388540249856,0.387137127942499,0.356405721879998,0.3206285960699999,0.2921518219999998,0.2647677613850001,0.24090849545500057
3.0,12.5,1.5,1.0,1.0125191496374968,1.0196533476650023,1.0024395296525028,0.986103562497499,0.9560174178874977,0.9252299532125027,0.8854239890749966,0.8294128721250015,0.794643099932497,0.7578173742675025,0.7326389429100018,0.7017427990875008,0.6707410572574993,0.636943412665003,0.5896145472175014,0.5391248453950013,0.49442532461750077,0.4543714670099995,0.4188872928499985,0.38646744845999903,0.355537919202498,0.31995322706499996,0.29134921309749984,0.26395425240750003,0.23979969979000054
3.0,12.5,2.0,1.0,1.0115252630374973,1.0181962903100037,1.0002937638150038,0.9827599501000001,0.9530814823049972,0.9218229600975033,0.8810233410699959,0.8256819094225014,0.7918914130374969,0.7542199966600025,0.7307658674575019,0.6992302480800012,0.667600793912499,0.6342177500300029,0.5874055080775016,0.5366955809450014,0.49215293812250055,0.45155640908499933,0.4176299564849986,0.38576067344999904,0.35425500361499795,0.31917938939500023,0.2897827141874999,0.26317960037250004,0.2379990656375004
3.0,12.5,2.5,1.0,1.0118274113199974,1.018533144917504,1.0011814959075043,0.9847431028774999,0.9559741790724974,0.9243960388100035,0.8839662340199967,0.8284638144175014,0.7954987216699972,0.7576200758750027,0.7339598697825016,0.7023078936825015,0.670002232342499,0.6368763244825038,0.5901053251450018,0.5389515207175015,0.4944331267650003,0.4534271610499991,0.41865314423749844,0.3854532738599989,0.353446489237498,0.31744781528500043,0.28789506628000017,0.26097555052499966,0.2352897385500003
3.0,12.5,3.0,1.0,1.0116215295524977,1.017590390250005,1.0000026104300048,0.9838957548774997,0.9552057061549968,0.9238557673750037,0.8833048170249964,0.8273130460500017,0.7945592168899968,0.7568036042675026,0.7332404482675016,0.7008076623125014,0.6683540630274989,0.634713963502504,0.588446202780002,0.5369329580450022,0.4921840423925003,0.4519647948899989,0.4174132823899985,0.3837534989399986,0.35073632064749805,0.3142572888500006,0.2842029148425,0.25689258378749963,0.2308045027175004
3.0,12.5,3.5,1.0,1.0112579429974984,1.016637830472505,0.9980768456300046,0.9815442034274988,0.952694286482496,0.9202102016925028,0.8784333190574962,0.822380066875002,0.7890118727749964,0.7502879916075028,0.7267103147725017,0.6947209438850019,0.6621982707099994,0.6281387353625041,0.5821058257375019,0.531048738137502,0.4871075862024998,0.44807163465999866,0.41302942382749847,0.3799261771174986,0.34666110941999817,0.31120132017500063,0.2810363833050002,0.25402967870999954,0.22826092594750036
3.0,12.5,4.0,1.0,1.0105707444850005,1.0150134082050055,0.9957296298925051,0.9773808042674965,0.9473272281349943,0.9141642005425017,0.8710901396949967,0.8138918494550021,0.7789612243899956,0.7391597009725026,0.7168253688825024,0.6861524801650019,0.6526306430849995,0.618953012810004,0.5735518827300019,0.5232451153025018,0.4798665248949993,0.4418189050624984,0.40575171624249806,0.37225080053249804,0.3391998169174984,0.30484018830500087,0.27507959869750065,0.2480869281024992,0.22054643530750007
3.0,12.5,4.5,1.0,1.010140859497502,1.0137368789950054,0.9941260370900052,0.9748103699799955,0.9442022990024936,0.9105043314100008,0.8663272306974962,0.8077898575525028,0.7716423609424952,0.7310462287250031,0.7092474359625028,0.6800569783675026,0.6461980980975,0.6133572614825041,0.567104054302502,0.5179811619900015,0.4747896269799989,0.43728046823249805,0.40186379395499794,0.36741083598249796,0.3345896039524986,0.30012552293000105,0.270328705620001,0.24262927370749893,0.21495178418749997
3.0,12.5,5.0,1.0,1.010584768,1.014672849,0.994883886,0.975255486,0.943430397,0.909452952,0.864281308,0.806904556,0.771428352,0.730903516,0.708589958,0.677898168,0.643761307,0.61152935,0.564628951,0.51584391,0.471365363,0.432799744,0.396831083,0.362815351,0.329865067,0.294558424,0.264421076,0.235649856,0.208259497
3.0,15.0,0.0,1.0,1.008097875522499,1.0113513379150014,0.9915012381475019,0.9727882831524979,0.9427135803474981,0.9128728381425023,0.8726712108949992,0.8195955786725012,0.7867735262649973,0.745452741032502,0.7240029856700018,0.6921521561174987,0.6608890484524984,0.6278861871925018,0.5812094570299997,0.5362108808000007,0.4891081326675017,0.44779780429750005,0.4138292378874984,0.3818658771574991,0.35287500682249795,0.31705233248499975,0.2903500358749998,0.2636181145374999,0.23917532822250043
3.0,15.0,0.5,1.0,1.008097875522499,1.0113513379150014,0.9915012381475019,0.9727882831524979,0.9427135803474981,0.9128728381425023,0.8726712108949992,0.8195955786725012,0.7867735262649973,0.745452741032502,0.7240029856700018,0.6921521561174987,0.6608890484524984,0.6278861871925018,0.5812094570299997,0.5362108808000007,0.4891081326675017,0.44779780429750005,0.4138292378874984,0.3818658771574991,0.35287500682249795,0.31705233248499975,0.2903500358749998,0.2636181145374999,0.23917532822250043
3.0,15.0,1.0,1.0,1.008142906102499,1.011205965905002,0.9910167927675024,0.9718763247299976,0.9407955238424978,0.9093637504375025,0.8676435278924984,0.8132024977225014,0.7781311331624972,0.7364437351000024,0.7154321774275018,0.6843071877099989,0.6542545365624979,0.6203366853250015,0.5740093063350004,0.5284411696925007,0.48426293965500133,0.443791226555,0.4102318077724983,0.37913765670999916,0.35050335013999784,0.31484531038499985,0.2873584105399999,0.26021201564999985,0.2367645069850004
3.0,15.0,1.5,1.0,1.0083409306499989,1.0111664103475022,0.9910636284225026,0.9719727851974979,0.9408613218199978,0.9096531097900025,0.8669965951199982,0.8119467258000013,0.7771400038599974,0.7362171959650026,0.7148084476875018,0.6848685618424989,0.6543268270099978,0.6208975257775017,0.5742483205925007,0.5276164630525007,0.48369199283250125,0.4430150095600001,0.4100793418074982,0.37844782717749914,0.3494183298599978,0.31414146800749987,0.286600357685,0.25947154569499986,0.23569735906000033
3.0,15.0,2.0,1.0,1.0075650860799994,1.0103372892425033,0.9900017434625031,0.9708270063849983,0.9401339013599974,0.907579637165003,0.8638270359249982,0.8091041122850011,0.7755445789474975,0.7357373770525024,0.7143615439075021,0.6827213474524991,0.6519019552099975,0.6194784604450018,0.5723331626625009,0.5250764198875008,0.4815498042925011,0.44069147233750017,0.4087448074374983,0.37751714736499925,0.34824356268249784,0.3135901053625002,0.28478757872250005,0.2585381460374998,0.23422668959000023
3.0,15.0,2.5,1.0,1.0079780876575002,1.0106568757675038,0.9908917822300036,0.972819534542498,0.9422252857499975,0.9092834195325036,0.8648450967174997,0.8099828929075007,0.7770942966824976,0.737190485425002,0.7152771027850019,0.6829695403474986,0.6513152743049972,0.6194799427300028,0.5733162458425012,0.525738199807501,0.48348401765000076,0.44190589519500006,0.40918122260749823,0.3763612681274989,0.34688183528249794,0.31103071383000047,0.2824581966575003,0.2556391048849993,0.23096190060500008
3.0,15.0,3.0,1.0,1.0080423683725008,1.0103676157275043,0.9900538959275039,0.9719778886499977,0.941199691309997,0.9081198963400037,0.8642646501249996,0.8091302846775005,0.7756694099199974,0.7359264701800019,0.7142050971825017,0.6812193285999983,0.6498842993724974,0.6177163678575031,0.5721208489975014,0.5239907757225017,0.4815345031250008,0.4407307518925,0.40788796245749814,0.3743070224649987,0.3435980587524979,0.30752557129750074,0.2785138807500002,0.25113602302499927,0.22594334636250013
3.0,15.0,3.5,1.0,1.007598122102502,1.0096003759325045,0.9886673901475039,0.9697068906624969,0.9383345151524968,0.9056108370525031,0.8618007063074998,0.8061486025025008,0.772013373142497,0.731356309490002,0.7101738800650021,0.6773538696324983,0.6456155834074973,0.6126869550075034,0.5675715273025014,0.5191782362800016,0.47740056077250054,0.4385233472574997,0.40578169039249806,0.3722710759599985,0.341491037399998,0.3059217964425008,0.27614452353750035,0.2492711082849991,0.22423561102750014
3.0,15.0,4.0,1.0,1.007439749,1.00889926,0.987071925,0.965795278,0.932728287,0.897660384,0.851693178,0.793439057,0.756844178,0.715160402,0.694408006,0.665270737,0.632463915,0.601173753,0.555497529,0.508061873,0.464682097,0.427295952,0.392551484,0.359763827,0.327898689,0.293746204,0.264553202,0.236658708,0.210077996
3.0,15.0,4.5,1.0,1.0066501137700052,1.0072874420400055,0.9849178185325043,0.9635891958224941,0.9303224192849946,0.8961169222100022,0.8508327693775015,0.7926100986525012,0.7565538094174963,0.714929447067502,0.6943584262050027,0.6642037694874972,0.6314049529249974,0.5998620362725038,0.553419141115001,0.5067954967425016,0.4646986684824999,0.4279231990724995,0.39427443234749776,0.3603105062849977,0.3292009701349982,0.2946271172450011,0.2646671789425011,0.2372212545799983,0.21065599059999987
3.0,15.0,5.0,1.0,1.0066328577175028,1.0069641003975043,0.9844057375400043,0.9615879558324961,0.9268826630474953,0.8921210652250003,0.8441026938375006,0.7876052143900019,0.7534254254674956,0.7111957753800036,0.6889907480175025,0.6572321566549997,0.6251024484299998,0.593854117665003,0.5467269520125008,0.501280890427501,0.45938500059249926,0.42137198638499845,0.3882706236049984,0.35473048949249775,0.32370272993999905,0.28950446354500103,0.258969002497501,0.2320700224249987,0.20592412159249993
3.0,17.5,0.0,1.0,1.007849322027499,1.0109742124350016,0.9909466437350019,0.9719577035174978,0.9416535381099981,0.9118907240400023,0.8706552905849992,0.8180130908150012,0.7858030821999972,0.7442011510175023,0.7226891151100017,0.6907602483174986,0.6597199296924984,0.6255599129175016,0.5789071124624996,0.5344112480000005,0.48782075017000165,0.4456903393675,0.4122720545724984,0.38066586529249913,0.3511134909274979,0.31509084246749974,0.2872399899599998,0.26017570297000003,0.23601860251250037
3.0,17.5,0.5,1.0,1.007849322027499,1.0109742124350016,0.9909466437350019,0.9719577035174978,0.9416535381099981,0.9118907240400023,0.8706552905849992,0.8180130908150012,0.7858030821999972,0.7442011510175023,0.7226891151100017,0.6907602483174986,0.6597199296924984,0.6255599129175016,0.5789071124624996,0.5344112480000005,0.48782075017000165,0.4456903393675,0.4122720545724984,0.38066586529249913,0.3511134909274979,0.31509084246749974,0.2872399899599998,0.26017570297000003,0.23601860251250037
3.0,17.5,1.0,1.0,1.0078943526074988,1.010828840425002,0.9904408957475025,0.9710183338549976,0.9397025581924977,0.9083433881500024,0.8660626608399984,0.8122004813250014,0.7776928821149973,0.7357136065175024,0.7145764671475018,0.683841468814999,0.6532149284299977,0.6181395650075013,0.5718317120900003,0.5271865498375006,0.4837989665975014,0.44270972188499996,0.40967610520249825,0.3785563290549991,0.3493120681049979,0.31388131146499987,0.2856295346849999,0.25787284058750004,0.23457107780000036
3.0,17.5,1.5,1.0,1.0080923771549986,1.0107892848675022,0.9904877314025025,0.9711147943224977,0.9397683561699978,0.9086327475025024,0.8654157280674981,0.8109447094025013,0.7767017528124975,0.7354870673825026,0.7139527374075019,0.684402842947499,0.6532872188774976,0.6187004054600015,0.5720707263475007,0.5263618431975005,0.4832280197750012,0.4419335048900001,0.40952363923749824,0.3782311928974991,0.34854711714999786,0.3131904355324999,0.28510311032999996,0.25732558239,0.23346588142500027
3.0,17.5,2.0,1.0,1.007316532584999,1.0099723006600034,0.989455952675003,0.9701246074999982,0.9392582224649975,0.9067271656850029,0.8623917918749983,0.8081020958875011,0.7751063278999976,0.7350072484700024,0.7134460451550021,0.6821980106924991,0.6508063644849975,0.6174379487425015,0.5703010634925008,0.5240054041375006,0.48125461780750106,0.44012770751750013,0.40818910486749826,0.37730051308499923,0.3473723499724979,0.3128981777850003,0.2837230003825001,0.2571966152424999,0.23230111219000021
3.0,17.5,2.5,1.0,1.0077295341625,1.0102918871850037,0.9903459914425035,0.9721171356574979,0.9413496068549976,0.9084309480525035,0.8634098526674997,0.8089808765100007,0.7766560456349978,0.7364603568425021,0.7143616040325018,0.6823301838624987,0.6501027477224972,0.6173223204100026,0.5711718053200011,0.524559611585001,0.4830838796150008,0.4412675488450001,0.40862552003749825,0.37614463384749897,0.3462957395024979,0.3108569960475005,0.2818671646675003,0.2548088940899994,0.22941703481250006
3.0,17.5,3.0,1.0,1.0078198556675007,1.0099704734750043,0.9894401508775037,0.9711377086549977,0.9401065091474973,0.9070540421500037,0.8626220164949997,0.8078258747825005,0.7748379353474977,0.7349803109750019,0.7129109789100017,0.6800556547849983,0.647988057912497,0.6153733169600029,0.5699742570400014,0.5223337346200015,0.4809136776125008,0.43970942675,0.40719008387749817,0.3738757557799987,0.34296186875249796,0.3072203581775007,0.27800695021250027,0.2506017704824993,0.22516169878250017
3.0,17.5,3.5,1.0,1.0073181757675018,1.0090347703000044,0.9878073328200035,0.9685457796449971,0.9370552931424971,0.9043243425625033,0.85980637972,0.8041357565775006,0.7697028307149973,0.7295355101750021,0.707292767537502,0.6749923030874982,0.642966283042497,0.609638822952503,0.5647845619550013,0.5167021141125017,0.4759176094800007,0.4362979298374998,0.4037996423349982,0.3711481467899984,0.340377214617498,0.30556150671750076,0.27518309395250035,0.24855182217249916,0.2232970812600001
3.0,17.5,4.0,1.0,1.0065769680225043,1.007352334345005,0.9851501456850039,0.9638338228849948,0.9307913747149954,0.8969832348900026,0.8509046767200017,0.7938194819925007,0.7588410732949963,0.7180032747475019,0.6962519840750027,0.6652749035224969,0.6331325262199969,0.5998165481175032,0.555210098197501,0.5083191813300018,0.4675704027350004,0.4292136402774998,0.3956513709449978,0.3627700125424977,0.33235979479499805,0.2985268731450009,0.2687260347425008,0.24216609876749862,0.21518568058999982
3.0,17.5,4.5,1.0,1.006378433112505,1.0067272507950054,0.9840597956400039,0.9623699192349943,0.929000103274995,0.8947352820525023,0.8487247440575016,0.791102236170001,0.7542723951724964,0.7126819346550022,0.6914526560550026,0.6618764604574972,0.6291715739599973,0.5967190777450034,0.551009893767501,0.5046420809425016,0.4631282817225001,0.42569778165249955,0.39229238428999785,0.3590184988049976,0.3277816658199981,0.29425551977000114,0.26432843663000105,0.2370621745724983,0.21019538778499985
3.0,17.5,5.0,1.0,1.0063315619625026,1.0062777642775043,0.9832737800050039,0.9599275302249964,0.9248193441749956,0.8898651429350004,0.8412503009050006,0.7850205538750018,0.7502304612574959,0.7079858620225036,0.6848329390875024,0.6539304345574997,0.6211952617424996,0.5889339602325027,0.5418528648700007,0.4970483817775011,0.45516966464749964,0.41701292816999874,0.38505208870249874,0.3522052662824976,0.3218691014299989,0.2886437280000011,0.258268855065001,0.2317518624099987,0.2054566331674999
3.0,20.0,0.0,1.0,1.005476350679998,1.005334868347502,0.9835388052450011,0.9613528998649978,0.928586718777499,0.8931285541825009,0.8465049545724987,0.7874510660025013,0.7501089606799983,0.7058788459875026,0.6882632777125021,0.6615710964224998,0.6326469174599976,0.6014050392450003,0.558067801792499,0.5150483910474993,0.47400626503750165,0.4361303278349999,0.4048171757724985,0.37427787999249906,0.3457955790999979,0.3111581200649996,0.2839542591199998,0.2588375969650002,0.2342273982625004
3.0,20.0,0.5,1.0,1.005476350679998,1.005334868347502,0.9835388052450011,0.9613528998649978,0.928586718777499,0.8931285541825009,0.8465049545724987,0.7874510660025013,0.7501089606799983,0.7058788459875026,0.6882632777125021,0.6615710964224998,0.6326469174599976,0.6014050392450003,0.558067801792499,0.5150483910474993,0.47400626503750165,0.4361303278349999,0.4048171757724985,0.37427787999249906,0.3457955790999979,0.3111581200649996,0.2839542591199998,0.2588375969650002,0.2342273982625004
3.0,20.0,1.0,1.0,1.0055549554399978,1.0054094627900023,0.9835973252375015,0.9609121261899978,0.9273428857349988,0.8911568376050011,0.8441192799874984,0.7846456920375013,0.7470456983124985,0.7023439210550029,0.6853540315700022,0.6584577420599999,0.6313088387074973,0.5988280299550002,0.5553923036349996,0.5123986618349994,0.4721758140800014,0.4343519553574998,0.4024420347949984,0.3729323684474991,0.34427042175249783,0.3100716091874997,0.2823497429999999,0.25622785932000014,0.2324455599300004
3.0,20.0,1.5,1.0,1.0057529799874976,1.0053699072325024,0.9836441608925017,0.9611094915724979,0.9274966250049986,0.8915619931175012,0.8443209217024982,0.7839714786575013,0.7473476291649984,0.7029911827625032,0.6855966286575023,0.6594622476524998,0.6318313075249972,0.5996195420075003,0.5558472101799999,0.5117749430874994,0.47176024398250127,0.43372679249,0.40210261402249825,0.3724048575524992,0.34318009093749785,0.3090127103249998,0.28171258798999993,0.2555819188900001,0.23125315148250036
3.0,20.0,2.0,1.0,1.0052082431199982,1.0047597746300034,0.9830818179350018,0.9604220194949983,0.9274840336524984,0.8901373493975016,0.8423161551949984,0.782230097207501,0.7466718724999984,0.703226073280003,0.6851273582200024,0.6578345018799999,0.6299911524974972,0.5991263941000003,0.5545860779275,0.5103332018274995,0.47035891067750124,0.432196459935,0.4007967677674985,0.37166909861499936,0.34219288602749787,0.3087789221800001,0.28022378749000004,0.25519420945250004,0.2300482540150003
3.0,20.0,2.5,1.0,1.005641136452499,1.0049173937950036,0.9837416033025024,0.962008238609998,0.9293804747149985,0.8917312131150018,0.8429164356874995,0.7824860219050006,0.7468440306899986,0.7043817475200026,0.6851567269075021,0.657052785647499,0.628560553507497,0.598018528297501,0.5549367196200004,0.5101467126324999,0.471804189760001,0.4330533257825,0.4010559669249984,0.3704700969124991,0.34045522142749796,0.30626072750250033,0.27803018057000023,0.2527063455099995,0.22707657374000012
3.0,20.0,3.0,1.0,1.0056162354449996,1.0040718732050045,0.9820743956625022,0.9591463661949979,0.9251506461099989,0.8854887062450022,0.8361721624200004,0.7735094708149994,0.7352015065899988,0.6910818137125025,0.672532599180001,0.6430222761649991,0.6165969861274976,0.5868560187900012,0.5454782872500005,0.5009136241950012,0.4636128629075009,0.42601983204250005,0.3944768279449988,0.3636705671024986,0.332987548034998,0.29945735912500077,0.27190343270250034,0.24685144000249948,0.22129311925500011
3.0,20.0,3.5,1.0,1.0050790997125008,1.0031692447150045,0.980544245607502,0.9566287900449975,0.9218238202774988,0.882327411107502,0.8327218568600006,0.7692588534599994,0.7290357404374985,0.6841827215275028,0.665334633755001,0.6366067993799989,0.6100704288774977,0.5800147518825012,0.5394343547800003,0.49448382210250125,0.45755194838250096,0.42186897483,0.3900992458899989,0.3603560919974984,0.32973193310249804,0.29735950746000084,0.26846235377500044,0.24410327713499935,0.21892704277500005
3.0,20.0,4.0,1.0,1.0044576036450024,1.0019408693250051,0.9784229334475022,0.9530161896674956,0.9169884116824973,0.8768016402025015,0.8257630810000017,0.7607708131500001,0.7207854084949978,0.674276489485003,0.6554189168325014,0.6284904916299978,0.6014361605949977,0.5716854902075013,0.5310040712700003,0.4870919072400015,0.4498680286475006,0.41552368203000006,0.38272971152749874,0.3522873976899978,0.322416783344998,0.290874668027501,0.26243612139000083,0.23785973128749874,0.21164407075999975
3.0,20.0,4.5,1.0,1.004175185397503,1.0013009568750055,0.976994228227502,0.9511468246299954,0.9145787996099972,0.874204200470001,0.8236424064675018,0.7578436309675002,0.7164093110724978,0.6692426187075029,0.6509825515400014,0.6244797342024981,0.5967868317824979,0.5679304486475014,0.5262667801075002,0.4830488844650014,0.44400994082000056,0.410291194135,0.3778083407699988,0.3474445083224977,0.3172610635424982,0.28569742421750116,0.25727207803750096,0.23119462021499868,0.20482937356999975
3.0,20.0,5.0,1.0,1.0040935583475008,1.0007597665625045,0.9759127765750019,0.9482956294399973,0.9098081216499978,0.8686810670249995,0.8154817910850011,0.7515086789025005,0.7115345952149974,0.6634864635975036,0.644248213617501,0.6163298648175003,0.5880420238174994,0.5590077798650008,0.5158969815825,0.47379799502750103,0.4344979552550003,0.4002945172124995,0.3676641384074996,0.3376156332799977,0.3081161656374989,0.2752289528625012,0.246194692642501,0.22156120871499912,0.1962734059599998
3.0,22.5,0.0,1.0,0.998355492972495,0.9918310963350021,0.9637559396749978,0.9374749437749982,0.9015351802650009,0.8630582461799987,0.8123304218499962,0.7524367885600028,0.7120217417024981,0.6651278887075038,0.651213474567502,0.6306109835400024,0.6004206555674982,0.5721276628399982,0.530923639797498,0.4873549180424977,0.4494333134775028,0.41719468929999953,0.3881971469024985,0.3599467920924988,0.3334016615324984,0.3022548411174993,0.27719883331499967,0.25148788022250057,0.2276789179675004
3.0,22.5,0.5,1.0,0.998355492972495,0.9918310963350021,0.9637559396749978,0.9374749437749982,0.9015351802650009,0.8630582461799987,0.8123304218499962,0.7524367885600028,0.7120217417024981,0.6651278887075038,0.651213474567502,0.6306109835400024,0.6004206555674982,0.5721276628399982,0.530923639797498,0.4873549180424977,0.4494333134775028,0.41719468929999953,0.3881971469024985,0.3599467920924988,0.3334016615324984,0.3022548411174993,0.27719883331499967,0.25148788022250057,0.2276789179675004
3.0,22.5,1.0,1.0,0.9984642302199949,0.992042072857502,0.964064008172498,0.937918952389998,0.9017927503050008,0.8637087051274986,0.8124307650949961,0.7525091049075027,0.7125484676574981,0.6649690023575039,0.652521457627502,0.6305128883900025,0.6013005646599983,0.571874952004998,0.5304550874699983,0.486669020904998,0.4492097194475027,0.4169526518724995,0.3872921367749985,0.35920499613749884,0.3325134500024983,0.30115354199499933,0.27575494405499973,0.2488536581300006,0.22584368799750038
3.0,22.5,1.5,1.0,0.9988505250149948,0.9921831696300022,0.9644747071424981,0.938459391509998,0.9025446502100007,0.8648777156349986,0.8135854672649961,0.7527960953000027,0.7135303312649982,0.6662509884575039,0.653762456047502,0.6320488097975026,0.6026502702224983,0.5734678720274983,0.5320492316174985,0.487101606599998,0.4502783667600026,0.41750499346999964,0.3879530158899985,0.3593118617374989,0.3327609716649983,0.30122195623999937,0.27551049020249974,0.2486136852475006,0.22549612243750036
3.0,22.5,2.0,1.0,0.9988580886149948,0.9920395162700025,0.964633159037498,0.9385579195174981,0.9028952893575007,0.8641287306899988,0.8126555572624965,0.7511741577350025,0.7128846853899983,0.6662410045750038,0.653166459735002,0.6307379158925026,0.6014837173874984,0.5730691218024982,0.5314410295699986,0.4869204230999983,0.45007862753750255,0.4162913469274998,0.3871038980324986,0.3592737883399991,0.33210743323749836,0.30151972001999966,0.2743655405499998,0.24898032039250054,0.22489695790250028
3.0,22.5,2.5,1.0,0.9992136477624954,0.9923948709775026,0.9657136236649984,0.9403209462499978,0.9044335011175005,0.865693299389999,0.8133376533124972,0.7515253339950021,0.7132400636424983,0.6677418091575036,0.653177564305002,0.629702710805002,0.5998727242499982,0.5720151619599986,0.5317104677474989,0.4867077379524987,0.4515576992575023,0.41678203391249974,0.38651677667499856,0.35753276025749886,0.32993886125999844,0.298685717295,0.27127348572,0.24549759902500015,0.22099769582250015
3.0,22.5,3.0,1.0,0.9992230042899957,0.990757866897503,0.9619318791024974,0.9339330215574994,0.8961541537150031,0.8539533915699993,0.7998498372675003,0.7346903882625003,0.6926629304224983,0.6446628610025027,0.630177045490001,0.6062299645000013,0.5771249302124992,0.5503396012399994,0.512064448382499,0.4675315797625008,0.43441235806000156,0.40166826064750033,0.3725637601574998,0.34482859897999846,0.3167340990149985,0.2874130814050007,0.26150393623250034,0.23667066667999984,0.21294950460499998
3.0,22.5,3.5,1.0,0.9988088617899963,0.9901735801725031,0.9610344396649974,0.9324946849299995,0.893796799342503,0.8517040672599988,0.7970609923125005,0.7310467102425002,0.6875921369574981,0.6397901287475029,0.6243668670100009,0.6003999738600012,0.5716912458574993,0.5449328034074994,0.5071707456524988,0.4626313870300008,0.4288345680700016,0.39681553641500034,0.36673636461000003,0.3401307133549982,0.31233035310999857,0.2838655928975008,0.2571866913800005,0.2331640435449997,0.21004196973249986
3.0,22.5,4.0,1.0,0.9986107125324968,0.9898462165000033,0.9599672998324975,0.9306531390199995,0.8906465797575028,0.8478852829999984,0.7931654910375009,0.7258459482075004,0.681859147062498,0.6330586565625029,0.6164760004925006,0.5924317003350008,0.5640395654149993,0.5365780835974993,0.4986822116374986,0.45757721589250094,0.42225863007750136,0.3906369611125003,0.35923930269000026,0.330572922009998,0.3030369586399987,0.2751384037950008,0.24975617885500068,0.22464082291499943,0.20051448902249977
3.0,22.5,4.5,1.0,0.9985008685749969,0.9896301471625031,0.9592991424749973,0.9297638868099993,0.8893932279425028,0.8465526732074983,0.7922657746025007,0.7241290025900002,0.6794994294324979,0.6300131957525028,0.6135991004375005,0.589214992567501,0.5611451673724995,0.5341242230399993,0.49565584245749866,0.4547936194475008,0.41812158025250135,0.3870256722100003,0.3557632284625003,0.32669662226249796,0.2990338500249988,0.2707368785200009,0.2453287471075008,0.2190782037074993,0.1944401395599999
3.0,22.5,5.0,1.0,0.9980731855224958,0.9884363178225029,0.9576113103349968,0.9260340144500004,0.8840144300700037,0.8400297497949977,0.7842165046350006,0.7175457082775002,0.6738120249249978,0.6235699943150028,0.6074554245800001,0.5818106110800016,0.5527912761724998,0.525017309517499,0.4856432880824987,0.4458634893100008,0.40899329709750126,0.37741972834000026,0.34597817131250097,0.31717055564499796,0.29014662648749917,0.25999109250000085,0.23402326314750088,0.20904616710499938,0.1851422062975
3.0,25.0,0.0,1.0,0.996402435,0.988886143,0.960357447,0.933899593,0.897130733,0.858841626,0.810561534,0.749459951,0.708979181,0.662952393,0.648345317,0.625202604,0.597381555,0.569462032,0.527898489,0.485404967,0.445915385,0.412790045,0.38261924,0.354555717,0.326789776,0.296975811,0.271380072,0.246839136,0.223369426
3.0,25.0,0.5,1.0,0.9984153836074949,0.9922241564625018,0.9641146228899978,0.9386344919674982,0.9033959265975012,0.8648378998024987,0.8155668282024959,0.7563479824500028,0.715100900122498,0.6678195125425042,0.6545567200875023,0.6331786799000024,0.6026200724324984,0.5746036291399979,0.5332980736699978,0.4894034055049978,0.45118903284250295,0.41794742891249953,0.38883833462249856,0.36065496407499886,0.3338046795824984,0.3025177959024993,0.2774619103524997,0.2517503376725006,0.22779564910000036
3.0,25.0,1.0,1.0,0.9985241208549948,0.9924351329850019,0.964422691387498,0.9390785005824978,0.903653496637501,0.8654883587499985,0.815667171447496,0.7564202987975028,0.7156276260774982,0.6676606261925042,0.6558647031475021,0.6332018998800025,0.6034999815249984,0.5743509183049977,0.532829521342498,0.48871750836749805,0.4509654388125028,0.4177053914849994,0.38793332449499857,0.3599131681199988,0.3329164680524984,0.3014164967799994,0.27601802109249973,0.2491161155800006,0.22596041913000037
3.0,25.0,1.5,1.0,0.9989104156499948,0.9925762297575019,0.964833390357498,0.9396189397024979,0.9044053965425011,0.8666573692574986,0.816821873617496,0.7567072891900029,0.7166094896849983,0.6689426122925042,0.6571057015675023,0.6347378212875026,0.6048496870874982,0.575943838327498,0.5344236654899983,0.4891500940624981,0.4520340861250027,0.41825773308249964,0.38859420360999847,0.3600200337199989,0.3331639897149984,0.3014849110249994,0.27577356723999974,0.24887614269750055,0.22561285357000035
3.0,25.0,2.0,1.0,0.9989179792499948,0.9924325763975023,0.964991842252498,0.939717467709998,0.9047560356900008,0.8659409032099987,0.8158919636149962,0.7552087965700026,0.7159638438099982,0.6689326284100041,0.6565097052550022,0.6335482425125025,0.6038080190799984,0.575670962099998,0.5339376986724984,0.48897582767499825,0.4518479420325026,0.41704408653999975,0.3877450857524986,0.3599819603224991,0.33251045128749834,0.30178267480499965,0.2747993175449998,0.24936062922750055,0.22501368903500027
3.0,25.0,2.5,1.0,0.9992735383974954,0.9927879311050023,0.9660723068799983,0.9414804944424978,0.9062942474500008,0.8675054719099989,0.816574059664997,0.7555599728300022,0.7163192220624982,0.6704334329925039,0.656520809825002,0.6325130374250021,0.6021970259424982,0.5746170022574983,0.5342071368499987,0.4887631425274988,0.4533270137525024,0.4175347735249997,0.38715796439499855,0.3582409322399988,0.3303418793099984,0.29894867208000003,0.271707262715,0.2458779078600001,0.22111442695500014
3.0,25.0,3.0,1.0,0.9992828949249956,0.9911119253950029,0.9622270017774974,0.9349209772899993,0.8976498564475035,0.8554401751599993,0.8021283076175003,0.73751367898,0.6949686242499981,0.6469352646650032,0.6325682193300011,0.6085881764400013,0.5785654898349992,0.5520348285699991,0.5135736713174986,0.468775221465001,0.4355028405800018,0.4023281451700003,0.3731170925049998,0.3454176605349984,0.3171137714174985,0.2876514322150008,0.2619119735050004,0.23702422083499983,0.21306623573749994
3.0,25.0,3.5,1.0,0.9988915423349962,0.990547493022503,0.9613555395249975,0.9335123441274995,0.8952925020750037,0.8531908508499988,0.7993394626625006,0.7338700009600001,0.690096113459998,0.6422505149875032,0.6269518267700009,0.6027581858000012,0.5731318054799993,0.5468295040124991,0.5088738146524986,0.46406169369750105,0.4299503550750017,0.3976550156100003,0.3672896969575,0.3407197749099982,0.3127100255124986,0.2841039437075008,0.25771339731000054,0.23363544908499967,0.21027543199749982
3.0,25.0,4.0,1.0,0.9986933930774967,0.990220129350003,0.9602883996924976,0.9316707982174992,0.8921422824900033,0.8493720665899984,0.7954439613875011,0.7286859391100002,0.6843728774574979,0.6355208404300032,0.6190681432500007,0.5948022892350009,0.5654968316674994,0.538474784202499,0.5003852806374983,0.45900752256000105,0.42349125962750156,0.39147644030750023,0.35979263503750025,0.3311619835649979,0.3034166310424987,0.27537675460500083,0.2502828847850007,0.2251122284549994,0.20074795128749975
3.0,25.0,4.5,1.0,0.9985835491199968,0.990004060012503,0.9596688292849973,0.9307766217374993,0.8908932911025034,0.8480556303549984,0.7945943662275009,0.7273393283275,0.6822848438524978,0.6327991843200033,0.6164592902150006,0.591949526857501,0.5629770881074996,0.536197072362499,0.49753177108249846,0.456506531737501,0.41957429976250155,0.38798219847750026,0.35631656081000024,0.32734581897999787,0.29953229801249887,0.2709752293300009,0.24592209039500085,0.2195496092474993,0.19471805483749985
3.0,25.0,5.0,1.0,0.996402435,0.985670776,0.95143176,0.917380358,0.872088065,0.82529084,0.769083618,0.703235087,0.657579922,0.608472392,0.589896501,0.564345787,0.535927074,0.509094181,0.470049905,0.429436678,0.392408579,0.360302953,0.330359278,0.302041404,0.274610509,0.24521796,0.220128814,0.196176963,0.173374668
3.5,0.0,0.0,1.0,1.018379192017495,1.0341522451299945,1.0276040629724976,1.0251971737824963,1.0107213434500055,0.994882510222502,0.9653389299500033,0.9232922140024997,0.9053037913849967,0.8785382881124998,0.8572475562699984,0.8245671410074976,0.7853037497124998,0.7463321882125054,0.6909076119149973,0.6358923744550047,0.5832688598450035,0.539064961704999,0.49815720696500065,0.45915464172750126,0.4226766679774974,0.38359448667749846,0.3500464881724998,0.31806852789999773,0.28748695505250144
3.5,0.0,0.5,1.0,1.018379192017495,1.0341522451299945,1.0276040629724976,1.0251971737824963,1.0107213434500055,0.994882510222502,0.9653389299500033,0.9232922140024997,0.9053037913849967,0.8785382881124998,0.8572475562699984,0.8245671410074976,0.7853037497124998,0.7463321882125054,0.6909076119149973,0.6358923744550047,0.5832688598450035,0.539064961704999,0.49815720696500065,0.45915464172750126,0.4226766679774974,0.38359448667749846,0.3500464881724998,0.31806852789999773,0.28748695505250144
3.5,0.0,1.0,1.0,1.0183107844474948,1.033822998912495,1.026763026399998,1.0238399310849966,1.007967011720005,0.990732950735002,0.9597726671300026,0.9159280018275002,0.8955208038299967,0.8686826379824999,0.8464484459274986,0.8157170219649973,0.7766096552050006,0.7371840901475047,0.6825219589649976,0.6274855709475043,0.5769252136225032,0.5345727635449989,0.4942619769425006,0.45642361992000124,0.42070345039499735,0.38158723922999854,0.3473353638424998,0.31487488601749786,0.2853546156075013
3.5,0.0,1.5,1.0,1.0181336684724946,1.0336695859374951,1.026476114274998,1.0233616983524967,1.0069353163950048,0.9896442278450023,0.9579710321875026,0.9146090430275001,0.8935820844099969,0.8670960080599999,0.8445191153299987,0.8147656753624972,0.7749325765125006,0.7358184044825048,0.6807389870899979,0.6258286564275042,0.5747654165525031,0.532727791982499,0.49259172034750054,0.45438689931000126,0.41843482116749725,0.38021626993499863,0.34588297354999975,0.3136875481999979,0.28397681691250126
3.5,0.0,2.0,1.0,1.0171010760774941,1.0317539287174975,1.0227303622799992,1.0181264043599987,1.000065630302504,0.9822910273175037,0.9487178300775018,0.9045695317650003,0.8818127227674972,0.8559356310825001,0.8325217009299984,0.8026060567024964,0.7633520527475014,0.7252010167050044,0.6714832371924987,0.6167494111775038,0.567133998817503,0.5242760672549993,0.48657766591250046,0.4491505354350012,0.4130917733424972,0.37542021730499875,0.34012585999249967,0.30877088924749824,0.27949678923250104
3.5,0.0,2.5,1.0,1.0170370566024944,1.031282047562498,1.0222196640299996,1.0178031968549988,1.0003947324475042,0.982412692027504,0.949048843942502,0.9049110394300004,0.8823645710999972,0.8560959067325001,0.8330387831824986,0.8030656753424968,0.7638070150075014,0.7255173953250045,0.6719113283849987,0.617055791527504,0.567184691152503,0.5236978630224993,0.48594288164250043,0.44786213363250105,0.41109878408999717,0.37329769659749884,0.3381693096374997,0.3067697260424982,0.2772669832100009
3.5,0.0,3.0,1.0,1.0167800524199948,1.0303520897974985,1.020959047685,1.0167948423999986,0.9993942800825036,0.981774737182504,0.9482687755775016,0.9034502416375004,0.8810675783349972,0.8552249285725,0.8319411234324986,0.8014281583049966,0.7610673557275015,0.7226978273250043,0.668897590714999,0.6143740175925039,0.5647580403375031,0.5216767368424992,0.4837514418700005,0.4439555340600006,0.4070448914249972,0.36889559320499915,0.33324717572249946,0.30148275358749843,0.27213188489500084
3.5,0.0,3.5,1.0,1.016450635814995,1.029124050819999,1.018501861395,1.0134482977024977,0.995178018022503,0.9759689068700033,0.939914114412501,0.8953472309700007,0.8720598217024967,0.8439146836475006,0.8199060221649992,0.7891610977274973,0.7487146475300017,0.7126626451000044,0.660176127482499,0.6058264826475036,0.5570946556025024,0.5151189899274989,0.4761033578625005,0.43792842725750025,0.40202216569499727,0.36451126853249927,0.32924929117999946,0.29822656318499835,0.26918127748500076
3.5,0.0,4.0,1.0,1.0158837449524962,1.0279303306324994,1.0167654558200003,1.010473814449997,0.9905503830375018,0.9701214191550028,0.9328561563200009,0.8878287136275012,0.8621560822874967,0.8338767057850004,0.8111328829449999,0.7797465206824975,0.7405283637300017,0.7049648034425046,0.6524981101724994,0.6001577829325033,0.551685199577502,0.5089922499349989,0.46886761747250005,0.4289496652925,0.3937638845349973,0.35723004796749946,0.3221866788774998,0.29016229029249824,0.2605690912950006
3.5,0.0,4.5,1.0,1.0155359247199969,1.0266654144749996,1.0151220289900007,1.0075020696349966,0.9869590121425013,0.9655865759225024,0.9274305678350007,0.8824832796775014,0.8553848083724965,0.8263578548275002,0.8041924823950004,0.7745052656749978,0.7347151192675018,0.6989539747600046,0.6472150069599997,0.5952244388550032,0.5470229439350017,0.5043786929674988,0.4646357339524998,0.4242711597899998,0.3894830891449976,0.3524243087199996,0.31724982130000007,0.28369117531499827,0.25434893242000045
3.5,0.0,5.0,1.0,1.0154362582274965,1.0264777596849994,1.014566542907501,1.0061197858774968,0.9848670024375012,0.9635415488675017,0.9254744139825002,0.8822613681075017,0.8559254666499964,0.8270047852000006,0.8042267157300003,0.773953401042498,0.7334111321425014,0.6975482326175046,0.6450148862824995,0.592223246985003,0.5425035056775013,0.4986265427899983,0.46045747642499985,0.4193855657299996,0.38478799467499775,0.34736613044499953,0.31321172566750016,0.27860211289749837,0.24956583479750047
3.5,2.5,0.0,1.0,1.018379192017495,1.0341522451299945,1.0276040629724976,1.0251971737824963,1.0107213434500055,0.994882510222502,0.9653389299500033,0.9232922140024997,0.9053037913849967,0.8785382881124998,0.8572475562699984,0.8245671410074976,0.7853037497124998,0.7463321882125054,0.6909076119149973,0.6358923744550047,0.5832688598450035,0.539064961704999,0.49815720696500065,0.45915464172750126,0.4226766679774974,0.38359448667749846,0.3500464881724998,0.31806852789999773,0.28748695505250144
3.5,2.5,0.5,1.0,1.018379192017495,1.0341522451299945,1.0276040629724976,1.0251971737824963,1.0107213434500055,0.994882510222502,0.9653389299500033,0.9232922140024997,0.9053037913849967,0.8785382881124998,0.8572475562699984,0.8245671410074976,0.7853037497124998,0.7463321882125054,0.6909076119149973,0.6358923744550047,0.5832688598450035,0.539064961704999,0.49815720696500065,0.45915464172750126,0.4226766679774974,0.38359448667749846,0.3500464881724998,0.31806852789999773,0.28748695505250144
3.5,2.5,1.0,1.0,1.0183107844474948,1.033822998912495,1.026763026399998,1.0238399310849966,1.007967011720005,0.990732950735002,0.9597726671300026,0.9159280018275002,0.8955208038299967,0.8686826379824999,0.8464484459274986,0.8157170219649973,0.7766096552050006,0.7371840901475047,0.6825219589649976,0.6274855709475043,0.5769252136225032,0.5345727635449989,0.4942619769425006,0.45642361992000124,0.42070345039499735,0.38158723922999854,0.3473353638424998,0.31487488601749786,0.2853546156075013
3.5,2.5,1.5,1.0,1.0181336684724946,1.0336695859374951,1.026476114274998,1.0233616983524967,1.0069353163950048,0.9896442278450023,0.9579710321875026,0.9146090430275001,0.8935820844099969,0.8670960080599999,0.8445191153299987,0.8147656753624972,0.7749325765125006,0.7358184044825048,0.6807389870899979,0.6258286564275042,0.5747654165525031,0.532727791982499,0.49259172034750054,0.45438689931000126,0.41843482116749725,0.38021626993499863,0.34588297354999975,0.3136875481999979,0.28397681691250126
3.5,2.5,2.0,1.0,1.0171010760774941,1.0317539287174975,1.0227303622799992,1.0181264043599987,1.000065630302504,0.9822910273175037,0.9487178300775018,0.9045695317650003,0.8818127227674972,0.8559356310825001,0.8325217009299984,0.8026060567024964,0.7633520527475014,0.7252010167050044,0.6714832371924987,0.6167494111775038,0.567133998817503,0.5242760672549993,0.48657766591250046,0.4491505354350012,0.4130917733424972,0.37542021730499875,0.34012585999249967,0.30877088924749824,0.27949678923250104
3.5,2.5,2.5,1.0,1.0170370566024944,1.031282047562498,1.0222196640299996,1.0178031968549988,1.0003947324475042,0.982412692027504,0.949048843942502,0.9049110394300004,0.8823645710999972,0.8560959067325001,0.8330387831824986,0.8030656753424968,0.7638070150075014,0.7255173953250045,0.6719113283849987,0.617055791527504,0.567184691152503,0.5236978630224993,0.48594288164250043,0.44786213363250105,0.41109878408999717,0.37329769659749884,0.3381693096374997,0.3067697260424982,0.2772669832100009
3.5,2.5,3.0,1.0,1.0167800524199948,1.0303520897974985,1.020959047685,1.0167948423999986,0.9993942800825036,0.981774737182504,0.9482687755775016,0.9034502416375004,0.8810675783349972,0.8552249285725,0.8319411234324986,0.8014281583049966,0.7610673557275015,0.7226978273250043,0.668897590714999,0.6143740175925039,0.5647580403375031,0.5216767368424992,0.4837514418700005,0.4439555340600006,0.4070448914249972,0.36889559320499915,0.33324717572249946,0.30148275358749843,0.27213188489500084
3.5,2.5,3.5,1.0,1.016450635814995,1.029124050819999,1.018501861395,1.0134482977024977,0.995178018022503,0.9759689068700033,0.939914114412501,0.8953472309700007,0.8720598217024967,0.8439146836475006,0.8199060221649992,0.7891610977274973,0.7487146475300017,0.7126626451000044,0.660176127482499,0.6058264826475036,0.5570946556025024,0.5151189899274989,0.4761033578625005,0.43792842725750025,0.40202216569499727,0.36451126853249927,0.32924929117999946,0.29822656318499835,0.26918127748500076
3.5,2.5,4.0,1.0,1.0158837449524962,1.0279303306324994,1.0167654558200003,1.010473814449997,0.9905503830375018,0.9701214191550028,0.9328561563200009,0.8878287136275012,0.8621560822874967,0.8338767057850004,0.8111328829449999,0.7797465206824975,0.7405283637300017,0.7049648034425046,0.6524981101724994,0.6001577829325033,0.551685199577502,0.5089922499349989,0.46886761747250005,0.4289496652925,0.3937638845349973,0.35723004796749946,0.3221866788774998,0.29016229029249824,0.2605690912950006
3.5,2.5,4.5,1.0,1.0155359247199969,1.0266654144749996,1.0151220289900007,1.0075020696349966,0.9869590121425013,0.9655865759225024,0.9274305678350007,0.8824832796775014,0.8553848083724965,0.8263578548275002,0.8041924823950004,0.7745052656749978,0.7347151192675018,0.6989539747600046,0.6472150069599997,0.5952244388550032,0.5470229439350017,0.5043786929674988,0.4646357339524998,0.4242711597899998,0.3894830891449976,0.3524243087199996,0.31724982130000007,0.28369117531499827,0.25434893242000045
3.5,2.5,5.0,1.0,1.0154362582274965,1.0264777596849994,1.014566542907501,1.0061197858774968,0.9848670024375012,0.9635415488675017,0.9254744139825002,0.8822613681075017,0.8559254666499964,0.8270047852000006,0.8042267157300003,0.773953401042498,0.7334111321425014,0.6975482326175046,0.6450148862824995,0.592223246985003,0.5425035056775013,0.4986265427899983,0.46045747642499985,0.4193855657299996,0.38478799467499775,0.34736613044499953,0.31321172566750016,0.27860211289749837,0.24956583479750047
3.5,5.0,0.0,1.0,1.018526944592495,1.0343862463749947,1.0277419034224975,1.0251675408249965,1.0104958741300063,0.9949588699075023,0.9654972003350035,0.9231794155574993,0.9050851020549967,0.8776521831575004,0.8571558851499981,0.8238955104674974,0.7852416048424996,0.7463931520200053,0.6912315774024971,0.6359016700250048,0.5829952478475033,0.538978524949999,0.4987748072350009,0.46064946278250146,0.4240482921374973,0.38422794084249856,0.35058131112499985,0.31872501387999774,0.2880119964125014
3.5,5.0,0.5,1.0,1.018526944592495,1.0343862463749947,1.0277419034224975,1.0251675408249965,1.0104958741300063,0.9949588699075023,0.9654972003350035,0.9231794155574993,0.9050851020549967,0.8776521831575004,0.8571558851499981,0.8238955104674974,0.7852416048424996,0.7463931520200053,0.6912315774024971,0.6359016700250048,0.5829952478475033,0.538978524949999,0.4987748072350009,0.46064946278250146,0.4240482921374973,0.38422794084249856,0.35058131112499985,0.31872501387999774,0.2880119964125014
3.5,5.0,1.0,1.0,1.0184585370224948,1.034057000157495,1.0269008668499977,1.0238102981274968,1.0077415424000058,0.9907338250750023,0.9598675687800029,0.9157373744799997,0.8945832371749968,0.8669112810675,0.8457370949374985,0.814632570482497,0.7758851114700005,0.7358210164775048,0.6815336503599977,0.6269121286800045,0.576562319435003,0.534437162622499,0.4948255443825009,0.45785950748000137,0.42180457250999726,0.3821531716974987,0.3477994463274999,0.31545782218249785,0.28580370295750135
3.5,5.0,1.5,1.0,1.0182814210474946,1.033903587182495,1.026613954724998,1.0233320653949969,1.0067098470750055,0.9896451021850026,0.9580659338375027,0.9144184156799996,0.8926445177549971,0.865324651145,0.8438077643399986,0.8136812238799971,0.7742080327775007,0.7344553308125046,0.6797506784849979,0.6252552141600043,0.574341168047503,0.532592191059999,0.4931552877875008,0.4557537852325014,0.41947729268999717,0.38078220240249877,0.3463470560349998,0.31427048436499794,0.28442590426250125
3.5,5.0,2.0,1.0,1.0172312261124943,1.0320206644024972,1.0229830689374992,1.0181386277324989,0.9999830611450043,0.9824347173200038,0.9493793030875015,0.9052605310199998,0.8820081273899973,0.8553774752550002,0.8331550372224983,0.8027269623799965,0.7638169206725012,0.7247912228850043,0.6712646293624988,0.616821095465004,0.5671570389425028,0.5245427529824993,0.48732584602250056,0.4508148325225012,0.4140162745774971,0.3760114475774989,0.34051556307999964,0.3094099232924983,0.2802131958650011
3.5,5.0,2.5,1.0,1.0171672066374946,1.0315872514199975,1.0225512986374996,1.0179300158199989,1.0003729879300045,0.982626099317504,0.9497756584625019,0.9056715870599998,0.8825082068274973,0.8557871581400002,0.8334208948574984,0.803086331109997,0.7640856979925009,0.7252735970700046,0.6719075183399988,0.617144928585004,0.5672430063875028,0.5239981419024993,0.48672253604500054,0.4495264307200011,0.4120910767374971,0.3739391483974989,0.33858692434999965,0.30740876008749823,0.2779833898425009
3.5,5.0,3.0,1.0,1.0169102024549947,1.0306572936549983,1.0212906822924999,1.016921661364999,0.999413411750004,0.982044575232504,0.9490676021775015,0.9042011912724999,0.8810826299624972,0.8549076164175001,0.8321857237274984,0.8014237785549969,0.7613140699425012,0.7224968256600044,0.6689339009199992,0.614463154650004,0.5648163555725029,0.5219770157224991,0.48453109627250057,0.4454134258700006,0.40803718407249717,0.3695370450049992,0.3336647904349994,0.3021217876324985,0.27284829152750084
3.5,5.0,3.5,1.0,1.0166118302349951,1.0294534668099986,1.0188799290150001,1.0136300712149982,0.9952573378625034,0.9762631289925032,0.9406376512375009,0.8960471719450003,0.871863519534997,0.8433695091975004,0.819823068547499,0.7890599090274975,0.7488187342850015,0.7124177338075044,0.6601996267224992,0.6058867473350037,0.5571060966475022,0.515429427874999,0.4768857602925006,0.4389515258550003,0.4028924711474972,0.36512450253749923,0.3296429051599995,0.2987961603799983,0.2698976841175008
3.5,5.0,4.0,1.0,1.0160449393724962,1.028259746622499,1.0171435234400004,1.0106711820224972,0.9905613694825022,0.9702154482725028,0.9334811849100008,0.8883723401250007,0.861690066939997,0.833127374945,0.8108531100899996,0.7792914170874977,0.7404256652825016,0.7045562312375047,0.6523719595574994,0.6002180476200034,0.5515902831200018,0.5093026878824989,0.46965001990250016,0.42997276388999994,0.3946341899874972,0.35784328197249954,0.32258029285749984,0.29073188748749823,0.26128549792750067
3.5,5.0,4.5,1.0,1.015691449272497,1.0270073074599992,1.0154436841700007,1.0076587725599966,0.9869668549900016,0.9656761234400021,0.9283815011100007,0.8825989037450008,0.8550964558324968,0.8263977929700002,0.8046712270899999,0.7742417121374978,0.7343186095550016,0.6993160411250048,0.6471758407299998,0.5952371118875033,0.5467495283875015,0.5046891309149988,0.46541813638249996,0.4252004862424998,0.3902635281624975,0.3529519152624996,0.3175616419375001,0.28426077250999826,0.2550653390525005
3.5,5.0,5.0,1.0,1.0155996453274965,1.026819652669999,1.014907727990001,1.006354358852497,0.9849467314800016,0.9637195406450013,0.9264253472575001,0.8823285671300012,0.8556218183099964,0.8270328649600006,0.8046349602575,0.7736221269724982,0.7330428659100012,0.6978344456825049,0.6448941442824996,0.592163111732503,0.5422641338600012,0.4988979756374982,0.46082295652499994,0.41975107468499956,0.3851395042574976,0.3476064142949996,0.3135235463050002,0.27917171009249836,0.2502822414300005
3.5,7.5,0.0,1.0,1.018528647022495,1.0343580821824947,1.0275148786999975,1.0248183375849966,1.0100146583175063,0.9943046630725024,0.9646999004725036,0.9221391458199993,0.9040073312899969,0.8762365408900006,0.8558571101324982,0.8227613713999972,0.7838913314274994,0.7453704274575053,0.6903285552649971,0.6351537746450048,0.5822114250450032,0.5384153528249991,0.49839166465500084,0.4603246382350015,0.4238799531549972,0.3841446076374986,0.35051052758499984,0.31872501387999774,0.2880119964125014
3.5,7.5,0.5,1.0,1.018528647022495,1.0343580821824947,1.0275148786999975,1.0248183375849966,1.0100146583175063,0.9943046630725024,0.9646999004725036,0.9221391458199993,0.9040073312899969,0.8762365408900006,0.8558571101324982,0.8227613713999972,0.7838913314274994,0.7453704274575053,0.6903285552649971,0.6351537746450048,0.5822114250450032,0.5384153528249991,0.49839166465500084,0.4603246382350015,0.4238799531549972,0.3841446076374986,0.35051052758499984,0.31872501387999774,0.2880119964125014
3.5,7.5,1.0,1.0,1.0184602394524949,1.0340288359649952,1.0266738421274977,1.0234610948874967,1.0072603265875057,0.9900796182400026,0.9590702689175029,0.9146971047424998,0.893505466409997,0.8655680364275001,0.8444383199199984,0.8134809019424968,0.7745174713300003,0.7346723360225047,0.6806313777149978,0.6260339995225045,0.575610181390003,0.533832790029999,0.49443575812000085,0.45753468293250144,0.42163623352749724,0.38206983849249865,0.34772866278749986,0.31545782218249785,0.28580370295750135
3.5,7.5,1.5,1.0,1.0182831234774945,1.0338754229899951,1.026386930002498,1.0229828621549968,1.0062286312625057,0.9889908953500027,0.9572686339750028,0.9133781459424997,0.891566746989997,0.8641269485425,0.8426509801199985,0.8125295553399968,0.7728403926375005,0.7333066503575045,0.6788484058399981,0.6243770850025043,0.5733890300025029,0.531987818467499,0.4927655015250007,0.45542896068500144,0.41930895370749716,0.3806988691974988,0.3462762724949998,0.31427048436499794,0.28442590426250125
3.5,7.5,2.0,1.0,1.0172329285424944,1.0320034116899972,1.0228961173624993,1.0179927831974986,0.9997713677425044,0.9821608401850038,0.9490941369275017,0.9048154332674997,0.8813945737549973,0.854581324225,0.8325606128049985,0.8021826424649967,0.7632911327725008,0.7242385145425042,0.6708738963924987,0.616341740232504,0.5666668522150027,0.5242004282199992,0.48709525814500054,0.45064970479500127,0.4140063629849972,0.3760065536949988,0.3405223072749996,0.3094099232924983,0.2802131958650011
3.5,7.5,2.5,1.0,1.0171689090674945,1.0315699987074975,1.0224643470624997,1.0177841712849987,1.0001612945275047,0.982421939470004,0.949558339200002,0.9052960376824999,0.8819694678124974,0.8551512827600001,0.8328985942749987,0.8026060771624972,0.7636170284225007,0.7247730458650046,0.6715569056199988,0.6167413961725041,0.5668519908250027,0.5237985375699992,0.4865655957500005,0.4493753911175011,0.41208116514499715,0.3739567080449989,0.3385936685449996,0.30740876008749823,0.2779833898425009
3.5,7.5,3.0,1.0,1.0169119048849948,1.0306400409424983,1.0212037307175,1.0167758168299987,0.9992017183475042,0.9818404153850041,0.9488502829150015,0.9038256418949999,0.8805438909474972,0.8542717410374999,0.8316634231449985,0.8007071926149973,0.7604037351575008,0.7216883845300046,0.6683156596549992,0.6139116412525041,0.5642954450375026,0.5217622247899991,0.4843741559775006,0.4452623862675006,0.4080272724799972,0.3695546046524991,0.33367153462999943,0.3021217876324985,0.27284829152750084
3.5,7.5,3.5,1.0,1.0166135326649952,1.0294362140974986,1.0188325322025003,1.013538446209998,0.9951140378125035,0.9760633361750033,0.9403026780925009,0.8955666907200004,0.8712419218574969,0.8428578444250003,0.8193484894999989,0.7882153855399977,0.7476745682400011,0.7114633979825045,0.6594425595924992,0.6052032560000038,0.5563688721175021,0.5152002715799989,0.4767258447575006,0.4388004862525003,0.4028825595549972,0.3651420621849992,0.3296496493549994,0.2987961603799983,0.2698976841175008
3.5,7.5,4.0,1.0,1.0160466418024963,1.028242493909999,1.0170961266275003,1.010579557017497,0.9904180694325022,0.9700156554550028,0.9331462117650007,0.8878811099275005,0.861090513327497,0.83244451756,0.8103785310424996,0.7784468935999979,0.7392405931800013,0.7035831743175046,0.6516148924274994,0.5995345562850035,0.5508530585900017,0.5090735315874988,0.46949010436750016,0.42985731958749995,0.3946478264324972,0.3578856000774996,0.3226125114774998,0.29073188748749823,0.26128549792750067
3.5,7.5,4.5,1.0,1.015684966274997,1.026970628637499,1.0153637353650007,1.0075198698849968,0.9867612622100016,0.9653599673275022,0.9278847437725009,0.8819698620800008,0.8541099050574966,0.8252865483650001,0.8036282128149999,0.7729564358599981,0.7329525699750014,0.6981940991375047,0.6462149397574997,0.5944655403875033,0.5459484078025013,0.5043299344649987,0.4651988107974999,0.42504497868999974,0.39024818439749753,0.3529942333674996,0.3175938605575001,0.28426077250999826,0.2550653390525005
3.5,7.5,5.0,1.0,1.0156010248774965,1.026797407819999,1.014847309087501,1.006239106697497,0.9847678939750015,0.9634623473725011,0.9259600602450001,0.8816824764925011,0.8545817977174964,0.8258728427025008,0.8035232350674998,0.7722184788999984,0.731852930962501,0.6968780874175047,0.6441534071899995,0.5915978864950031,0.541597329587501,0.49862801859749817,0.4606143299374999,0.4196031959424995,0.3851290764374976,0.34764873239999966,0.3135557649250002,0.27917171009249836,0.2502822414300005
3.5,10.0,0.0,1.0,1.013935639579995,1.0235944604300014,1.0107811814000016,0.9980724634575003,0.9731445172600016,0.9446923082550043,0.9076447413649984,0.8560109078925007,0.8302747754174976,0.7931410726100016,0.7714001085200006,0.7360260511649996,0.7033512744774992,0.6696680525900027,0.6198695114725004,0.5700784609625028,0.5190106996875018,0.47869817975249956,0.4385932660074994,0.4064706852049998,0.3750677348399972,0.33699852836749983,0.30935357408999925,0.2797062464774997,0.2512720526800008
3.5,10.0,0.5,1.0,1.013935639579995,1.0235944604300014,1.0107811814000016,0.9980724634575003,0.9731445172600016,0.9446923082550043,0.9076447413649984,0.8560109078925007,0.8302747754174976,0.7931410726100016,0.7714001085200006,0.7360260511649996,0.7033512744774992,0.6696680525900027,0.6198695114725004,0.5700784609625028,0.5190106996875018,0.47869817975249956,0.4385932660074994,0.4064706852049998,0.3750677348399972,0.33699852836749983,0.30935357408999925,0.2797062464774997,0.2512720526800008
3.5,10.0,1.0,1.0,1.0139070911999948,1.0233262730575017,1.0099784595250019,0.9968578680800003,0.971114155567501,0.9413509984000045,0.9027630032824976,0.8497617480900012,0.8215383681974976,0.7845396217825014,0.7620135536650006,0.7284997153224996,0.6955164965624994,0.6601981087200026,0.6109098143825009,0.5614082368475026,0.5136510726350015,0.4741703920624996,0.4350286290224993,0.40373596381249977,0.37294969029749725,0.3350892700799998,0.30700693274499935,0.27684321308999976,0.2492853307825008
3.5,10.0,1.5,1.0,1.0138777881449947,1.0231659444575019,1.009742869095002,0.9966375939275005,0.970315884002501,0.9407908474700045,0.9019536295774975,0.8487297796825009,0.8205657894899978,0.7845319932350014,0.7614148179050007,0.7286756093799995,0.6952130566899991,0.6603595608075027,0.6106219310350014,0.5602559776850026,0.5123206888475014,0.4732631200274997,0.43456076738749916,0.40269394230999983,0.37171517669999715,0.3341279801849999,0.30583149911499935,0.2758145406674997,0.24802377332500078
3.5,10.0,2.0,1.0,1.0129074360349943,1.0214752181200037,1.0069421523725035,0.9927260886975021,0.9659895983350004,0.9360888881925056,0.8958011576649967,0.8431088341000006,0.8132258412299982,0.7771627737700014,0.7548048773875009,0.7216697245450002,0.6880805737249989,0.6537409198325027,0.6049871081525019,0.5544980926550026,0.5075451989550012,0.4679126853374997,0.43125030904249917,0.40021504885999987,0.3679065063824972,0.3320769455950002,0.30244635840999934,0.27350155815,0.2453109779150006
3.5,10.0,2.5,1.0,1.0131735102499946,1.021748580882504,1.0074075711225037,0.9941569018525022,0.9685382800600008,0.9387957513725057,0.8986893625574974,0.8461489500300007,0.8166359741624983,0.7803814913050015,0.7578043218950008,0.7245111277925008,0.6904160530049986,0.6563350674825034,0.6077430534450021,0.5564852213075028,0.509279727072501,0.46933357635749945,0.43211650783249916,0.3996596691224997,0.3670319469224973,0.33044645641250026,0.30055940054499947,0.2716980049699998,0.24302171986750046
3.5,10.0,3.0,1.0,1.012915985904995,1.0208199953875048,1.0062079720025041,0.9931368896250021,0.9674141980075003,0.9381716960625057,0.8979161948174971,0.8443849690650008,0.814907961064998,0.7794595022400013,0.7564903800775007,0.7231231885825007,0.6882425121274989,0.6537512636125034,0.6053558772325024,0.5538741851375031,0.5066614239450011,0.4672927540449992,0.4298485714799991,0.3956950411599995,0.3629028121249975,0.32583003997000043,0.2955357930724993,0.26632146536250006,0.23762068063500053
3.5,10.0,3.5,1.0,1.0125612166324955,1.019715312632505,1.004027586265004,0.9900500808425011,0.9636894100124997,0.9335526932300049,0.891778578894997,0.8381991722250011,0.8079346192799978,0.7714867572400018,0.7480836372275008,0.7143529079950011,0.679667895977499,0.6460687059725038,0.5984258742625022,0.5467817837275027,0.5003647952425007,0.46187103628499915,0.42334970552749907,0.3900774910399994,0.35808887435499764,0.3225732015025005,0.2921848770724995,0.2633588411299998,0.23511053442500038
3.5,10.0,4.0,1.0,1.0119071978649974,1.0181172466725055,1.0016715353750048,0.9859020070799989,0.9581212258299978,0.9272932493225038,0.8844353995324973,0.830274451912501,0.7976475497699969,0.7597771804350018,0.7377047023900015,0.7054548095200012,0.6705346363774993,0.6371268069075039,0.5904892617675022,0.5395039474500025,0.4934290597900002,0.4552678735674991,0.41634603292749844,0.382421880074999,0.3507943312824978,0.3163981145300008,0.2861814662075,0.2573719058924995,0.22740692922250014
3.5,10.0,4.5,1.0,1.011477312877499,1.0167539684800053,0.9997527808425047,0.9827657288899978,0.9543013243424973,0.9228465244100028,0.8788761536624972,0.8233870794025014,0.7895267793024964,0.7507152171950018,0.7292471818450019,0.6986188785350016,0.6634280280849993,0.6308087566075039,0.5838459055875022,0.5339896169125025,0.4882348743349997,0.45058649262499884,0.4120631993774984,0.3772917588174988,0.34595241369999813,0.3116021870600009,0.28132440217000043,0.2518623443724992,0.22178695505249998
3.5,10.0,5.0,1.0,1.011372085467498,1.016604246392505,0.9990849143600048,0.9814239011224986,0.9520380103499977,0.9205594508575016,0.8752260429824963,0.821778929915002,0.7889558092774958,0.7507985054950026,0.7271440510000017,0.6951147601725027,0.6598060635250006,0.6271550338275035,0.5788177204550017,0.528660950292502,0.4825132651674992,0.44456089302999824,0.4063047983524985,0.3714240439499987,0.3398366945649986,0.3059642344975008,0.27549273897250054,0.24615160876749903,0.21647819738500013
3.5,12.5,0.0,1.0,1.0124670838599972,1.0200167562825018,1.003346413125002,0.9873973312524987,0.9585518675474982,0.9289840961075027,0.8912889364499976,0.8375818926150014,0.8068598013149968,0.7684895524900023,0.7450969349650016,0.7103710385650007,0.6790550298124995,0.6462227196950029,0.5982964751900005,0.5487598120825016,0.5007929415950012,0.4600592050274994,0.4226872752399987,0.38996734132499905,0.35848870125999793,0.3225193183674998,0.29480008606249974,0.2679747415,0.2430692366100006
3.5,12.5,0.5,1.0,1.0124670838599972,1.0200167562825018,1.003346413125002,0.9873973312524987,0.9585518675474982,0.9289840961075027,0.8912889364499976,0.8375818926150014,0.8068598013149968,0.7684895524900023,0.7450969349650016,0.7103710385650007,0.6790550298124995,0.6462227196950029,0.5982964751900005,0.5487598120825016,0.5007929415950012,0.4600592050274994,0.4226872752399987,0.38996734132499905,0.35848870125999793,0.3225193183674998,0.29480008606249974,0.2679747415,0.2430692366100006
3.5,12.5,1.0,1.0,1.012460816302497,1.019736115705002,1.0026405927300026,0.9862861256074988,0.956541469919998,0.9255943221025027,0.8862401533349967,0.8309464910100016,0.7967167152724968,0.7589465864825025,0.7345305988275017,0.7023496317050006,0.6711770392199995,0.6367061961975028,0.589491625582501,0.5400133315500013,0.4951408034150009,0.4552809959274993,0.4188689216674986,0.387447804729999,0.35638366194499804,0.32062727735999985,0.2921518219999998,0.2647677613850001,0.24090849545500057
3.5,12.5,1.5,1.0,1.0125191496374968,1.0196533476650023,1.0024395296525028,0.986103562497499,0.9560174178874977,0.9252480310500028,0.8854307796299966,0.8296907190875015,0.795641953719997,0.7587651655700024,0.7336235366425018,0.7025658568950007,0.6711674378549993,0.637301900070003,0.5896043276550014,0.5391207738500012,0.49443188256250076,0.4545813377049995,0.4189123291149985,0.3867781252474991,0.355537919202498,0.31995322706499996,0.29134921309749984,0.26395425240750003,0.23979969979000054
3.5,12.5,2.0,1.0,1.0115252630374973,1.0181962903100037,1.0002937638150038,0.9827599501000001,0.9530814823049972,0.9218410379350034,0.8810301316249959,0.8259597563850014,0.7925407551849969,0.7551677879625025,0.731750461190002,0.6999131840175012,0.6678814793699992,0.634200182282503,0.5873952885150016,0.5366915094000012,0.49215949606750053,0.45176627977999934,0.4176549927499986,0.38607135023749906,0.35425500361499795,0.31917938939500023,0.2897827141874999,0.26317960037250004,0.2379990656375004
3.5,12.5,2.5,1.0,1.0118274113199974,1.018533144917504,1.0011814959075043,0.9847431028774999,0.9559741790724974,0.9244141166475036,0.8839730245749968,0.8287416613800015,0.7961480638174971,0.7585678671775027,0.7349444635150018,0.7029908296200014,0.670282917799999,0.6368587567350038,0.5900951055825018,0.5389474491725015,0.49443968471000027,0.4536370317449991,0.41867818050249844,0.3857639506474989,0.353446489237498,0.31744781528500043,0.28789506628000017,0.26097555052499966,0.2352897385500003
3.5,12.5,3.0,1.0,1.0116215295524977,1.017590390250005,1.0000026104300048,0.9838957548774997,0.9552057061549968,0.9238557673750037,0.8833048170249964,0.8275908930125017,0.7952085590374969,0.7577513955700026,0.7342250420000016,0.7014905982500014,0.668661210134999,0.634713963502504,0.588446202780002,0.5369329580450022,0.4921840423925003,0.4522185846149989,0.4174132823899985,0.38420840172749865,0.35094221391749797,0.3142572888500006,0.2842029148425,0.25689258378749963,0.2308045027175004
3.5,12.5,3.5,1.0,1.0112579429974984,1.016637830472505,0.9980768456300046,0.9815442034274988,0.952694286482496,0.9202102016925028,0.8784333190574962,0.822380066875002,0.7896312783399965,0.7512023703100028,0.7273896608425017,0.695095336375002,0.6621982707099994,0.628403890887504,0.582358032505002,0.531048738137502,0.4871075862024998,0.4483254243849986,0.41302942382749847,0.38013771745249864,0.34686700268999815,0.31120132017500063,0.2810363833050002,0.25402967870999954,0.22826092594750036
3.5,12.5,4.0,1.0,1.0105707444850005,1.0150134082050055,0.9957296298925051,0.9773808042674965,0.9473272281349943,0.9141642005425017,0.8710901396949967,0.8138918494550021,0.7792897005699956,0.7397424818025026,0.7171555542225023,0.6862183292075019,0.6526306430849995,0.619218168335004,0.5738040894975018,0.5232451153025018,0.4798665248949993,0.4418189050624984,0.40575171624249806,0.372462340867498,0.3394057101874984,0.30484018830500087,0.27507959869750065,0.2480869281024992,0.22054643530750007
3.5,12.5,4.5,1.0,1.010140859497502,1.0137368789950054,0.9941260370900052,0.9748103699799955,0.9442022990024936,0.9105043314100008,0.8663272306974962,0.8077898575525028,0.7719033537449951,0.731574041470003,0.7095171339175029,0.6800569783675026,0.6461980980975,0.6136224170075042,0.5673562610700019,0.5179811619900015,0.4747896269799989,0.43728046823249805,0.40186379395499794,0.367622376317498,0.3347954972224986,0.30012552293000105,0.270328705620001,0.24262927370749893,0.21495178418749997
3.5,12.5,5.0,1.0,1.0102531747400003,1.0140434894225048,0.9942244676175054,0.9745122812224968,0.9432138511074936,0.9095228119899992,0.8634051306624951,0.8071265233675036,0.7728758250199942,0.7329742082650043,0.7082925530950027,0.6770940873175044,0.6431306519475021,0.6104725998425039,0.5628183065025016,0.5132920599875009,0.4693116531524983,0.4314010264199972,0.39629628372499826,0.3620372836249978,0.3290639829424993,0.294281289967501,0.26408134140750117,0.23645695044499895,0.20949626983999997
3.5,15.0,0.0,1.0,1.008097875522499,1.0113513379150014,0.9915012381475019,0.9727882831524979,0.9427135803474981,0.9129868053725025,0.8727777095999992,0.8201368850025013,0.7874766144124973,0.7468175421250021,0.7249688047800018,0.6925031486699987,0.6616638573174984,0.6283013177375018,0.5816052321574997,0.5368527972525006,0.4891146906125017,0.44800767499250005,0.4138542741524984,0.38217655394499905,0.35285294688749785,0.3170510137749998,0.2903500358749998,0.2636181145374999,0.23917532822250043
3.5,15.0,0.5,1.0,1.008097875522499,1.0113513379150014,0.9915012381475019,0.9727882831524979,0.9427135803474981,0.9129868053725025,0.8727777095999992,0.8201368850025013,0.7874766144124973,0.7468175421250021,0.7249688047800018,0.6925031486699987,0.6616638573174984,0.6283013177375018,0.5816052321574997,0.5368527972525006,0.4891146906125017,0.44800767499250005,0.4138542741524984,0.38217655394499905,0.35285294688749785,0.3170510137749998,0.2903500358749998,0.2636181145374999,0.23917532822250043
3.5,15.0,1.0,1.0,1.008142906102499,1.011205965905002,0.9910167927675024,0.9718763247299976,0.9407955238424978,0.9094777176675026,0.8677500265974984,0.8137438040525014,0.7789773365149972,0.7378720723650024,0.7165884288950017,0.685072087069999,0.6548493611299979,0.6205818709975016,0.5742490787750003,0.5286750433675006,0.4842694976000013,0.44400109725,0.4102568440374983,0.3794483334974991,0.35048129020499785,0.3148439916749999,0.2873584105399999,0.26021201564999985,0.2367645069850004
3.5,15.0,1.5,1.0,1.0083409306499989,1.0111664103475022,0.9910636284225026,0.9719727851974979,0.9408613218199978,0.9099031253425026,0.8672551164549982,0.8124880321300013,0.7779862072124974,0.7376455332300026,0.7159646991550019,0.685809639862499,0.6549216515774978,0.6211427114500018,0.5744880930325007,0.5278503367275005,0.48369855077750123,0.44322488025500023,0.4101043780724982,0.37875850396499916,0.3494183298599978,0.31414146800749987,0.286600357685,0.25947154569499986,0.23569735906000033
3.5,15.0,2.0,1.0,1.0075650860799994,1.0103372892425033,0.9900017434625031,0.9708270063849983,0.9401339013599974,0.9078296527175032,0.8640855572599984,0.809631484880001,0.7763683109349975,0.7370730108500024,0.7154992438000022,0.6839004663199991,0.6527397831124976,0.6197236461175017,0.5725729351025008,0.5253102935625007,0.4815563622375011,0.44090134303250017,0.4087698437024983,0.37782782415249927,0.34824356268249784,0.3135901053625002,0.28478757872250005,0.2585381460374998,0.23422668959000023
3.5,15.0,2.5,1.0,1.0079780876575002,1.0106568757675038,0.9908917822300036,0.972819534542498,0.9422252857499975,0.9095334350850037,0.8651036180524997,0.8105102655025006,0.7779180286699977,0.738526119222502,0.716414802677502,0.6841486592149987,0.6521531022074974,0.6197251284025029,0.5735560182825011,0.525972073482501,0.48349057559500075,0.4421157658900001,0.4092062588724983,0.3766719449149989,0.34688183528249794,0.31103071383000047,0.2824581966575003,0.2556391048849993,0.23096190060500008
3.5,15.0,3.0,1.0,1.0080423683725008,1.0103676157275043,0.9900538959275039,0.9719778886499977,0.941199691309997,0.9083518340550037,0.8645163809049997,0.8096576572725005,0.7764931419074975,0.7372621039775019,0.7153427970750017,0.6823984474674982,0.6507485889249973,0.6179791212775032,0.5723708410000014,0.5242287209425016,0.4815345031250008,0.4409845416175,0.40788796245749814,0.3746764435624987,0.3437277229074979,0.30752557129750074,0.2785138807500002,0.25113602302499927,0.22594334636250013
3.5,15.0,3.5,1.0,1.007598122102502,1.0096003759325045,0.9886673901475039,0.9697068906624969,0.9383345151524968,0.9060556993475032,0.8622792772475001,0.8063683792050008,0.772526777662497,0.7323929760575021,0.710969849295002,0.6781573146974985,0.6461077014924972,0.6134356041900034,0.5682836865550013,0.5196156541300015,0.4775909327625005,0.43896187971499967,0.40596186780499804,0.37257324054749846,0.34162070155499796,0.3059217964425008,0.27614452353750035,0.2492711082849991,0.22423561102750014
3.5,15.0,4.0,1.0,1.0068569143575044,1.0079179399775053,0.9860102030125043,0.9649949339024946,0.932037673312495,0.8986763434900026,0.8533775742475018,0.7960521046200009,0.7613740908574961,0.7205749591500019,0.6996377811575027,0.668131371684997,0.636273944669997,0.6036133293550036,0.5587092227975011,0.5112327213475018,0.4692437260175002,0.43162380042999976,0.3978135964149977,0.3641951062999977,0.33360328173249804,0.29888716287000094,0.2693280929700008,0.24256649408499859,0.21584384444999982
3.5,15.0,4.5,1.0,1.0066501137700052,1.0072874420400055,0.9849178185325043,0.9635891958224941,0.9303224192849946,0.8963298467900022,0.8510596095375016,0.7928298753550012,0.7567762845524961,0.7153746921275022,0.6948052347050028,0.6644299482899971,0.6316296941524974,0.6003479320350037,0.553881308365001,0.5069949693725015,0.46488904047249996,0.42810794180499956,0.39445460975999774,0.3606627181699977,0.3293723749349982,0.2946271172450011,0.2646671789425011,0.2372212545799983,0.21065599059999987
3.5,15.0,5.0,1.0,1.0066328577175028,1.0069641003975043,0.9844057375400043,0.9615879558324961,0.9268826630474953,0.8923339898050002,0.8443295339975007,0.7878249910925018,0.7536479006024956,0.7116410204400035,0.6894375565175025,0.6574583354574998,0.6253271896574998,0.594340013427503,0.5471891192625007,0.501480363057501,0.4595753725824993,0.4215567291174985,0.3884508010174985,0.3550827013774977,0.323874134739999,0.28950446354500103,0.258969002497501,0.2320700224249987,0.20592412159249993
3.5,17.5,0.0,1.0,1.007849322027499,1.0109742124350016,0.9909466437350019,0.9719577035174978,0.9416535381099981,0.9120046912700025,0.8707617892899993,0.8185543971450012,0.7865061703474973,0.7455659521100023,0.7236549342200017,0.6911112408699986,0.6604947385574984,0.6259750434625015,0.5793028875899996,0.5350531644525005,0.48782730811500163,0.4459002100625,0.4122970908374984,0.3809765420799991,0.3510914309924979,0.31508952375749977,0.2872399899599998,0.26017570297000003,0.23601860251250037
3.5,17.5,0.5,1.0,1.007849322027499,1.0109742124350016,0.9909466437350019,0.9719577035174978,0.9416535381099981,0.9120046912700025,0.8707617892899993,0.8185543971450012,0.7865061703474973,0.7455659521100023,0.7236549342200017,0.6911112408699986,0.6604947385574984,0.6259750434625015,0.5793028875899996,0.5350531644525005,0.48782730811500163,0.4459002100625,0.4122970908374984,0.3809765420799991,0.3510914309924979,0.31508952375749977,0.2872399899599998,0.26017570297000003,0.23601860251250037
3.5,17.5,1.0,1.0,1.0078943526074988,1.010828840425002,0.9904408957475025,0.9710183338549976,0.9397025581924977,0.9084573553800026,0.8661691595449984,0.8127417876550013,0.7785390854674972,0.7371419437825024,0.7157327186150018,0.684606368174999,0.6538097529974978,0.6183847506800013,0.5720714845300003,0.5274204235125005,0.48380552454250136,0.44291959257999997,0.4097011414674983,0.3788670058424991,0.34929000816999783,0.31387999275499984,0.2856295346849999,0.25787284058750004,0.23457107780000036
3.5,17.5,1.5,1.0,1.0080923771549986,1.0107892848675022,0.9904877314025025,0.9711147943224977,0.9397683561699978,0.9088827630550026,0.8656742494024983,0.8114860157325013,0.7775479561649975,0.7369154046475026,0.7151089888750018,0.685343920967499,0.6538820434449977,0.6189455911325016,0.5723104987875007,0.5265957168725004,0.48323457772000117,0.4421433755850001,0.40954867550249824,0.3785418696849991,0.34854711714999786,0.3131904355324999,0.28510311032999996,0.25732558239,0.23346588142500027
3.5,17.5,2.0,1.0,1.007316532584999,1.0099723006600034,0.989455952675003,0.9701246074999982,0.9392582224649975,0.906977181237503,0.8626503132099984,0.8086294684825011,0.7759300598874976,0.7363428822675026,0.7145837450475021,0.6833771295599992,0.6516441923874976,0.6176831344150016,0.5705408359325008,0.5242392778125005,0.48126117575250105,0.4403375782125002,0.4082141411324983,0.3776111898724992,0.3473723499724979,0.3128981777850003,0.2837230003825001,0.2571966152424999,0.23230111219000021
3.5,17.5,2.5,1.0,1.0077295341625,1.0102918871850037,0.9903459914425035,0.9721171356574979,0.9413496068549976,0.9086809636050036,0.8636683740024997,0.8095082491050006,0.7774797776224978,0.7377959906400022,0.7154993039250018,0.6835093027299988,0.6509405756249973,0.6175675060825027,0.5714115777600012,0.5247934852600009,0.4830904375600008,0.44147741954000014,0.40865055630249825,0.37645531063499893,0.3462957395024979,0.3108569960475005,0.2818671646675003,0.2548088940899994,0.22941703481250006
3.5,17.5,3.0,1.0,1.0078198556675007,1.0099704734750043,0.9894401508775037,0.9711377086549977,0.9401065091474973,0.9072859798650037,0.8628737472749998,0.8083532473775005,0.7756616673349975,0.7363159447725021,0.7140486788025017,0.6812347736524983,0.6488523474649972,0.6156360703800029,0.5702242490425014,0.5225716798400015,0.4809136776125008,0.43996321647500003,0.40719008387749817,0.3742451768774987,0.3430915329074979,0.3072203581775007,0.27800695021250027,0.2506017704824993,0.22516169878250017
3.5,17.5,3.5,1.0,1.0073181757675018,1.0090347703000044,0.9878073328200035,0.9685457796449971,0.9370552931424971,0.9047692048575032,0.8602849506600002,0.8043555332800005,0.7704387103699973,0.7307936746950021,0.7083132585500018,0.6760219269549982,0.6434584011274971,0.610122316610003,0.5652445144400012,0.5171395319625016,0.47610798147000066,0.4367364622949998,0.4039798197474982,0.3714503113774984,0.3405068787724979,0.30556150671750076,0.27518309395250035,0.24855182217249916,0.2232970812600001
3.5,17.5,4.0,1.0,1.0065769680225043,1.007352334345005,0.9851501456850039,0.9638338228849948,0.9307913747149954,0.8974280971850027,0.8513832476600018,0.7940392586950007,0.7592860235649964,0.7189298413950018,0.6969233143575024,0.6659959839424969,0.6336246443049969,0.6003000417750033,0.555670050682501,0.5087565991800017,0.46776077472500033,0.4293983830099999,0.3958315483574978,0.3630721771299977,0.33248945894999804,0.2985268731450009,0.2687260347425008,0.24216609876749862,0.21518568058999982
3.5,17.5,4.5,1.0,1.006378433112505,1.0067272507950054,0.9840597956400039,0.9623699192349943,0.929000103274995,0.8949482066325024,0.8489515842175017,0.7913220128725009,0.7547173454424965,0.7135683779925022,0.6921239863375025,0.6623288180624971,0.6293963151874973,0.5969398179825034,0.551219854250001,0.5048415535725016,0.4633186537125001,0.4258825243849996,0.39247256170249784,0.35937071068999765,0.3279530706199981,0.29425551977000114,0.26432843663000105,0.2370621745724983,0.21019538778499985
3.5,17.5,5.0,1.0,1.0063315619625026,1.0062777642775043,0.9832737800050039,0.9599275302249964,0.9250119287674957,0.8900780675150004,0.8414771410650006,0.7854768074650018,0.7509076405549959,0.7090938033125036,0.6857359741500023,0.6546213479249995,0.6216614508274997,0.5893950624950027,0.5422939859225007,0.49724785440750113,0.4553600366374997,0.41719767090249876,0.3852322661149987,0.3525574781674976,0.3220405062299989,0.2886437280000011,0.258268855065001,0.2317518624099987,0.2054566331674999
3.5,20.0,0.0,1.0,1.005476350679998,1.005334868347502,0.9835388052450011,0.9615309898074978,0.928799696697499,0.8935838647450012,0.8468738556724987,0.7884998315800013,0.7521570607949986,0.7082495278950027,0.690370655240002,0.6628412732274999,0.6341790315599977,0.6020989374650003,0.5587291977549991,0.5159443739374993,0.47425594154500167,0.4367123652424999,0.4048422120374985,0.3746959508849991,0.3457735191649979,0.3111568013549996,0.2839542591199998,0.2588375969650002,0.2342273982625004
3.5,20.0,0.5,1.0,1.005476350679998,1.005334868347502,0.9835388052450011,0.9615309898074978,0.928799696697499,0.8935838647450012,0.8468738556724987,0.7884998315800013,0.7521570607949986,0.7082495278950027,0.690370655240002,0.6628412732274999,0.6341790315599977,0.6020989374650003,0.5587291977549991,0.5159443739374993,0.47425594154500167,0.4367123652424999,0.4048422120374985,0.3746959508849991,0.3457735191649979,0.3111568013549996,0.2839542591199998,0.2588375969650002,0.2342273982625004
3.5,20.0,1.0,1.0,1.0055549554399978,1.0054094627900023,0.9835973252375015,0.9610902161324977,0.9275558636549988,0.8916121481675012,0.8444881810874983,0.7856944576150013,0.7495913152399984,0.7052252204025032,0.688118660987502,0.6601418256724999,0.6326609685099974,0.5993519833025002,0.5558976969099995,0.5128866019474994,0.47242549058750144,0.43493399276499983,0.4024670710599984,0.3733504393399991,0.34424836181749785,0.3100702904774997,0.2823497429999999,0.25622785932000014,0.2324455599300004
3.5,20.0,1.5,1.0,1.0057529799874976,1.0053699072325024,0.9836441608925017,0.9612875815149978,0.9277096029249986,0.8921533520025013,0.8448418454324983,0.7850202442350013,0.7498932460924985,0.7058724821100033,0.6883612580750021,0.6613225099249996,0.6331834373274973,0.6001434953550003,0.5563526034549998,0.5122628831999994,0.4720099204900013,0.4343088298975,0.4021276502874983,0.3728229284449992,0.34318009093749785,0.3090127103249998,0.28171258798999993,0.2555819188900001,0.23125315148250036
3.5,20.0,2.0,1.0,1.0052082431199982,1.0047597746300034,0.9830818179350018,0.9606001094374982,0.9276970115724984,0.8907287082825016,0.8428370789249985,0.7832649290500011,0.7491950180624986,0.7060146691600032,0.6878734360625022,0.6596901105949997,0.6313495654574972,0.5996503474475003,0.5550914712025,0.5108211419399994,0.4706085871850012,0.43277849734250007,0.40082180403249845,0.3720871695074994,0.34219288602749787,0.3087789221800001,0.28022378749000004,0.25519420945250004,0.2300482540150003
3.5,20.0,2.5,1.0,1.005641136452499,1.0049173937950036,0.9837416033025024,0.9621863285524977,0.9295934526349984,0.8923225720000019,0.8434373594174995,0.7835208537475008,0.7493671762524987,0.707170343400003,0.687902804750002,0.658908394362499,0.629918966467497,0.598542481645001,0.5554421128950005,0.5106346527449998,0.47205386626750107,0.43363536319000007,0.4010810031899984,0.3708881678049991,0.34045522142749796,0.30626072750250033,0.27803018057000023,0.2527063455099995,0.22707657374000012
3.5,20.0,3.0,1.0,1.0056162354449996,1.0040718732050045,0.9820743956625022,0.9593410724724979,0.9253745215174989,0.8859636265400023,0.8366782306875006,0.7745202488974994,0.7372297594449988,0.6934488015675028,0.674706486982501,0.6446952522649988,0.6179398261649977,0.5873591342350012,0.5459594398225005,0.501374169715001,0.46382853938250096,0.42648661745000005,0.3944768279449988,0.36414738230499866,0.33311721218999807,0.29945735912500077,0.27190343270250034,0.24685144000249948,0.22129311925500011
3.5,20.0,3.5,1.0,1.0050790997125008,1.0031692447150045,0.980544245607502,0.9568234963224975,0.9220476956849989,0.883015255982502,0.8334547652875007,0.7699348837524995,0.7311512591524987,0.6866208992875028,0.667341707127501,0.6383273366149989,0.6110287360474977,0.5807386075650013,0.5401254678350003,0.49514384025250124,0.457957996847501,0.4225205029700001,0.39027942330249893,0.36065825658499845,0.3298615972574981,0.29735950746000084,0.26846235377500044,0.24410327713499935,0.21892704277500005
3.5,20.0,4.0,1.0,1.0044576036450024,1.0019408693250051,0.9784229334475022,0.9532108959449956,0.9172122870899974,0.8774894850775016,0.8267228295875019,0.7616833203300001,0.7228422268524979,0.6766388462250029,0.6573524473225014,0.6301410411799977,0.6026359156224977,0.5726300861275014,0.5319051448075003,0.48775192539000145,0.4502740771125006,0.4159214204450001,0.3829098889399987,0.3525895622774978,0.32254644749999806,0.290874668027501,0.26243612139000083,0.23785973128749874,0.21164407075999975
3.5,20.0,4.5,1.0,1.004175185397503,1.0013009568750055,0.976994228227502,0.9513415309074955,0.9148026750174972,0.8746601076300011,0.8243504242750018,0.7587561381475001,0.7184661294299979,0.671564852137503,0.6529160820300014,0.6260877397399981,0.5977192099524979,0.5686122911475014,0.5269178616425002,0.4834709573950014,0.4444159892850006,0.41068893255,0.3779885181824988,0.3477967202074977,0.3174324683424982,0.28569742421750116,0.25727207803750096,0.23119462021499868,0.20482937356999975
3.5,20.0,5.0,1.0,1.0040935583475008,1.0007597665625045,0.9759127765750019,0.9484903357174974,0.9102245816499979,0.8691369741849995,0.8161898088925011,0.7526576629700006,0.7138236425999974,0.6660301949800036,0.6464134488875011,0.6181764261175003,0.5892158498449994,0.5599299843900009,0.5167792236875,0.47422006795750105,0.4349040037200003,0.4006922556274995,0.3678443158199996,0.3379678451649978,0.3082875704374989,0.2752289528625012,0.246194692642501,0.22156120871499912,0.1962734059599998
3.5,22.5,0.0,1.0,0.998355492972495,0.9918310963350021,0.9637559396749978,0.9376530337174981,0.901748158185001,0.8638815412324989,0.8131176290349962,0.753602612795003,0.7142831594599981,0.667689277875004,0.653664951420002,0.6327411022050022,0.6020354441224984,0.5731580269849981,0.531903360737498,0.48846907231499775,0.45000073384000283,0.4183125461674995,0.38850395358249856,0.3604066886274988,0.33337960159749835,0.30225352240749925,0.27719883331499967,0.25148788022250057,0.2276789179675004
3.5,22.5,0.5,1.0,0.998355492972495,0.9918310963350021,0.9637559396749978,0.9376530337174981,0.901748158185001,0.8638815412324989,0.8131176290349962,0.753602612795003,0.7142831594599981,0.667689277875004,0.653664951420002,0.6327411022050022,0.6020354441224984,0.5731580269849981,0.531903360737498,0.48846907231499775,0.45000073384000283,0.4183125461674995,0.38850395358249856,0.3604066886274988,0.33337960159749835,0.30225352240749925,0.27719883331499967,0.25148788022250057,0.2276789179675004
3.5,22.5,1.0,1.0,0.9984642302199949,0.992042072857502,0.964064008172498,0.9380970423324979,0.9020057282250008,0.8645320001799986,0.8132179722799961,0.7536749291425028,0.7153074022274982,0.668041008965004,0.6556301863700018,0.6330569138625024,0.6027353689174985,0.5727353712774981,0.5312788057224982,0.48737513239999797,0.4497771398100027,0.41807050873999946,0.3875989434549985,0.35966489267249885,0.33249139006749834,0.3011522232849993,0.27575494405499973,0.2488536581300006,0.22584368799750038
3.5,22.5,1.5,1.0,0.9988505250149948,0.9921831696300022,0.9644747071424981,0.9386374814524978,0.9027576281300007,0.8658370590099986,0.8145246970799961,0.7539619195350029,0.7162892658349983,0.669322995065004,0.656871184790002,0.6347690139300024,0.6040850744799983,0.5743282912999983,0.5328729498699984,0.487807718094998,0.4508457871225026,0.41862285033749963,0.3882598225699985,0.35977175827249896,0.3327609716649983,0.30122195623999937,0.27551049020249974,0.2486136852475006,0.22549612243750036
3.5,22.5,2.0,1.0,0.9988580886149948,0.9920395162700025,0.964633159037498,0.938736009459998,0.9031082672775007,0.8650880740649989,0.8135947870774964,0.7523260482350025,0.7156211485949985,0.6692203077150038,0.6562566369025019,0.6334534664675024,0.6029248048024984,0.5739295410749983,0.5322647478224986,0.48762653459499833,0.4506460479000025,0.41740920379499985,0.3874107047124986,0.3597336848749991,0.33210743323749836,0.30151972001999966,0.2743655405499998,0.24898032039250054,0.22489695790250028
3.5,22.5,2.5,1.0,0.9992136477624954,0.9923948709775026,0.9657136236649984,0.9404990361924979,0.9046464790375005,0.8666526427649991,0.8142768831274972,0.7526772244950021,0.7159765268474984,0.6707211122975038,0.6562677414725019,0.6324182613800019,0.6013138116649983,0.5728755812324986,0.5325341859999988,0.48741384944749877,0.4521251196200023,0.4178998907799998,0.38682358335499856,0.35799265679249886,0.32993886125999844,0.298685717295,0.27127348572,0.24549759902500015,0.22099769582250015
3.5,22.5,3.0,1.0,0.9992230042899957,0.990757866897503,0.9619318791024974,0.9341277278349994,0.8963780291225031,0.8545733983324993,0.8005185997800004,0.7356537694125004,0.6948486174474983,0.647175754610003,0.6326566445200011,0.6083203549050012,0.5784926066749992,0.5511302665424993,0.5128251480649988,0.4680665718150008,0.4348184065250016,0.4025045315200003,0.3727439375699998,0.3451846058924984,0.31686376316999854,0.2874130814050007,0.26150393623250034,0.23667066667999984,0.21294950460499998
3.5,22.5,3.5,1.0,0.9988088617899963,0.9901735801725031,0.9610344396649974,0.9326893912074996,0.8940206747500031,0.852536998602499,0.7979565949850006,0.7319425172375003,0.690152605942498,0.6428973450650028,0.6269041733925012,0.6025379254000013,0.5729351567574994,0.5459442089474994,0.5081414058174988,0.46336585171250083,0.42943098852500156,0.3978365500200004,0.36709671943500005,0.34043287794249827,0.31246001726499856,0.2838655928975008,0.2571866913800005,0.2331640435449997,0.21004196973249986
3.5,22.5,4.0,1.0,0.9986107125324968,0.9898462165000033,0.9599672998324975,0.9308478452974994,0.8908704551650029,0.8487182143424985,0.794287933870001,0.7269782320900005,0.6845833908249981,0.636309752185003,0.6193076181125009,0.5944996641900009,0.5655249241724994,0.5378102293749992,0.49986283228499845,0.45831168057500093,0.42285505053250133,0.3914041849925003,0.3595996575150002,0.3308750865974979,0.3031666227949987,0.2751384037950008,0.24975617885500068,0.22464082291499943,0.20051448902249977
3.5,22.5,4.5,1.0,0.9985008685749969,0.9896301471625031,0.9592991424749973,0.9299585930874994,0.8896171033500028,0.8470085803674984,0.7929737924100009,0.7252612864725003,0.6822236731949978,0.6332142304825029,0.6164307180575008,0.5910491769075011,0.5625270279974997,0.5352475460149994,0.49672684495749864,0.4554151650075008,0.4187180007075013,0.38779289609000034,0.3561235832875002,0.32704883414749797,0.2992052548249988,0.2707368785200009,0.2453287471075008,0.2190782037074993,0.1944401395599999
3.5,22.5,5.0,1.0,0.9980731855224958,0.9884363178225029,0.9576113103349968,0.9262287207275004,0.8844308900700039,0.8404856569549977,0.7849245224425005,0.7189144690475002,0.6767684977149979,0.6269925269975029,0.6105187469800004,0.5838833511825017,0.5544145846549999,0.5263809945174992,0.48694545115249854,0.4464850348700008,0.40958971755250123,0.37818695222000026,0.34633852613750093,0.317522767529998,0.29031803128749917,0.25999109250000085,0.23402326314750088,0.20904616710499938,0.1851422062975
3.5,25.0,0.0,1.0,0.9984153836074949,0.9922241564625018,0.9641146228899978,0.9388125819099981,0.9036089045175012,0.8655608273824988,0.816354035387496,0.7575138066850029,0.7173623178799982,0.6703809017100042,0.6568806586900021,0.6351713898450023,0.6042348609874985,0.5756339932849979,0.5342777946099977,0.4905175597774978,0.45175645320500296,0.4189300954474995,0.38914514130249855,0.3611148606099988,0.3337826196474984,0.3025164771924993,0.2774619103524997,0.2517503376725006,0.22779564910000036
3.5,25.0,0.5,1.0,0.9984153836074949,0.9922241564625018,0.9641146228899978,0.9388125819099981,0.9036089045175012,0.8655608273824988,0.816354035387496,0.7575138066850029,0.7173623178799982,0.6703809017100042,0.6568806586900021,0.6351713898450023,0.6042348609874985,0.5756339932849979,0.5342777946099977,0.4905175597774978,0.45175645320500296,0.4189300954474995,0.38914514130249855,0.3611148606099988,0.3337826196474984,0.3025164771924993,0.2774619103524997,0.2517503376725006,0.22779564910000036
3.5,25.0,1.0,1.0,0.9985241208549948,0.9924351329850019,0.964422691387498,0.9392565905249978,0.9038664745575011,0.8662112863299987,0.8164543786324959,0.7575861230325028,0.7183865606474983,0.6707326328000043,0.658845893640002,0.6356085166325024,0.6049347857824984,0.5752113375774978,0.5336532395949979,0.48942361986249816,0.45153285917500274,0.4186880580199994,0.3882401311749985,0.3603730646549988,0.3328944081174983,0.30141517806999935,0.27601802109249973,0.2491161155800006,0.22596041913000037
3.5,25.0,1.5,1.0,0.9989104156499948,0.9925762297575019,0.964833390357498,0.9397970296449978,0.904618374462501,0.8675163451599986,0.817761103432496,0.7578731134250029,0.7193684242549984,0.6720146189000044,0.6600868920600022,0.6373206167000024,0.6062844913449984,0.576804257599998,0.5352473837424981,0.4898562055574981,0.4526015064875027,0.4192403996174996,0.3889010102899985,0.3604799302549989,0.3331639897149984,0.3014849110249994,0.27577356723999974,0.24887614269750055,0.22561285357000035
3.5,25.0,2.0,1.0,0.9989179792499948,0.9924325763975023,0.964991842252498,0.9398955576524979,0.9049690136100008,0.8667998791124988,0.8168311934299963,0.7563606870700025,0.7187003070149983,0.6719119315500042,0.6594723441725021,0.6361263843675025,0.6052491064949984,0.5765313813724979,0.5347614169249983,0.4896819391699983,0.4524153623950027,0.41802675307499976,0.38805189243249866,0.3604418568574991,0.33251045128749834,0.30178267480499965,0.2747993175449998,0.24936062922750055,0.22501368903500027
3.5,25.0,2.5,1.0,0.9992735383974954,0.9927879311050023,0.9660723068799983,0.9416585843849977,0.9065072253700008,0.8683644478124991,0.8175132894799969,0.7567118633300022,0.7190556852674983,0.6734127361325041,0.6594834487425021,0.6350911792800019,0.6036381133574983,0.5754774215299984,0.5350308551024986,0.4894692540224988,0.45389443411500247,0.4185174400599997,0.38746477107499866,0.3587008287749988,0.3303418793099984,0.29894867208000003,0.271707262715,0.2458779078600001,0.22111442695500014
3.5,25.0,3.0,1.0,0.9992828949249956,0.9911119253950029,0.9622270017774974,0.9351156835674993,0.8978737318550035,0.8559598144499994,0.8027970701300003,0.73847706013,0.6971445573824979,0.6494463606450033,0.6349130971125012,0.6105411581250012,0.5799331662974994,0.5528254938724991,0.5143343709999987,0.46931021351750096,0.43590888904500175,0.4030292257100003,0.37329726991749984,0.3457736674474984,0.3172434355724985,0.2876514322150008,0.2619119735050004,0.23702422083499983,0.21306623573749994
3.5,25.0,3.5,1.0,0.9988915423349962,0.990547493022503,0.9613555395249975,0.9337070504049996,0.8955163774825036,0.853923414719999,0.8002350653350007,0.7347658079550001,0.6926468285524979,0.6453541360500032,0.6293544119050012,0.6047587286200012,0.5743757163799994,0.5478409095524992,0.5098444748174985,0.464796158380001,0.4305467755300017,0.3985408388825003,0.3676500517825001,0.3410219394974982,0.3128396896674986,0.2841039437075008,0.25771339731000054,0.23363544908499967,0.21027543199749982
3.5,25.0,4.0,1.0,0.9986933930774967,0.990220129350003,0.9602883996924976,0.9318655044949993,0.8923661578975033,0.8501046304599985,0.7965664042200011,0.7298015228075002,0.6870776134349978,0.6387665431700034,0.6217578566250009,0.5967204674100008,0.5669654837949994,0.539706929979999,0.5015659012849983,0.45974198724250104,0.4240876800825016,0.39210847385500025,0.3601529898625002,0.33146414815249786,0.3035462951974987,0.27537675460500083,0.2502828847850007,0.2251122284549994,0.20074795128749975
3.5,25.0,4.5,1.0,0.9985835491199968,0.990004060012503,0.9596688292849973,0.9309713280149993,0.8911171665100034,0.8484111700424986,0.795302384035001,0.7284549120250001,0.6849895798299976,0.6359948261675032,0.6191490035900009,0.593633925517501,0.5643422421024996,0.5373203953374991,0.4986027735824984,0.45712807729750105,0.42017072021750157,0.3886142320250003,0.35667691563500026,0.3276980308649978,0.29970370281249886,0.2709752293300009,0.24592209039500085,0.2195496092474993,0.19471805483749985
3.5,25.0,5.0,1.0,0.9981558660674957,0.9888760516500025,0.958071938194997,0.9273525468325003,0.8860568436150045,0.8421567413649977,0.7873912161550006,0.72235498449,0.6796518960249976,0.6297731226825033,0.6133524907475004,0.5865894149225016,0.5567293380699999,0.5289573398299988,0.48931032069749825,0.448555087935001,0.4115098072425015,0.37935942937250017,0.34712741837500105,0.3184092002024979,0.2909352548599992,0.26038803054250087,0.23477662490500087,0.20956060196499937,0.18542012157499996
4.0,0.0,0.0,1.0,1.0292561736974921,1.0552316313175036,1.0597314195675038,1.066515574200001,1.0623156617175022,1.0551059934874971,1.0350703013150029,0.9910534587625053,0.9740971587324938,0.9488147690224964,0.9309109999800015,0.9011064109024954,0.8657906649550041,0.8263735955625044,0.7669559469849966,0.7063957691474998,0.6513807495374998,0.6070327221525016,0.5660699191474984,0.5277680811499993,0.4893245344225016,0.44839008700750144,0.41441673996750095,0.3811651957724989,0.3486736262649993
4.0,0.0,0.5,1.0,1.0292561736974921,1.0552316313175036,1.0597314195675038,1.066515574200001,1.0623156617175022,1.0551059934874971,1.0350703013150029,0.9910534587625053,0.9740971587324938,0.9488147690224964,0.9309109999800015,0.9011064109024954,0.8657906649550041,0.8263735955625044,0.7669559469849966,0.7063957691474998,0.6513807495374998,0.6070327221525016,0.5660699191474984,0.5277680811499993,0.4893245344225016,0.44839008700750144,0.41441673996750095,0.3811651957724989,0.3486736262649993
4.0,0.0,1.0,1.0,1.0286976422649923,1.0539079179750035,1.0566092196425034,1.0619452143625001,1.0560869936625012,1.0479117750799982,1.0270282730825027,0.9810624045350047,0.9635793672924952,0.9374700603999968,0.9192032859125017,0.8915812988724958,0.8582071895400039,0.8182919513250043,0.7582499578099967,0.6991517684074996,0.6446447018475,0.6006031710575015,0.5604951564849983,0.5239809506124995,0.48406689412250137,0.44352533907250125,0.40875143690750076,0.376396646367499,0.34481043894249935
4.0,0.0,1.5,1.0,1.0282756683624923,1.0531171141400035,1.0554777857175035,1.0601232681525001,1.053927630927501,1.0453293985424987,1.0224397798100022,0.9757390213925043,0.9568898038499958,0.931119818134997,0.9123647773825018,0.886849702367496,0.8536115075200038,0.8160082442950043,0.7558886541974968,0.6969395324799993,0.6418923750499999,0.5972325136900015,0.5587008154024982,0.5225671104474996,0.4818309662550012,0.4424506272350014,0.4070359432500007,0.3744828915799989,0.34296321232499916
4.0,0.0,2.0,1.0,1.027403789579993,1.0513242374650036,1.0527465805400038,1.0563257939424993,1.0481056040225,1.0378295745250004,1.0133735443675016,0.9650254048450031,0.9439490630999966,0.9186510461399974,0.9001653836825017,0.8761488878874966,0.8423833142750042,0.803645721255003,0.7448634728374978,0.6876104159324993,0.6337684211925004,0.5885685820475013,0.5505268149049981,0.5164250535700003,0.47709865589250106,0.43805465873000116,0.40177960655250056,0.36907109842499913,0.33838522230249923
4.0,0.0,2.5,1.0,1.027403789579993,1.0513242374650036,1.0527465805400038,1.0563091358724992,1.0480707568849998,1.0377916430875005,1.0133347938850015,0.9650195474050033,0.9439579638799965,0.9186807796249974,0.9001649259275016,0.8761347048299966,0.8423588717825042,0.803645721255003,0.7448293804849979,0.6874786397574993,0.6337346826175004,0.5883236877275013,0.5501323831699981,0.5161884919450003,0.4767728095075011,0.4375749094850011,0.4011765821725005,0.36858449345749916,0.33780162199749925
4.0,0.0,3.0,1.0,1.027254246972493,1.0510502941375037,1.052757319642504,1.0561913677099988,1.0475907524874994,1.0380897365200004,1.0133650443175009,0.9653167196450038,0.9446233293224959,0.9193998561524971,0.901115793387502,0.8750683138049967,0.8403772130625046,0.8016252323875025,0.743064067659998,0.6860458398299997,0.6322827560325008,0.5871213830275007,0.5477984100849982,0.5124981948000004,0.47224918477000094,0.43278741167500123,0.39599109854750053,0.36295898412999955,0.3323969456649996
4.0,0.0,3.5,1.0,1.027078448417493,1.0507354232300037,1.0520857113400037,1.0551439344774984,1.0462310947774993,1.035821097795,1.0085653816450006,0.958827304460004,0.9376384921524961,0.9101139715274974,0.8895904151050023,0.8647120099049969,0.827964551985004,0.7923992285925024,0.735279904397498,0.6796089437674996,0.6266021801700004,0.5829081500075006,0.5449817899774981,0.5100674834050002,0.4705024519950009,0.4304142550625012,0.39404094117750055,0.36162181703999957,0.3314553182949996
4.0,0.0,4.0,1.0,1.0268089550349935,1.0499372021300037,1.0504678415275037,1.0519030273824983,1.042054334559999,1.0290510089050005,1.0006823694925002,0.9512994244625038,0.9279374825749964,0.8995415997374976,0.8809869461175025,0.8543424890949974,0.8188421471825044,0.7837277393700026,0.7265438989024982,0.6729936388674997,0.6193510571500005,0.5750359632700005,0.5352818032724981,0.4974968398324997,0.4585927856550009,0.4190519877450009,0.3843899919850003,0.3511536371799997,0.3202617608349996
4.0,0.0,4.5,1.0,1.0262579744999936,1.0486571341525042,1.0478679712600034,1.0477754175549987,1.036506043929999,1.0223919182749999,0.9934796650474997,0.9444874412400036,0.920071821587497,0.8932144405524977,0.8733846178600022,0.8472252911074979,0.8119528190375042,0.7756142676225026,0.7185816757999983,0.6649429720749996,0.6106357881000002,0.5654036013450005,0.525393416247498,0.4867837815999991,0.44676693981750104,0.4060640363350005,0.3705069866125001,0.33427276352249946,0.30365722863999944
4.0,0.0,5.0,1.0,1.0262702908349934,1.048700436070004,1.0479498732275032,1.0477341025149989,1.0360817077224989,1.0224112036924997,0.9935911852424995,0.9445272309000036,0.9205500114249968,0.8933828870724981,0.8734690682050023,0.8471529254824979,0.8119284113475037,0.7753463301400026,0.7183168116349984,0.6646155798199997,0.6097955475625001,0.5645761050475004,0.525155181034998,0.48615078461999917,0.4467484885150011,0.4060640082825005,0.3704726890400001,0.3344098525874996,0.30362954712749946
4.0,2.5,0.0,1.0,1.0292561736974921,1.0552316313175036,1.0597314195675038,1.066515574200001,1.0623156617175022,1.0551059934874971,1.0350703013150029,0.9910534587625053,0.9740971587324938,0.9488147690224964,0.9309109999800015,0.9011064109024954,0.8657906649550041,0.8263735955625044,0.7669559469849966,0.7063957691474998,0.6513807495374998,0.6070327221525016,0.5660699191474984,0.5277680811499993,0.4893245344225016,0.44839008700750144,0.41441673996750095,0.3811651957724989,0.3486736262649993
4.0,2.5,0.5,1.0,1.0292561736974921,1.0552316313175036,1.0597314195675038,1.066515574200001,1.0623156617175022,1.0551059934874971,1.0350703013150029,0.9910534587625053,0.9740971587324938,0.9488147690224964,0.9309109999800015,0.9011064109024954,0.8657906649550041,0.8263735955625044,0.7669559469849966,0.7063957691474998,0.6513807495374998,0.6070327221525016,0.5660699191474984,0.5277680811499993,0.4893245344225016,0.44839008700750144,0.41441673996750095,0.3811651957724989,0.3486736262649993
4.0,2.5,1.0,1.0,1.0286976422649923,1.0539079179750035,1.0566092196425034,1.0619452143625001,1.0560869936625012,1.0479117750799982,1.0270282730825027,0.9810624045350047,0.9635793672924952,0.9374700603999968,0.9192032859125017,0.8915812988724958,0.8582071895400039,0.8182919513250043,0.7582499578099967,0.6991517684074996,0.6446447018475,0.6006031710575015,0.5604951564849983,0.5239809506124995,0.48406689412250137,0.44352533907250125,0.40875143690750076,0.376396646367499,0.34481043894249935
4.0,2.5,1.5,1.0,1.0282756683624923,1.0531171141400035,1.0554777857175035,1.0601232681525001,1.053927630927501,1.0453293985424987,1.0224397798100022,0.9757390213925043,0.9568898038499958,0.931119818134997,0.9123647773825018,0.886849702367496,0.8536115075200038,0.8160082442950043,0.7558886541974968,0.6969395324799993,0.6418923750499999,0.5972325136900015,0.5587008154024982,0.5225671104474996,0.4818309662550012,0.4424506272350014,0.4070359432500007,0.3744828915799989,0.34296321232499916
4.0,2.5,2.0,1.0,1.027403789579993,1.0513242374650036,1.0527465805400038,1.0563257939424993,1.0481056040225,1.0378295745250004,1.0133735443675016,0.9650254048450031,0.9439490630999966,0.9186510461399974,0.9001653836825017,0.8761488878874966,0.8423833142750042,0.803645721255003,0.7448634728374978,0.6876104159324993,0.6337684211925004,0.5885685820475013,0.5505268149049981,0.5164250535700003,0.47709865589250106,0.43805465873000116,0.40177960655250056,0.36907109842499913,0.33838522230249923
4.0,2.5,2.5,1.0,1.027403789579993,1.0513242374650036,1.0527465805400038,1.0563091358724992,1.0480707568849998,1.0377916430875005,1.0133347938850015,0.9650195474050033,0.9439579638799965,0.9186807796249974,0.9001649259275016,0.8761347048299966,0.8423588717825042,0.803645721255003,0.7448293804849979,0.6874786397574993,0.6337346826175004,0.5883236877275013,0.5501323831699981,0.5161884919450003,0.4767728095075011,0.4375749094850011,0.4011765821725005,0.36858449345749916,0.33780162199749925
4.0,2.5,3.0,1.0,1.027254246972493,1.0510502941375037,1.052757319642504,1.0561913677099988,1.0475907524874994,1.0380897365200004,1.0133650443175009,0.9653167196450038,0.9446233293224959,0.9193998561524971,0.901115793387502,0.8750683138049967,0.8403772130625046,0.8016252323875025,0.743064067659998,0.6860458398299997,0.6322827560325008,0.5871213830275007,0.5477984100849982,0.5124981948000004,0.47224918477000094,0.43278741167500123,0.39599109854750053,0.36295898412999955,0.3323969456649996
4.0,2.5,3.5,1.0,1.027078448417493,1.0507354232300037,1.0520857113400037,1.0551439344774984,1.0462310947774993,1.035821097795,1.0085653816450006,0.958827304460004,0.9376384921524961,0.9101139715274974,0.8895904151050023,0.8647120099049969,0.827964551985004,0.7923992285925024,0.735279904397498,0.6796089437674996,0.6266021801700004,0.5829081500075006,0.5449817899774981,0.5100674834050002,0.4705024519950009,0.4304142550625012,0.39404094117750055,0.36162181703999957,0.3314553182949996
4.0,2.5,4.0,1.0,1.0268089550349935,1.0499372021300037,1.0504678415275037,1.0519030273824983,1.042054334559999,1.0290510089050005,1.0006823694925002,0.9512994244625038,0.9279374825749964,0.8995415997374976,0.8809869461175025,0.8543424890949974,0.8188421471825044,0.7837277393700026,0.7265438989024982,0.6729936388674997,0.6193510571500005,0.5750359632700005,0.5352818032724981,0.4974968398324997,0.4585927856550009,0.4190519877450009,0.3843899919850003,0.3511536371799997,0.3202617608349996
4.0,2.5,4.5,1.0,1.0262579744999936,1.0486571341525042,1.0478679712600034,1.0477754175549987,1.036506043929999,1.0223919182749999,0.9934796650474997,0.9444874412400036,0.920071821587497,0.8932144405524977,0.8733846178600022,0.8472252911074979,0.8119528190375042,0.7756142676225026,0.7185816757999983,0.6649429720749996,0.6106357881000002,0.5654036013450005,0.525393416247498,0.4867837815999991,0.44676693981750104,0.4060640363350005,0.3705069866125001,0.33427276352249946,0.30365722863999944
4.0,2.5,5.0,1.0,1.0262702908349934,1.048700436070004,1.0479498732275032,1.0477341025149989,1.0360817077224989,1.0224112036924997,0.9935911852424995,0.9445272309000036,0.9205500114249968,0.8933828870724981,0.8734690682050023,0.8471529254824979,0.8119284113475037,0.7753463301400026,0.7183168116349984,0.6646155798199997,0.6097955475625001,0.5645761050475004,0.525155181034998,0.48615078461999917,0.4467484885150011,0.4060640082825005,0.3704726890400001,0.3344098525874996,0.30362954712749946
4.0,5.0,0.0,1.0,1.030913716,1.059369231,1.066498308,1.076161103,1.073963515,1.068757071,1.050025774,1.008544507,0.994182999,0.969808576,0.952884181,0.923108083,0.885572254,0.846605645,0.786862128,0.726378913,0.670065916,0.623707195,0.581940616,0.543383127,0.504820085,0.463440031,0.427697768,0.393328368,0.3603574
4.0,5.0,0.5,1.0,1.0292561736974921,1.0552458873575035,1.0597314195675038,1.0665946921350011,1.0624171416600023,1.055319393959997,1.035329756065003,0.9916237916400051,0.9750776139374938,0.9500650798949967,0.9328356858050014,0.9017728974199953,0.8661016809425042,0.8266987300075046,0.7672812824524966,0.7066842425799998,0.6515146728224999,0.6070327221525016,0.5661239519774983,0.5282398251999993,0.48953156344500165,0.44839008700750144,0.41441673996750095,0.3811651957724989,0.3486736262649993
4.0,5.0,1.0,1.0,1.0286976422649923,1.0539221740150033,1.0566092196425034,1.0620243322975,1.0561884736050013,1.048125175552498,1.0272877278325026,0.9816327374125047,0.9645598224974951,0.9387203712724969,0.9211279717375015,0.8922477853899956,0.8585182055275038,0.8186170857700042,0.7585752932774967,0.6994402418399998,0.6447786251324998,0.6006031710575015,0.5605491893149983,0.5244526946624997,0.4842739231450014,0.44352533907250125,0.40875143690750076,0.376396646367499,0.34481043894249935
4.0,5.0,1.5,1.0,1.0282756683624923,1.0531313701800036,1.0554777857175035,1.0602023860875,1.0540291108700013,1.0455427990149986,1.0226992345600023,0.9763093542700042,0.9578702590549958,0.932370129007497,0.9142894632075016,0.887516188884996,0.8539225235075039,0.8163333787400043,0.7562139896649969,0.6972280059124993,0.6420262983349998,0.5972325136900015,0.5587548482324982,0.5230388544974997,0.48203799527750113,0.4424506272350014,0.4070359432500007,0.3744828915799989,0.34296321232499916
4.0,5.0,2.0,1.0,1.027403789579993,1.0513384935050036,1.0527465805400038,1.0563655060674995,1.0481603918850002,1.0380368172000003,1.0136109294550015,0.9656921720875031,0.9451120937974966,0.9201315336699973,0.9023997418700016,0.8768585533149965,0.8426925158625044,0.8039544147775031,0.7451619333449979,0.6879013091599993,0.6337684211925004,0.5885685820475013,0.5505268149049981,0.5169177125350003,0.47732188776750106,0.43805465873000116,0.40177960655250056,0.36907109842499913,0.33838522230249923
4.0,5.0,2.5,1.0,1.027403789579993,1.0513384935050036,1.0527465805400038,1.0563488479974992,1.0481255447475,1.0379988857625004,1.0135721789725014,0.9656863146475031,0.9451209945774965,0.9201612671549974,0.9023992841150016,0.8768443702574966,0.8426680733700043,0.8039544147775031,0.7451278409924978,0.6877695329849993,0.6337346826175004,0.5883236877275013,0.5501323831699981,0.5166811509100003,0.47699604138250107,0.4375749094850011,0.4011765821725005,0.36858449345749916,0.33780162199749925
4.0,5.0,3.0,1.0,1.027254246972493,1.0510645501775036,1.052757319642504,1.0562310798349988,1.0476455403499993,1.0382969791950003,1.0136024294050008,0.9659834868875037,0.945667201712496,0.920880343682497,0.9032218726400019,0.8757779792324967,0.8406864146500047,0.8019339259100025,0.7433625281674979,0.6863367330574996,0.6322827560325008,0.5871213830275007,0.5477984100849982,0.5127844484875004,0.47247241664500095,0.43278741167500123,0.39599109854750053,0.36295898412999955,0.3323969456649996
4.0,5.0,3.5,1.0,1.027078448417493,1.0507496792700035,1.0520857113400037,1.0551836466024984,1.0462858826399994,1.03602834047,1.0088027667325006,0.9594940717025038,0.9384253958949961,0.9115944590574974,0.8914097177900022,0.8654216753324968,0.828273753572504,0.7927079221150025,0.735578364904998,0.6798998369949996,0.6266021801700004,0.5829081500075006,0.5449817899774981,0.5100674834050002,0.4705024519950009,0.4304142550625012,0.39404094117750055,0.36162181703999957,0.3314553182949996
4.0,5.0,4.0,1.0,1.0268089550349935,1.0499514581700038,1.0504678415275037,1.0519427395074983,1.042109122422499,1.0292582515800004,1.0009197545800002,0.9519661917050039,0.9287243863174965,0.9010220872674973,0.8828062488025022,0.8550521545224974,0.8191513487700043,0.7840364328925026,0.7268423594099981,0.6732845320949998,0.6193510571500005,0.5750359632700005,0.5352818032724981,0.4974968398324997,0.4585927856550009,0.4190519877450009,0.3843899919850003,0.3511536371799997,0.3202617608349996
4.0,5.0,4.5,1.0,1.0262579744999936,1.0486713901925042,1.0478679712600034,1.0478151296799987,1.0365608317924988,1.02259916095,0.9937170501349998,0.9451542084825034,0.920858725329997,0.8946949280824977,0.8752039205450022,0.8479349565349977,0.8122620206250041,0.7759229611450026,0.7188801363074983,0.6652338653024998,0.6106357881000002,0.5654036013450005,0.525393416247498,0.4867837815999991,0.44676693981750104,0.4060640363350005,0.3705069866125001,0.33427276352249946,0.30365722863999944
4.0,5.0,5.0,1.0,1.0262702908349934,1.0487146921100041,1.0479498732275032,1.0477738146399989,1.0361364955849988,1.0226184463674999,0.9938285703299995,0.9451119093500036,0.9212486984974969,0.8947728006499982,0.875182415842502,0.8478625909099979,0.8122376129350036,0.7756550236625027,0.7186152721424983,0.6649064730474997,0.6097955475625001,0.5645761050475004,0.525155181034998,0.48615078461999917,0.4467484885150011,0.4060640082825005,0.3704726890400001,0.3344098525874996,0.30362954712749946
4.0,7.5,0.0,1.0,1.0292561736974921,1.0552458873575035,1.0597314195675038,1.0665946921350011,1.0624171416600023,1.055319393959997,1.035329756065003,0.9917187055100051,0.9751577739174938,0.9499750601174967,0.9326122036300013,0.9017728974199953,0.8661016809425042,0.8266987300075046,0.7672812824524966,0.7066842425799998,0.6515146728224999,0.6070327221525016,0.5661239519774983,0.5282398251999993,0.48953156344500165,0.44839008700750144,0.41441673996750095,0.3811651957724989,0.3486736262649993
4.0,7.5,0.5,1.0,1.0292561736974921,1.0552458873575035,1.0597314195675038,1.0665946921350011,1.0624171416600023,1.055319393959997,1.035329756065003,0.9917187055100051,0.9751577739174938,0.9499750601174967,0.9326122036300013,0.9017728974199953,0.8661016809425042,0.8266987300075046,0.7672812824524966,0.7066842425799998,0.6515146728224999,0.6070327221525016,0.5661239519774983,0.5282398251999993,0.48953156344500165,0.44839008700750144,0.41441673996750095,0.3811651957724989,0.3486736262649993
4.0,7.5,1.0,1.0,1.0286976422649923,1.0539221740150033,1.0566092196425034,1.0620243322975,1.0561884736050013,1.048125175552498,1.0272877278325026,0.9817276512825046,0.9646399824774952,0.9386303514949969,0.9209044895625014,0.8922477853899956,0.8585182055275038,0.8186170857700042,0.7585752932774967,0.6994402418399998,0.6447786251324998,0.6006031710575015,0.5605491893149983,0.5244526946624997,0.4842739231450014,0.44352533907250125,0.40875143690750076,0.376396646367499,0.34481043894249935
4.0,7.5,1.5,1.0,1.0282756683624923,1.0531313701800036,1.0554777857175035,1.0602023860875,1.0540291108700013,1.0455427990149986,1.0226992345600023,0.9764042681400043,0.9579504190349958,0.932425651267497,0.9143662574250015,0.887516188884996,0.8539225235075039,0.8163333787400043,0.7562139896649969,0.6972280059124993,0.6420262983349998,0.5972325136900015,0.5587548482324982,0.5230388544974997,0.48203799527750113,0.4424506272350014,0.4070359432500007,0.3744828915799989,0.34296321232499916
4.0,7.5,2.0,1.0,1.027403789579993,1.0513384935050036,1.0527465805400038,1.0563655060674995,1.0481603918850002,1.0380368172000003,1.0136109294550015,0.9658522389450032,0.9452677938449966,0.9201870559299973,0.9025661843025016,0.8768585533149965,0.8426925158625044,0.8039544147775031,0.7451619333449979,0.6879013091599993,0.6337684211925004,0.5885685820475013,0.5505268149049981,0.5169177125350003,0.47732188776750106,0.43805465873000116,0.40177960655250056,0.36907109842499913,0.33838522230249923
4.0,7.5,2.5,1.0,1.027403789579993,1.0513384935050036,1.0527465805400038,1.0563488479974992,1.0481255447475,1.0379988857625004,1.0135721789725014,0.9658463815050031,0.9452766946249966,0.9202167894149973,0.9025657265475016,0.8768443702574966,0.8426680733700043,0.8039544147775031,0.7451278409924978,0.6877695329849993,0.6337985786725004,0.5883965502375013,0.5501323831699981,0.5166811509100003,0.47699604138250107,0.4375749094850011,0.4011765821725005,0.36858449345749916,0.33780162199749925
4.0,7.5,3.0,1.0,1.027254246972493,1.0510645501775036,1.052757319642504,1.0562310798349988,1.0476455403499993,1.0382969791950003,1.0136024294050008,0.9661435537450036,0.9458229017599961,0.920935865942497,0.903388315072502,0.8756949638274968,0.8406343286650046,0.8019884688025026,0.7433625281674979,0.6863367330574996,0.6323041906400008,0.5871942455375008,0.5477984100849982,0.5127844484875004,0.47247241664500095,0.43278741167500123,0.39599109854750053,0.36295898412999955,0.3323969456649996
4.0,7.5,3.5,1.0,1.027078448417493,1.0507496792700035,1.0520857113400037,1.0551836466024984,1.0462858826399994,1.03602834047,1.0088027667325006,0.9596541385600038,0.9385810959424962,0.9116499813174973,0.8915761602225022,0.8653386599274969,0.828221667587504,0.7927624650075026,0.735578364904998,0.6798998369949996,0.6266236147775004,0.5829810125175006,0.5449817899774981,0.5100674834050002,0.4705024519950009,0.4304142550625012,0.39404094117750055,0.36162181703999957,0.3314553182949996
4.0,7.5,4.0,1.0,1.0268089550349935,1.0499514581700038,1.0504678415275037,1.0519427395074983,1.042109122422499,1.0292582515800004,1.0009197545800002,0.9521262585625039,0.9288800863649966,0.9010776095274973,0.8829726912350023,0.8549691391174976,0.8190992627850043,0.7840909757850026,0.7268423594099981,0.6732845320949998,0.6193724917575004,0.5751088257800006,0.5352818032724981,0.4974968398324997,0.4585927856550009,0.4190519877450009,0.3843899919850003,0.3511536371799997,0.3202617608349996
4.0,7.5,4.5,1.0,1.0262579744999936,1.0486713901925042,1.0478679712600034,1.0478151296799987,1.0365608317924988,1.02259916095,0.9937170501349998,0.9453142753400035,0.920739567022497,0.8946049083049976,0.8750756416100022,0.8478519411299978,0.8122099346400041,0.7759775040375027,0.7188801363074983,0.6652338653024998,0.6105933266525002,0.5654036013450005,0.525393416247498,0.4867837815999991,0.44676693981750104,0.4060640363350005,0.3705069866125001,0.33427276352249946,0.30365722863999944
4.0,7.5,5.0,1.0,1.0262702908349934,1.0487146921100041,1.0479498732275032,1.0477738146399989,1.0361364955849988,1.0226184463674999,0.9938285703299995,0.9452719762075036,0.9211295401899968,0.8946827808724982,0.875054136907502,0.847779575504998,0.8121855269500037,0.7757095665550028,0.7186152721424983,0.6649064730474997,0.609753086115,0.5645761050475004,0.525155181034998,0.48615078461999917,0.4467484885150011,0.4060640082825005,0.3704726890400001,0.3344098525874996,0.30362954712749946
4.0,10.0,0.0,1.0,1.0256507711299934,1.0464685024075033,1.0449354941550042,1.0437514592849984,1.0302156949499992,1.0082303382350022,0.9775162958749998,0.9249488146600029,0.8993858009274979,0.8648395954949987,0.844804270147502,0.813377234554998,0.7767369670825023,0.7411762654350008,0.6878862450199992,0.6338858427200001,0.5804496217300013,0.5427165951050007,0.5015552189624983,0.46280569290500084,0.4288105968249996,0.38948714933499984,0.36078724322249983,0.3315099954450001,0.2992349771624994
4.0,10.0,0.5,1.0,1.0256507711299934,1.0464685024075033,1.0449354941550042,1.0437514592849984,1.0302156949499992,1.0082303382350022,0.9775162958749998,0.9249488146600029,0.8993858009274979,0.8648395954949987,0.844804270147502,0.813377234554998,0.7767369670825023,0.7411762654350008,0.6878862450199992,0.6338858427200001,0.5804496217300013,0.5427165951050007,0.5015552189624983,0.46280569290500084,0.4288105968249996,0.38948714933499984,0.36078724322249983,0.3315099954450001,0.2992349771624994
4.0,10.0,1.0,1.0,1.0251673771174934,1.0451823997800032,1.041877077805004,1.0394753535924977,1.0247021548099984,1.0021417685150034,0.9708672602949995,0.9178719599050024,0.8910431115399987,0.855706248902499,0.8355221506875026,0.8064265929249984,0.7710389466975022,0.7345410579675006,0.6805761772649995,0.6280035275225,0.5745718388125013,0.5366660130725006,0.49648652875749827,0.459074684940001,0.4236165057749994,0.38483968407749986,0.35512194016249965,0.32676321381750023,0.29539307207249943
4.0,10.0,1.5,1.0,1.024901033092493,1.044697934202503,1.0410943832450037,1.0381438024924976,1.0227905945824984,1.0005629037375037,0.9675659231624989,0.9139091602400019,0.8862097639799995,0.8516135224724992,0.8310396489550029,0.8035876266799985,0.7693536627275022,0.735528686212501,0.6810311405274997,0.6266806715399997,0.5745119924300011,0.5350947091525011,0.49663952680749796,0.4598193123150013,0.42373726301749903,0.38720898122,0.35541520774999946,0.3257527839250001,0.2945308184474995
4.0,10.0,2.0,1.0,1.0240803588899938,1.0430342592100033,1.038469927730004,1.0344054289274969,1.0174224067049973,0.9938974643775051,0.959755372037498,0.9048656595975012,0.8757367702149998,0.8405077642549992,0.8202830640025031,0.794408146584999,0.7588667065975022,0.7241539715925,0.6706995253725004,0.6178193274275003,0.5671765246325018,0.5273493421125006,0.4893135016924978,0.45484892392250187,0.41940709156499884,0.38334746043749995,0.3510996908699991,0.32078266172250053,0.29029787480999986
4.0,10.0,2.5,1.0,1.0241033046349939,1.0430469602600034,1.038486591272504,1.0343768742299968,1.0174472419074971,0.9938882883000053,0.9597651860124976,0.9047989915925011,0.8755805573999998,0.8405429807074992,0.8203946971900029,0.794513818759999,0.7587593861575023,0.7239068190100001,0.6706374395300005,0.6177486636425004,0.5670956774075018,0.5271773103025006,0.4888801944399978,0.45454368540250184,0.4190812451799989,0.3828677111924999,0.35049666648999916,0.32023362988500054,0.2897142745049999
4.0,10.0,3.0,1.0,1.023734641,1.042200304,1.03728673,1.032904203,1.015700409,0.995063194,0.961512874,0.908877431,0.881371694,0.846233601,0.826478505,0.79632119,0.760776899,0.72562022,0.672728691,0.618245174,0.568272484,0.526154102,0.487438156,0.451130322,0.415447339,0.377229929,0.344301373,0.312714506,0.282489865
4.0,10.0,3.5,1.0,1.023891386567494,1.0426636355625036,1.0381174861700042,1.0336148783924957,1.0165971189174958,0.993767975877505,0.9577475775024967,0.902444880920002,0.8733364379024985,0.8379053365624988,0.8162543499500035,0.7881562673649993,0.7514939355675031,0.7183369036949988,0.6657573701150008,0.6133353475350022,0.5628201666075023,0.5242822159024996,0.48594453413749794,0.4506513216350013,0.4140192716674989,0.3764449086774995,0.3449994412249985,0.3144483765875018,0.28403653561000075
4.0,10.0,4.0,1.0,1.0235960391724945,1.0417893581975042,1.036417656735004,1.0304553055624954,1.0129268058474958,0.9890001784550049,0.9524437560724967,0.8966427888750017,0.8655018402599984,0.8287902515874985,0.8085188358825036,0.7793337692099997,0.7426221340225031,0.7107034218549988,0.6586228787600008,0.6061603974600028,0.5554532813900023,0.5156166437799993,0.4771576171724979,0.4399470820775005,0.4029386096799993,0.3657001883999996,0.3356676760874987,0.3053207465825015,0.27471553325750064
4.0,10.0,4.5,1.0,1.0230135395424944,1.0403877259775047,1.033729510192503,1.025489670662496,1.006124066697496,0.9802740086825041,0.9430975774149963,0.8872261650650016,0.8558440993399988,0.8183448411449991,0.7977446168525032,0.7698921367725,0.7318822717225021,0.6989317417399994,0.646763116882501,0.5946610530100027,0.5439946654400019,0.5036958219124998,0.4636704184524982,0.4255763340099993,0.38839273676499986,0.3509214615775001,0.3198519395349991,0.2869810870000008,0.25671835236499985
4.0,10.0,5.0,1.0,1.0230061251399944,1.0404743298125048,1.0338504719650032,1.025495656662496,1.0056997304899962,0.9803227755200038,0.9432090976099963,0.8871492035175017,0.8562944357424986,0.8191073462699993,0.7977855546300031,0.770113116815,0.732136463042502,0.6989531068199993,0.6467183440325008,0.5946234501950027,0.5435087753175016,0.5031122083474997,0.4635201227649982,0.4250816187149992,0.3883939492424999,0.35102976356000004,0.31981731164749905,0.28711817606500084,0.25667796908249985
4.0,12.5,0.0,1.0,1.0228351538699936,1.0394733599450035,1.0327038660725016,1.0280170182549988,1.0093687219624998,0.9830243684200035,0.9486582666074986,0.894640759072502,0.8663949296874995,0.8294741673150006,0.8088926938600016,0.7776882053374998,0.7406666439750004,0.7060238207400019,0.6553144258800003,0.6029073554899992,0.5536022338500007,0.5166459552275009,0.4770778837499985,0.4410769949150009,0.4106749182349993,0.37222289608249953,0.34394277343500007,0.31635539807250035,0.2866907305799991
4.0,12.5,0.5,1.0,1.0228351538699936,1.0394733599450035,1.0327038660725016,1.0280170182549988,1.0093687219624998,0.9830243684200035,0.9486582666074986,0.894640759072502,0.8663949296874995,0.8294741673150006,0.8088926938600016,0.7776882053374998,0.7406666439750004,0.7060238207400019,0.6553144258800003,0.6029073554899992,0.5536022338500007,0.5166459552275009,0.4770778837499985,0.4410769949150009,0.4106749182349993,0.37222289608249953,0.34394277343500007,0.31635539807250035,0.2866907305799991
4.0,12.5,1.0,1.0,1.0223371153774938,1.0381763314225032,1.0295929904850012,1.0234276894924985,1.0033147188274993,0.9761966761150046,0.9413103558774982,0.8868185378550014,0.8576127746700003,0.819979125735001,0.7991819204100022,0.7702612403875004,0.7347073603675001,0.6990412174900018,0.6479304506675008,0.5968998323374989,0.5475455178000008,0.5107020666875011,0.47215398556999844,0.437126723040001,0.40530917740999906,0.3675877292999995,0.338349069845,0.31163038422250033,0.2829269628624992
4.0,12.5,1.5,1.0,1.0222003473099937,1.0376423642875032,1.028728893995001,1.0221617449124987,1.001489820007499,0.9746502329625051,0.9382036680674978,0.882887438582501,0.852850572522501,0.8157439737150011,0.7946413006500026,0.7670954884700003,0.7329655146425,0.7003448510950021,0.6489392562500009,0.5956754711274987,0.5480107394150006,0.5100674106125017,0.4731448226074981,0.43860455371750134,0.4060197021399987,0.3708575545299997,0.33910198781249984,0.31093996082500014,0.28224847075749937
4.0,12.5,2.0,1.0,1.0215264791749938,1.036563642917504,1.027801423617501,1.0195452881549982,0.9990778376124989,0.971892875752506,0.9357605553824971,0.879839949180001,0.849151881462501,0.811520498095001,0.7919587701750026,0.7649229294900006,0.7303041767975,0.6966225832250019,0.6458300848375015,0.5930248432249988,0.5457699624300006,0.5074797347050015,0.4718628756224978,0.43731251560000145,0.40434140982249867,0.3694003594574999,0.3375426868324998,0.3084921632575003,0.2795644711049995
4.0,12.5,2.5,1.0,1.0215494249199937,1.0365763439675042,1.0278180871600011,1.0195964726699982,0.9990343394199986,0.9717983438825061,0.9356693557349969,0.8796126773775009,0.848976316347501,0.8115463307725012,0.7920405035075027,0.7648927541375007,0.7300639187575001,0.696375430642502,0.6456470460850017,0.593005212659999,0.5457320047425006,0.5073391024200016,0.4714753748199978,0.4366793369525015,0.4036246510724986,0.36869230535999997,0.33651803352749987,0.30758589184000024,0.27863386935749956
4.0,12.5,3.0,1.0,1.0215064738799937,1.0365485259950042,1.0281097470000014,1.0198650463099972,0.9997324280499973,0.9736936608500057,0.937473616482496,0.8821073868750017,0.8515110984324998,0.8136398381250005,0.7951880543450031,0.7654196878775005,0.731896244850001,0.6985135103250009,0.6477436213475016,0.5950192080400007,0.5464472496500015,0.5078991159175007,0.4717096168224979,0.43755876335750105,0.4022470332274988,0.36583256635749967,0.3352566322799989,0.30545376100750127,0.2761837783675004
4.0,12.5,3.5,1.0,1.021306237767494,1.0361705179400045,1.0275002803800013,1.0190100697374969,0.9985682066374971,0.9715398235075056,0.934308410337496,0.8775032855825019,0.8467305709349996,0.8084959820025006,0.787922075552503,0.7594761445600008,0.725420719710001,0.6930642140950009,0.6422818410350017,0.5899919175350007,0.5422954175600012,0.5049320008225007,0.46946615595499785,0.43540252950750086,0.4004690930449988,0.3639801393024997,0.334020181014999,0.3045000224400013,0.27546710487250037
4.0,12.5,4.0,1.0,1.0212646419724951,1.0356816167900056,1.0259719228350004,1.0160493089474953,0.9944789895774959,0.966414594315005,0.9283544903274955,0.8700038976050017,0.8368462093349989,0.7975372824974994,0.777184641165003,0.7470225943650015,0.7136092113825013,0.6822222267175002,0.6318170347275014,0.5791474041425024,0.5315668536625018,0.4910103422325001,0.4578961949499979,0.4227738348574996,0.38755254298499936,0.3515270974949998,0.323218852037499,0.2944295267900012,0.26587335691500025
4.0,12.5,4.5,1.0,1.0206821423424952,1.0342817504525061,1.0232886794774996,1.011092760059996,0.9876900632974963,0.9577070131525042,0.9190314373524952,0.8605872737950017,0.8274047294524994,0.7873394314074997,0.7666687082875024,0.7376494769575018,0.7029380687675001,0.6706802300725003,0.619989494092501,0.5676789372150024,0.5201375595975013,0.4795215001525005,0.4444372136349983,0.40843111854249853,0.3730342546024998,0.3367754580375004,0.30742965822499957,0.2760898672075005,0.24787617602249956
4.0,12.5,5.0,1.0,1.02039627,1.033777906,1.022558088,1.010811549,0.985830724,0.957382508,0.916530546,0.858782507,0.825269198,0.785468776,0.764444593,0.734230446,0.699768009,0.666539046,0.616965862,0.565599676,0.518853511,0.47890154,0.441828069,0.406841671,0.372749977,0.336265998,0.304917902,0.274905094,0.246244924
4.0,15.0,0.0,1.0,1.0186154957174938,1.0320763607600012,1.023785343155002,1.0172491026925004,0.996445020795002,0.9712399441450041,0.9354647574275002,0.8816765858550022,0.8502634079299999,0.8118751737975021,0.7940866137425016,0.7641443077799986,0.7289687950274982,0.6929987386575026,0.6448414047425004,0.5953110630699977,0.5466841981125,0.5080945793575011,0.47122572903749843,0.4351107852300015,0.4053911137899989,0.3678721204474996,0.33980977256000044,0.31273801871999973,0.28406879464749885
4.0,15.0,0.5,1.0,1.0186154957174938,1.0320763607600012,1.023785343155002,1.0172491026925004,0.996445020795002,0.9712399441450041,0.9354647574275002,0.8816765858550022,0.8502634079299999,0.8118751737975021,0.7940866137425016,0.7641443077799986,0.7289687950274982,0.6929987386575026,0.6448414047425004,0.5953110630699977,0.5466841981125,0.5080945793575011,0.47122572903749843,0.4351107852300015,0.4053911137899989,0.3678721204474996,0.33980977256000044,0.31273801871999973,0.28406879464749885
4.0,15.0,1.0,1.0,1.0181939423599942,1.030652945185001,1.0204272015900016,1.0124813129000005,0.990031193220002,0.9639586802350056,0.9281202240125002,0.8745779741950018,0.8412383500925009,0.8022065656375027,0.7853634008675021,0.7564398158949992,0.7228560364999979,0.6864703805825024,0.6379368214400009,0.5890877251424974,0.540670499285,0.5022658918775013,0.4658343023949984,0.43066274739000165,0.39970712837499867,0.3630286033699995,0.3340101851575005,0.30793561372499967,0.2802729054874989
4.0,15.0,1.5,1.0,1.018335213464994,1.030390509517501,1.0201282991650011,1.0118056035650007,0.989606506700002,0.9642311889000063,0.9258589864824996,0.8711593586200014,0.8369196336225013,0.7982226929575029,0.7810784890400025,0.7540599342724991,0.7215168564899976,0.6882213404400033,0.6393761953750016,0.5883159732449971,0.5416983431349996,0.501571041380002,0.4668298351149979,0.43241713930750214,0.4005668776749982,0.36577950820499994,0.3346916280625005,0.3071132709849994,0.279550580634999
4.0,15.0,2.0,1.0,1.017220717,1.029496639,1.019024027,1.009428764,0.987584163,0.962548555,0.925246731,0.869489828,0.83801347,0.799180336,0.78200982,0.75476655,0.722021467,0.689156485,0.63944623,0.588471243,0.54150317,0.50221103,0.466301198,0.432766713,0.39964013,0.364141609,0.333520847,0.304120703,0.27596125
4.0,15.0,2.5,1.0,1.0182079591574935,1.0302189337375023,1.0200716398275014,1.011200191452501,0.9893262837150015,0.9632892638750069,0.9254016241199992,0.8698518280975012,0.8359552258100016,0.7984244542175025,0.7811622407375026,0.7530671689699991,0.7205056138549977,0.6873316905300032,0.6379975985400019,0.586737771647497,0.5403353933699996,0.500506644362502,0.46582247596999765,0.4313734335275021,0.39886150398999826,0.3643007804875002,0.33253596790250073,0.30390431266749934,0.2761976879549991
4.0,15.0,3.0,1.0,1.0182693794599933,1.0304018300200024,1.0202718054700017,1.0109305482425,0.9896891386325002,0.9643260338625064,0.9268572531224983,0.872068816110002,0.8377256316650005,0.7994926106875019,0.7834365489500028,0.7529272855149988,0.7216575070324986,0.6892918485225024,0.6396006843500021,0.5882844882224988,0.5409275274800004,0.5007841613250011,0.46551843922249775,0.43156083490750174,0.3966251933174983,0.3606189255000001,0.33049441090999976,0.3009174375850003,0.2728983431424999
4.0,15.0,3.5,1.0,1.017902273499994,1.0298816950700027,1.0194549484050015,1.0095568817099996,0.9879098439299999,0.9616601674650062,0.9234873317349981,0.8670923192775021,0.8329628014975,0.7940682367800019,0.7769479700475028,0.747303711182499,0.7156862267599987,0.6832677254975025,0.633488351392502,0.582514409664999,0.5358496846850004,0.4968986537575011,0.4628952282124977,0.4291472863625016,0.39496120527249823,0.3584848646650001,0.32915722159749977,0.30014030419250026,0.27200445477499996
4.0,15.0,4.0,1.0,1.0176554587849953,1.0289810245800037,1.017528153892501,1.0052978832424981,0.9812197974099983,0.953547019502505,0.9142343604399977,0.856936400442502,0.8217546328624992,0.7820238110950006,0.7635178086025027,0.7336382237024996,0.702833917914999,0.6704738779450017,0.6207297034250016,0.5697044640825012,0.522893782242501,0.48134864672000055,0.4491467591874979,0.4149900003225004,0.38024156254749875,0.3445765934825002,0.31642122023499947,0.2883878016875002,0.2609206483749999
4.0,15.0,4.5,1.0,1.0173015608474953,1.028144726172504,1.0159252906050005,1.0021960891024984,0.9769509864424983,0.9477827284125044,0.9078593297699972,0.8506690778125018,0.8152514486124997,0.7750354983625007,0.7557448972325025,0.7267782592200001,0.6945928549224989,0.6618949914975016,0.6113155520575013,0.5602124645500013,0.5131805438650007,0.4716992993425005,0.4378773946224981,0.4024412534874992,0.3677195937799993,0.3323931214075005,0.30257656428749985,0.2721819239225,0.24484605971249948
4.0,15.0,5.0,1.0,1.0172369193474944,1.0280177689450032,1.0156011875925004,1.0011555158999992,0.9751831109899988,0.9460823718725035,0.9059505431549968,0.848384929385002,0.8127688434649997,0.7724055696150012,0.7527909594850025,0.7236608323250003,0.691930843314999,0.6591716782875017,0.6087929685675013,0.5581888037250013,0.5112115842475006,0.4691640393350003,0.43606255792249854,0.4012551760299993,0.36695204783249963,0.33186640280500046,0.30191715932749974,0.2718736122525002,0.2447137227224995
4.0,17.5,0.0,1.0,1.0187054938849947,1.032101644752501,1.024104473422502,1.0174468041475002,0.9966006134500022,0.9710908045175042,0.93466351552,0.8809106436425022,0.8495976701625001,0.811858740312502,0.7940339845450015,0.7643847716174986,0.7291995737724983,0.6933517274575023,0.6448110454975002,0.5951156036124977,0.5467146022024999,0.5081347897675011,0.47063483030999853,0.4348686173000015,0.4055572090999989,0.3675351002349996,0.3392594980000003,0.31223204362999973,0.2836791723924989
4.0,17.5,0.5,1.0,1.0187054938849947,1.032101644752501,1.024104473422502,1.0174468041475002,0.9966006134500022,0.9710908045175042,0.93466351552,0.8809106436425022,0.8495976701625001,0.811858740312502,0.7940339845450015,0.7643847716174986,0.7291995737724983,0.6933517274575023,0.6448110454975002,0.5951156036124977,0.5467146022024999,0.5081347897675011,0.47063483030999853,0.4348686173000015,0.4055572090999989,0.3675351002349996,0.3392594980000003,0.31223204362999973,0.2836791723924989
4.0,17.5,1.0,1.0,1.0182865152024951,1.0307120659025009,1.020775715652502,1.01278563838,0.9904858713700022,0.9640602445275054,0.9280607909350002,0.8746373333925015,0.841297989145001,0.8030117680175026,0.7858815541250022,0.756715705227499,0.7230192981999979,0.6866912717925022,0.6380797246400006,0.5888794267449975,0.5405396602625,0.5022841355775014,0.46591912411249853,0.4307542510400017,0.4001176428799987,0.3630880694399995,0.33371652654250034,0.3076744014524997,0.28006072429999906
4.0,17.5,1.5,1.0,1.0184277863074949,1.0304496302350008,1.0204768132275015,1.0121099290450004,0.9900611848500023,0.964516987885006,0.9260208356549995,0.8712187178175013,0.8369792726750015,0.799027895337503,0.7815966422975024,0.754335823604999,0.7216801181899976,0.6884422316500028,0.6395190985750013,0.5881076748474972,0.5415675041124997,0.5015892850800021,0.466914656832498,0.43256399422750214,0.40101234457499824,0.3658519407199999,0.3343928247725004,0.30682990872249943,0.27930035099749917
4.0,17.5,2.0,1.0,1.018156986834994,1.0300748118025018,1.0201678509400014,1.0113280645550007,0.989870680422502,0.9637252482550066,0.9257180045174994,0.8703570776625011,0.8365627877750018,0.7993996492200024,0.7816285605175025,0.753468355399999,0.7214111102024977,0.6883103551825029,0.6386134635900017,0.586682276179997,0.5403779405699995,0.5006655203475021,0.46649052022249776,0.4322556835775022,0.40014444993749826,0.36520574517000015,0.3334438377125005,0.30502658860749937,0.27757901478999925
4.0,17.5,2.5,1.0,1.0183005319999943,1.030278054455002,1.0204931828350015,1.0115045169325005,0.9897809618650019,0.9635750628600066,0.9255634732924992,0.869911187295001,0.8360148648625016,0.7992296565975026,0.7816803939950024,0.753343058302499,0.7206688755549976,0.687552581740003,0.6381405017400018,0.586529473249997,0.5402045543474996,0.5005248880625021,0.4659072976874977,0.4315202884475022,0.3993069708899982,0.3643732130025002,0.3323860410025006,0.3040040521274993,0.27637554180249924
4.0,17.5,3.0,1.0,1.018403472117494,1.0304757730775023,1.0207146510850018,1.0112622849624997,0.9901277572800005,0.9646070426200062,0.9270013907849983,0.872022010677502,0.8376724816325006,0.8000774134850019,0.7840043329775028,0.7531352836449986,0.7218675480449988,0.6894795331950021,0.639787199725002,0.5882915929599988,0.5409256829475004,0.5008635649925012,0.4656772056574978,0.4317841940000018,0.3970850781724982,0.360719877395,0.33031182781499974,0.30101717704500025,0.273108816355
4.0,17.5,3.5,1.0,1.0180254390824948,1.0299295304050025,1.0198553274950017,1.0097605280774995,0.9882680917700002,0.9618268623425059,0.9234967937449982,0.8667437568525022,0.8322164029875002,0.7937565073350019,0.7765386613925028,0.7469222730599989,0.7155305838349989,0.6829850538875023,0.6332485460250019,0.581997420509999,0.5355658542700004,0.4966232926650011,0.4626975049199978,0.4293103396450016,0.3953722072499982,0.3588855525950001,0.3292512577499997,0.30024004365250023,0.27222191954499997
4.0,17.5,4.0,1.0,1.0177706854849962,1.0290074535800036,1.017909292130001,1.005420684127498,0.9815751365399987,0.9537777928000051,0.9141402402649977,0.856513208592502,0.8209926012699994,0.7816890066650007,0.7630707336275028,0.7332904130924994,0.7027806879474993,0.6701705108650016,0.6204288004725016,0.5690726686225012,0.522562501160001,0.4810191749650005,0.44891443706499795,0.4151201673150004,0.3806217806399988,0.3449638729525002,0.31665025524499946,0.2886103253200002,0.26123757722999996
4.0,17.5,4.5,1.0,1.017399948227496,1.028171155172504,1.0163277314500008,1.0023463012274982,0.9773721723974985,0.9480517498950043,0.9078081449324972,0.8502717956725018,0.8145229955924997,0.7744030844025009,0.7553310406900025,0.7264647061249999,0.6945739847974989,0.6616252545825015,0.6110468703475013,0.5596165696125014,0.5128018121150006,0.47139864524500047,0.43769578734499814,0.40259329857249915,0.36803280353249934,0.3328387821550005,0.30304112362749985,0.2723710385425,0.24523068226499956
4.0,17.5,5.0,1.0,1.0173353067274953,1.028044197945003,1.0160036284375007,1.001305728024999,0.9756262645549989,0.9463513933550034,0.9058993583174968,0.8478415055150019,0.8118705067224998,0.7713881261400012,0.7520161287475026,0.7231806389100001,0.6917589506374989,0.6587603414775016,0.6083967645825012,0.5575929087875013,0.5107342944675005,0.46886338523750026,0.43588095064499854,0.4014072211149993,0.36726525758499967,0.33231206355250037,0.30238171866749974,0.27206272687250016,0.24509834527499955
4.0,20.0,0.0,1.0,1.0179837971199945,1.030657360955001,1.022292833375002,1.0145849416925,0.9927835803800026,0.9650692816900046,0.9264641823249998,0.8696539101250026,0.83161054646,0.7863006004525026,0.7757300629400012,0.7512536839474987,0.7197122091449983,0.6854576138900016,0.6377367495299999,0.588329034662498,0.5410784167174999,0.5036876573600005,0.46764794237749896,0.4324955625625017,0.4030265270149988,0.36614017823749967,0.33852562419500054,0.3114455494674997,0.2828319654574987
4.0,20.0,0.5,1.0,1.0179837971199945,1.030657360955001,1.022292833375002,1.0145849416925,0.9927835803800026,0.9650692816900046,0.9264641823249998,0.8696539101250026,0.83161054646,0.7863006004525026,0.7757300629400012,0.7512536839474987,0.7197122091449983,0.6854576138900016,0.6377367495299999,0.588329034662498,0.5410784167174999,0.5036876573600005,0.46764794237749896,0.4324955625625017,0.4030265270149988,0.36614017823749967,0.33852562419500054,0.3114455494674997,0.2828319654574987
4.0,20.0,1.0,1.0,1.017564818437495,1.0292677821050007,1.0189640756050018,1.0099237759249997,0.9866688383000026,0.9580387217000057,0.9201734053474998,0.864075873270002,0.8251947301975006,0.7805191500850033,0.7686557922300017,0.7437022966874991,0.7136446475499979,0.6789036059200018,0.6310054286725004,0.5820928577949976,0.5349034747775,0.49783700317000074,0.46263318822749894,0.4283811963025018,0.39758696079499856,0.36157097202499955,0.3328549633750006,0.3067727862824997,0.2791103982749989
4.0,20.0,1.5,1.0,1.0177060895424948,1.0290053464375006,1.0186651731800014,1.0093147174250001,0.9866443005750025,0.9591353442275061,0.9195161364274993,0.8626860649925018,0.8243479408425008,0.7797881257575034,0.7670464520625021,0.7426864333949992,0.7131750417949977,0.6812780986150024,0.633019237237501,0.5818468472949975,0.5365528894024996,0.4977190887300015,0.46391781949249844,0.4301909394900023,0.39848166248999817,0.364334843305,0.33353126160500063,0.3059282935524994,0.278350024972499
4.0,20.0,2.0,1.0,1.0174795313724938,1.0286945063175017,1.0183562108925015,1.0086175573850005,0.9865936053150024,0.9582748096600067,0.9192479843099991,0.8621420566675018,0.824032724542501,0.7807279795175031,0.7671987044175022,0.7419366443199991,0.7130187477849979,0.6813358940550025,0.6322884164800012,0.5808503049849972,0.5357793712849996,0.4971861393350015,0.4634936828824982,0.42995053443250236,0.3976772408749982,0.36374711735750026,0.3328361148950007,0.3041249734374994,0.2766757726049991
4.0,20.0,2.5,1.0,1.017623076537494,1.028897748970002,1.0186815427875016,1.0087940097625003,0.9865038867575021,0.9581246242650068,0.9190934530849989,0.8616961663000017,0.823484801630001,0.7805579868950031,0.7672505378950021,0.7418113472224991,0.7122765131374977,0.6805781206125026,0.6318154546300013,0.5806975020549973,0.5352604037349996,0.49672028010750147,0.46260352582249814,0.42892519070500235,0.3963140847124981,0.36242813175500027,0.3314244807825007,0.30277767141249934,0.27517544908499914
4.0,20.0,3.0,1.0,1.0176902165924941,1.0288127379950014,1.0183738192075018,1.0077416011800002,0.9855303483875006,0.9567487354075058,0.9176973290424982,0.8590201329825027,0.8183647929075002,0.7725943753650024,0.7628760010900025,0.7364008716849988,0.7081982707724989,0.6782304024000022,0.6294221598975016,0.5791917590349989,0.5331283468900001,0.4945590376475005,0.4597136712574983,0.42672000692500206,0.3913893471174982,0.3558892153975,0.3262944576774997,0.29706932123000024,0.26971152223499995
4.0,20.0,3.5,1.0,1.0173009122499947,1.0282557921550017,1.017556982160002,1.0062395842049998,0.9834119562400003,0.9534219808650057,0.913734418637498,0.8529538521025029,0.8117940051824999,0.7643318139450023,0.7535397104800028,0.7279653857749986,0.6993842006899991,0.6698941497350025,0.6221354530125015,0.5719146003399991,0.5270281790274999,0.4901824595725004,0.4563356379524983,0.4236251852125021,0.38927312577999823,0.35347664831000003,0.3248833619299996,0.2960619458225003,0.2686183872449999
4.0,20.0,4.0,1.0,1.017010358589996,1.0273189651850025,1.0156333630750012,1.0020160733624985,0.9764877810474989,0.9449368090900048,0.9037929519699979,0.8418161389350027,0.8003938501699992,0.752996265220001,0.7393770232425028,0.7132071905374989,0.6845271048649998,0.6550218903950018,0.6067462824625011,0.5564617450925013,0.5112096292500004,0.47172608174249964,0.43935607179749875,0.4057131262050011,0.3700659970749986,0.33528795510249976,0.30819540087749925,0.2809545862375003,0.25383603118500014
4.0,20.0,4.5,1.0,1.0166379503499958,1.0263242400525028,1.0135028403650008,0.9979761976299987,0.9708044820124989,0.9375979393725039,0.8954201177074975,0.8338728884475024,0.7935230291449993,0.7456799427700008,0.7292955242725028,0.7041694117399995,0.6744576410599996,0.6441960141825017,0.5951589417525007,0.5440522381700014,0.49690370153499974,0.4565197450274996,0.4222990390699994,0.3860973038000005,0.3499367656624996,0.3152574728024995,0.28626040920749957,0.2566626439675001,0.2299446023400003
4.0,20.0,5.0,1.0,1.0165733088499949,1.026182848852502,1.013139677547501,0.9969356244274995,0.9690318188949993,0.9358681014125031,0.8933177673474971,0.8313852736650027,0.7905830638199995,0.742051632177501,0.7259301866000029,0.7008853445249996,0.6716143634199996,0.6409743099650018,0.5920968006025006,0.5417889743650015,0.4946456592949996,0.45348433645749947,0.4198965660899997,0.3843895656925007,0.34896424168499995,0.3144610938499994,0.2855125237974994,0.2563116890825002,0.2298122653500003
4.0,22.5,0.0,1.0,1.0080270990424949,1.0112033166650007,0.9920660100200029,0.9753302752524935,0.948734104685002,0.9173278526025048,0.8738330130974974,0.8137981868700039,0.7715219088774977,0.7254384354250024,0.7144555248875006,0.695184942409999,0.6658996935574991,0.6360560103624985,0.5923277491449981,0.5463959691275011,0.5049315021350015,0.4709863941724975,0.43797044529250095,0.40805805142250046,0.3811636851399993,0.34946828369499977,0.3223910613100006,0.29669385213250116,0.2713548375549984
4.0,22.5,0.5,1.0,1.0080270990424949,1.0112033166650007,0.9920660100200029,0.9753302752524935,0.948734104685002,0.9173278526025048,0.8738330130974974,0.8137981868700039,0.7715219088774977,0.7254384354250024,0.7144555248875006,0.695184942409999,0.6658996935574991,0.6360560103624985,0.5923277491449981,0.5463959691275011,0.5049315021350015,0.4709863941724975,0.43797044529250095,0.40805805142250046,0.3811636851399993,0.34946828369499977,0.3223910613100006,0.29669385213250116,0.2713548375549984
4.0,22.5,1.0,1.0,1.008192443734995,1.0111990796450008,0.9916795873350028,0.9748217421974936,0.9474003711950019,0.915945583790005,0.8725398575874972,0.8129801816700041,0.769514782079998,0.7227821126025026,0.712820311625001,0.6922107965999992,0.6627859274624991,0.6330110336349987,0.5890923871049981,0.5422877024200011,0.5016638506175015,0.46855117892249765,0.43604229213250095,0.4056819871250006,0.3775627041874992,0.3466559967349998,0.31938186354500064,0.2936402860450011,0.2689329626049985
4.0,22.5,1.5,1.0,1.0089178661999947,1.011805380537501,0.9925880043025026,0.976188439464994,0.9496141480775019,0.9197533017775052,0.8752501140924971,0.8154095938525042,0.7717249837299981,0.7249956957025026,0.7151178824925012,0.6948432840849991,0.665861505444999,0.6374775395374993,0.5934275902299986,0.5442052548500009,0.5056803867825012,0.4709983791124983,0.4389351909475005,0.4086439775050008,0.379749755424999,0.35044667545999997,0.3209016591775007,0.29363478697500084,0.26915225122499864
4.0,22.5,2.0,1.0,1.0088236560674948,1.0116700929000009,0.9923073252350026,0.975966953679994,0.9497111342100016,0.9194446694950053,0.875410594127497,0.8149630546475041,0.7718036010174981,0.7256696239575026,0.715317037137501,0.6948088037824991,0.6660842275599991,0.6377035711774994,0.5931894987799987,0.5439237166350009,0.5053351553175012,0.47024625536999826,0.4381271490125003,0.40874248314000083,0.3790925310349989,0.3505825092675,0.32048069450250066,0.29218555635250076,0.26760840601749875
4.0,22.5,2.5,1.0,1.0089637924724952,1.0118637393650012,0.9926097205075027,0.976130970962494,0.9496446470775015,0.9193324155375051,0.8752818965574969,0.8148204038150041,0.771562546504998,0.7255655108150026,0.7153688706150011,0.6946835066849991,0.6655624387924992,0.6372014275199995,0.5927506292824988,0.5436643204450009,0.5051475008475012,0.4697803961424982,0.4369139462800004,0.407399002365001,0.3778146444424989,0.34944441172249996,0.31892023698500066,0.2907293077975007,0.2660715660924988
4.0,22.5,3.0,1.0,1.008983599737495,1.0104940509824967,0.9886397989500029,0.9683865734224996,0.9385076865574998,0.9030697398975026,0.854360130199997,0.7897419888475053,0.7442310931199979,0.6937312067400018,0.6851313890525027,0.6642493068500004,0.6351462686175015,0.6089613154925017,0.5663339018499992,0.5186560293675018,0.48260291576249914,0.4499602227699981,0.41926134844750046,0.3935116855400014,0.3651532674449993,0.3367592570074996,0.3076248073599994,0.279494028660001,0.25628783950999956
4.0,22.5,3.5,1.0,1.0087584850074953,1.0103186453424966,0.9883579118825029,0.9678403570624998,0.9370922211699997,0.9009297607900024,0.851367510369997,0.7850061433125053,0.7389383746949977,0.6881312382000015,0.6781644292975031,0.6571138369525005,0.6281288522650016,0.6025363382800021,0.560798315254999,0.5140079125825017,0.47784870154249887,0.4456803511274981,0.41609639287250055,0.3910161520300015,0.3632097576574993,0.33427593889749957,0.3062433334049993,0.278484069545001,0.2553467108849996
4.0,22.5,4.0,1.0,1.0083533212524953,1.0093702878999964,0.986634150362503,0.9648099185550001,0.9317168143324993,0.8939707408975016,0.8438418519749973,0.7763306606550054,0.7303389045999978,0.6791813741475012,0.6670756062225035,0.6435352505725008,0.6147784433000021,0.589031954247502,0.5472105005649989,0.5029173621550023,0.46511002146999864,0.431300533887498,0.40230158232500074,0.37476879725000123,0.3458213072774997,0.31616192216999905,0.29050949465999915,0.2648134765025008,0.24138351011749998
4.0,22.5,4.5,1.0,1.0082028010974953,1.0089355230074961,0.9855725615700028,0.9627999553125002,0.9283442213749992,0.8892163967375015,0.8390080071349969,0.7719188421225054,0.7272033527274979,0.6767361072825011,0.6612357732350037,0.6377065305150013,0.6096276824900021,0.5823046746950021,0.5393973749449986,0.4941264948825023,0.45471747181999844,0.4196786264299981,0.388993356650001,0.3595575465875014,0.32935558155250105,0.298581075987499,0.2712192276699994,0.2445144960375004,0.22026606748750044
4.0,22.5,5.0,1.0,1.0081292520224947,1.0087027828099953,0.9852025603175028,0.961684322535001,0.9265022243349993,0.8871066096325012,0.8368684665274967,0.7695944604175057,0.7241484309324978,0.672818632680001,0.6578312582150039,0.6344302713775015,0.6066340771000022,0.5790039001625022,0.5364071219849985,0.49179552929250225,0.4524546872974982,0.41693531138749795,0.3865862848475014,0.3577995609300016,0.3284036205600014,0.2976995256449989,0.2704562569749992,0.24406769541750045,0.22006149816750042
4.0,25.0,0.0,1.0,1.006076245,1.007930379,0.988218469,0.970019295,0.940514323,0.908129226,0.864437679,0.803179465,0.764585098,0.718913912,0.706367948,0.684295086,0.656469977,0.627584238,0.583296688,0.538460804,0.496716281,0.462350809,0.431389467,0.402807006,0.37422043,0.343545617,0.317050069,0.291572216,0.267131013
4.0,25.0,0.5,1.0,1.0080270990424949,1.0112033166650007,0.9920660100200029,0.9753302752524935,0.948734104685002,0.9173278526025048,0.8738330130974974,0.813910962112504,0.7717541379049976,0.7262654700300024,0.7154420949975007,0.695970412517499,0.6664196624449992,0.6365731660124986,0.5929999580224979,0.5470465440150012,0.5055597234950016,0.4709863941724975,0.43797044529250095,0.40805805142250046,0.3811636851399993,0.34946828369499977,0.3223910613100006,0.29669385213250116,0.2713548375549984
4.0,25.0,1.0,1.0,1.008192443734995,1.0111990796450008,0.9916795873350028,0.9748217421974936,0.9474003711950019,0.915945583790005,0.8725398575874972,0.8130929569125042,0.7697470111074981,0.7236091472075026,0.713806881735001,0.6929962667074991,0.6633058963499991,0.6335281892849988,0.5897645959824981,0.5429382773075012,0.5022920719775015,0.46855117892249765,0.43604229213250095,0.4056819871250006,0.3775627041874992,0.3466559967349998,0.31938186354500064,0.2936402860450011,0.2689329626049985
4.0,25.0,1.5,1.0,1.0089178661999947,1.011805380537501,0.9925880043025026,0.976188439464994,0.9496141480775019,0.9197533017775052,0.8752501140924971,0.8155223690950041,0.7719572127574982,0.7258227303075028,0.716104452602501,0.695628754192499,0.6663814743324992,0.6379946951874994,0.5940997991074984,0.544855829737501,0.5063086081425012,0.4709983791124983,0.4389351909475005,0.4086439775050008,0.379749755424999,0.35044667545999997,0.3209016591775007,0.29363478697500084,0.26915225122499864
4.0,25.0,2.0,1.0,1.0088236560674948,1.0116700929000009,0.9923073252350026,0.975966953679994,0.9497111342100016,0.9194446694950053,0.875410594127497,0.8150758298900039,0.7720358300449982,0.7264966585625027,0.7163036072475011,0.6955942738899991,0.6666041964474991,0.6382207268274995,0.5938617076574986,0.5445742915225009,0.5059633766775012,0.47024625536999826,0.4381271490125003,0.40874248314000083,0.3790925310349989,0.3505825092675,0.32048069450250066,0.29218555635250076,0.26760840601749875
4.0,25.0,2.5,1.0,1.0089637924724952,1.0118637393650012,0.9926097205075027,0.976130970962494,0.9496446470775015,0.9193324155375051,0.8752818965574969,0.8149331790575041,0.7717947755324981,0.7263925454200026,0.7163554407250011,0.6954689767924991,0.6660824076799992,0.6377185831699996,0.5934228381599987,0.544314895332501,0.5057757222075012,0.4697803961424982,0.4369139462800004,0.407399002365001,0.3778146444424989,0.34944441172249996,0.31892023698500066,0.2907293077975007,0.2660715660924988
4.0,25.0,3.0,1.0,1.008983599737495,1.0104940509824967,0.9886397989500029,0.9683865734224996,0.9385076865574998,0.9030697398975026,0.854360130199997,0.7898654337925053,0.744698305497498,0.6946115703975018,0.6861736664075028,0.6649649741375003,0.6356291643325015,0.6094420395425018,0.5667962229899991,0.5191012299675017,0.4830342687124991,0.4499602227699981,0.41926134844750046,0.3935116855400014,0.3651532674449993,0.3367592570074996,0.3076248073599994,0.279494028660001,0.25628783950999956
4.0,25.0,3.5,1.0,1.0087584850074953,1.0103186453424966,0.9883579118825029,0.9678403570624998,0.9370922211699997,0.9009297607900024,0.851367510369997,0.7851295882575053,0.7394055870724978,0.6890116018575018,0.6792067066525032,0.6578295042400005,0.6286117479800015,0.6033330236325021,0.561563407799999,0.5147433315225017,0.4782800544924989,0.4456803511274981,0.41609639287250055,0.3910161520300015,0.3632097576574993,0.33427593889749957,0.3062433334049993,0.278484069545001,0.2553467108849996
4.0,25.0,4.0,1.0,1.0083533212524953,1.0093702878999964,0.986634150362503,0.9648099185550001,0.9317168143324993,0.8939707408975016,0.8438418519749973,0.7764541056000054,0.7308061169774978,0.6800617378050012,0.6681178835775036,0.6442509178600008,0.6152613390150021,0.589828639600002,0.5479755931099988,0.5036527810950023,0.46554137441999865,0.431300533887498,0.40230158232500074,0.37476879725000123,0.3458213072774997,0.31616192216999905,0.29050949465999915,0.2648134765025008,0.24138351011749998
4.0,25.0,4.5,1.0,1.0082028010974953,1.0089355230074961,0.9855725615700028,0.9627999553125002,0.9283442213749992,0.8892163967375015,0.8390080071349969,0.7720422870675054,0.7276705651049978,0.6776164709400011,0.6622780505900036,0.6384221978025013,0.610110578205002,0.5830257607700022,0.5403220172249985,0.4947942957825024,0.45514882476999846,0.4196786264299981,0.388993356650001,0.3595575465875014,0.32935558155250105,0.298581075987499,0.2712192276699994,0.2445144960375004,0.22026606748750044
4.0,25.0,5.0,1.0,1.006076245,1.00422976,0.977897276,0.950826398,0.911282074,0.868784925,0.815577778,0.748447864,0.703474863,0.653897613,0.636395119,0.61124204,0.582552286,0.554889392,0.513620041,0.470858028,0.431942151,0.398682397,0.367818975,0.338693027,0.310311916,0.279939242,0.253842157,0.228856691,0.204997288
4.5,0.0,0.0,1.0,1.029454426337492,1.0559355328550037,1.061249054117504,1.068750734242501,1.0653435480375022,1.059259771997497,1.0404477074350025,0.9981885261650056,0.9832620183124938,0.9577105596824967,0.9407255112650019,0.9117622380199958,0.8747443962200042,0.8351890463350038,0.7739836658799968,0.7127111102549993,0.6574817487649994,0.6122903242275015,0.571252583097498,0.533250183829999,0.49539899028250184,0.45237455044750147,0.4180065356550011,0.3843692083224989,0.35181587726499935
4.5,0.0,0.5,1.0,1.029454426337492,1.0559355328550037,1.061249054117504,1.068750734242501,1.0653435480375022,1.059259771997497,1.0404477074350025,0.9981885261650056,0.9832620183124938,0.9577105596824967,0.9407255112650019,0.9117622380199958,0.8747443962200042,0.8351890463350038,0.7739836658799968,0.7127111102549993,0.6574817487649994,0.6122903242275015,0.571252583097498,0.533250183829999,0.49539899028250184,0.45237455044750147,0.4180065356550011,0.3843692083224989,0.35181587726499935
4.5,0.0,1.0,1.0,1.0288958949049922,1.0546118195125036,1.0581268541925035,1.0641803744050002,1.0591148799825012,1.0517688551249982,1.0320695913200024,0.987501509587505,0.9716212979974951,0.9451898613574968,0.9282030047725018,0.901821450559996,0.8667447959675039,0.8262884366025037,0.7644968190499969,0.7050926169074992,0.6503868187674996,0.6055102663275014,0.5653323095049981,0.5291204218749993,0.4898038802125015,0.44750980251250133,0.4123412325950009,0.37960065891749906,0.3479526899424993
4.5,0.0,1.5,1.0,1.028473921002492,1.0538210156775036,1.0569954202675036,1.0623584281950003,1.0569555172475011,1.0491864785874987,1.027481098047502,0.9818301452700047,0.9649317345549957,0.938447622524997,0.921364496242502,0.8966741786249962,0.8621491139475039,0.8240047295725036,0.762135515437497,0.702880380979999,0.6476344919699994,0.6021396089600015,0.563537968422498,0.5277065817099994,0.4875679523450014,0.4464350906750014,0.41062573893750076,0.377686904129999,0.34610546332499914
4.5,0.0,2.0,1.0,1.027565801694993,1.0519808053275037,1.0541795249025037,1.0584305602249993,1.0511099236725,1.0414514766625,1.0184079501350012,0.9705918474900034,0.9513776919724966,0.9256423716699974,0.908559411980002,0.8856478322199968,0.8503027109425044,0.8113883910500025,0.750783086457498,0.6932908188974989,0.6395105381125,0.5934756773175012,0.555087670609998,0.5215645248325002,0.4828356419825013,0.44203912217000124,0.40536940224000056,0.37227511097499916,0.3412132482024993
4.5,0.0,2.5,1.0,1.027565801694993,1.0519808053275037,1.0541795249025037,1.0584139021549992,1.0510750765349999,1.0414135452250002,1.0183691996525013,0.9705859900500033,0.9513865927524965,0.9256721051549975,0.908558954225002,0.8856336491624969,0.8502782684500043,0.8113883910500025,0.7507489941049981,0.6927845501149988,0.6391179172300001,0.5928802761925013,0.554347727944998,0.5209853317900001,0.4821723258275013,0.4412273343050012,0.4044400327975006,0.37146810475249914,0.34031542279749927
4.5,0.0,3.0,1.0,1.027416259087493,1.0517068620000039,1.0541902640050038,1.0582961339924988,1.0505950721374993,1.0414149401925001,1.0180633622025006,0.9705351811150039,0.9516776485699958,0.9263911816824973,0.9091024254725023,0.884567258137497,0.8482966097300048,0.809367902182502,0.7485932524524981,0.6909772575799993,0.6373071083375005,0.5913274646875006,0.551668243929998,0.5169524032275001,0.47757137227500107,0.43669395969250124,0.39917608244500064,0.36576361366749954,0.3345965213649997
4.5,0.0,3.5,1.0,1.0272404605324932,1.0513919910925038,1.0535186557025038,1.0572487007599984,1.0492565081949994,1.03886138031,1.0125918848275004,0.963482251367504,0.9444287953049959,0.9168069779199973,0.8973553140525026,0.8741537895924972,0.8362137344900041,0.7998766608200019,0.7409548391824979,0.6845403615174992,0.6316265324750001,0.5871142316675005,0.548851623822498,0.5145216918325,0.4758246395000011,0.43432080308000126,0.3972259250750006,0.3644264465774997,0.33365489399499965
4.5,0.0,4.0,1.0,1.0269709671499934,1.050593769992504,1.0520404234100038,1.0541886329674983,1.045285711067499,1.0326175586775002,1.0055757515825001,0.956147571135004,0.9348858675524965,0.9064157722224977,0.8888766521425027,0.8637927845124977,0.8268013687450042,0.7910172550850021,0.7319718759899981,0.6781064280349995,0.6245355352250002,0.5797404132325005,0.5396204456274979,0.5020753312274996,0.4640834291300011,0.422650512190001,0.3873924234425005,0.3537868028824997,0.32253538143749955
4.5,0.0,4.5,1.0,1.0264199866149937,1.0492131446525044,1.0492887896875034,1.0498578267724987,1.0392327727174986,1.0256617695824999,0.9980369592549997,0.9491408795825036,0.9265177854599969,0.8995568804274977,0.8811319083700024,0.8562941686099981,0.820112155390004,0.7833852707025024,0.7244673492949982,0.6700830940674994,0.6153577781750001,0.5699054060000006,0.5295388057499979,0.491518168402499,0.4524162073725013,0.41015665498750054,0.3737869520575002,0.33718400626499956,0.30620860498749936
4.5,0.0,5.0,1.0,1.0264323029499933,1.0492564465700045,1.0493706916550034,1.049792861212499,1.0387816812349988,1.0255926107399997,0.9980858998624995,0.9491470054950036,0.9269230544274969,0.8995678958074982,0.8811454489550025,0.8560955286749982,0.8199465303000038,0.7830396662425023,0.7242024851299983,0.6697167916274995,0.6145008294724998,0.5690779097025005,0.5293005705374979,0.49087754261249905,0.4523928401250014,0.4102779475450006,0.37375265448500017,0.33732109532999965,0.30618092347499937
4.5,2.5,0.0,1.0,1.029454426337492,1.0559355328550037,1.061249054117504,1.068750734242501,1.0653435480375022,1.059259771997497,1.0404477074350025,0.9981885261650056,0.9832620183124938,0.9577105596824967,0.9407255112650019,0.9117622380199958,0.8747443962200042,0.8351890463350038,0.7739836658799968,0.7127111102549993,0.6574817487649994,0.6122903242275015,0.571252583097498,0.533250183829999,0.49539899028250184,0.45237455044750147,0.4180065356550011,0.3843692083224989,0.35181587726499935
4.5,2.5,0.5,1.0,1.029454426337492,1.0559355328550037,1.061249054117504,1.068750734242501,1.0653435480375022,1.059259771997497,1.0404477074350025,0.9981885261650056,0.9832620183124938,0.9577105596824967,0.9407255112650019,0.9117622380199958,0.8747443962200042,0.8351890463350038,0.7739836658799968,0.7127111102549993,0.6574817487649994,0.6122903242275015,0.571252583097498,0.533250183829999,0.49539899028250184,0.45237455044750147,0.4180065356550011,0.3843692083224989,0.35181587726499935
4.5,2.5,1.0,1.0,1.0288958949049922,1.0546118195125036,1.0581268541925035,1.0641803744050002,1.0591148799825012,1.0517688551249982,1.0320695913200024,0.987501509587505,0.9716212979974951,0.9451898613574968,0.9282030047725018,0.901821450559996,0.8667447959675039,0.8262884366025037,0.7644968190499969,0.7050926169074992,0.6503868187674996,0.6055102663275014,0.5653323095049981,0.5291204218749993,0.4898038802125015,0.44750980251250133,0.4123412325950009,0.37960065891749906,0.3479526899424993
4.5,2.5,1.5,1.0,1.028473921002492,1.0538210156775036,1.0569954202675036,1.0623584281950003,1.0569555172475011,1.0491864785874987,1.027481098047502,0.9818301452700047,0.9649317345549957,0.938447622524997,0.921364496242502,0.8966741786249962,0.8621491139475039,0.8240047295725036,0.762135515437497,0.702880380979999,0.6476344919699994,0.6021396089600015,0.563537968422498,0.5277065817099994,0.4875679523450014,0.4464350906750014,0.41062573893750076,0.377686904129999,0.34610546332499914
4.5,2.5,2.0,1.0,1.027565801694993,1.0519808053275037,1.0541795249025037,1.0584305602249993,1.0511099236725,1.0414514766625,1.0184079501350012,0.9705918474900034,0.9513776919724966,0.9256423716699974,0.908559411980002,0.8856478322199968,0.8503027109425044,0.8113883910500025,0.750783086457498,0.6932908188974989,0.6395105381125,0.5934756773175012,0.555087670609998,0.5215645248325002,0.4828356419825013,0.44203912217000124,0.40536940224000056,0.37227511097499916,0.3412132482024993
4.5,2.5,2.5,1.0,1.027565801694993,1.0519808053275037,1.0541795249025037,1.0584139021549992,1.0510750765349999,1.0414135452250002,1.0183691996525013,0.9705859900500033,0.9513865927524965,0.9256721051549975,0.908558954225002,0.8856336491624969,0.8502782684500043,0.8113883910500025,0.7507489941049981,0.6927845501149988,0.6391179172300001,0.5928802761925013,0.554347727944998,0.5209853317900001,0.4821723258275013,0.4412273343050012,0.4044400327975006,0.37146810475249914,0.34031542279749927
4.5,2.5,3.0,1.0,1.027416259087493,1.0517068620000039,1.0541902640050038,1.0582961339924988,1.0505950721374993,1.0414149401925001,1.0180633622025006,0.9705351811150039,0.9516776485699958,0.9263911816824973,0.9091024254725023,0.884567258137497,0.8482966097300048,0.809367902182502,0.7485932524524981,0.6909772575799993,0.6373071083375005,0.5913274646875006,0.551668243929998,0.5169524032275001,0.47757137227500107,0.43669395969250124,0.39917608244500064,0.36576361366749954,0.3345965213649997
4.5,2.5,3.5,1.0,1.0272404605324932,1.0513919910925038,1.0535186557025038,1.0572487007599984,1.0492565081949994,1.03886138031,1.0125918848275004,0.963482251367504,0.9444287953049959,0.9168069779199973,0.8973553140525026,0.8741537895924972,0.8362137344900041,0.7998766608200019,0.7409548391824979,0.6845403615174992,0.6316265324750001,0.5871142316675005,0.548851623822498,0.5145216918325,0.4758246395000011,0.43432080308000126,0.3972259250750006,0.3644264465774997,0.33365489399499965
4.5,2.5,4.0,1.0,1.0269709671499934,1.050593769992504,1.0520404234100038,1.0541886329674983,1.045285711067499,1.0326175586775002,1.0055757515825001,0.956147571135004,0.9348858675524965,0.9064157722224977,0.8888766521425027,0.8637927845124977,0.8268013687450042,0.7910172550850021,0.7319718759899981,0.6781064280349995,0.6245355352250002,0.5797404132325005,0.5396204456274979,0.5020753312274996,0.4640834291300011,0.422650512190001,0.3873924234425005,0.3537868028824997,0.32253538143749955
4.5,2.5,4.5,1.0,1.0264199866149937,1.0492131446525044,1.0492887896875034,1.0498578267724987,1.0392327727174986,1.0256617695824999,0.9980369592549997,0.9491408795825036,0.9265177854599969,0.8995568804274977,0.8811319083700024,0.8562941686099981,0.820112155390004,0.7833852707025024,0.7244673492949982,0.6700830940674994,0.6153577781750001,0.5699054060000006,0.5295388057499979,0.491518168402499,0.4524162073725013,0.41015665498750054,0.3737869520575002,0.33718400626499956,0.30620860498749936
4.5,2.5,5.0,1.0,1.0264323029499933,1.0492564465700045,1.0493706916550034,1.049792861212499,1.0387816812349988,1.0255926107399997,0.9980858998624995,0.9491470054950036,0.9269230544274969,0.8995678958074982,0.8811454489550025,0.8560955286749982,0.8199465303000038,0.7830396662425023,0.7242024851299983,0.6697167916274995,0.6145008294724998,0.5690779097025005,0.5293005705374979,0.49087754261249905,0.4523928401250014,0.4102779475450006,0.37375265448500017,0.33732109532999965,0.30618092347499937
4.5,5.0,0.0,1.0,1.029454426337492,1.0559497888950038,1.061249054117504,1.068829852177501,1.0654450279800023,1.0594731724699968,1.0407071621850026,0.9985834151400056,0.9840610449374938,0.9589539463549968,0.9424367619050018,0.9122201608474957,0.8748403025300041,0.8352978677050038,0.7743090013474968,0.7129995836874993,0.6576156720499995,0.6122903242275015,0.5713066159274981,0.5337219278799991,0.4956060193050018,0.45237455044750147,0.4180065356550011,0.3843692083224989,0.35181587726499935
4.5,5.0,0.5,1.0,1.029454426337492,1.0559497888950038,1.061249054117504,1.068829852177501,1.0654450279800023,1.0594731724699968,1.0407071621850026,0.9985834151400056,0.9840610449374938,0.9589539463549968,0.9424367619050018,0.9122201608474957,0.8748403025300041,0.8352978677050038,0.7743090013474968,0.7129995836874993,0.6576156720499995,0.6122903242275015,0.5713066159274981,0.5337219278799991,0.4956060193050018,0.45237455044750147,0.4180065356550011,0.3843692083224989,0.35181587726499935
4.5,5.0,1.0,1.0,1.0288958949049922,1.0546260755525037,1.0581268541925035,1.0642594923400004,1.0592163599250015,1.051982255597498,1.0323290460700023,0.987896398562505,0.9724203246224952,0.946433248029997,0.9299142554125018,0.9022793733874959,0.866840702277504,0.8263972579725036,0.7648221545174969,0.7053810903399993,0.6505207420524997,0.6055102663275014,0.5653863423349982,0.5295921659249994,0.4900109092350015,0.44750980251250133,0.4123412325950009,0.37960065891749906,0.3479526899424993
4.5,5.0,1.5,1.0,1.028473921002492,1.0538352717175037,1.0569954202675036,1.0624375461300002,1.057056997190001,1.0493998790599985,1.027740552797502,0.9822250342450046,0.9657307611799958,0.9396910091974973,0.9230757468825019,0.897132101452496,0.8622450202575038,0.8241135509425037,0.7624608509049969,0.7031688544124991,0.6477684152549995,0.6021396089600015,0.5635920012524981,0.5281783257599995,0.4877749813675013,0.4464350906750014,0.41062573893750076,0.377686904129999,0.34610546332499914
4.5,5.0,2.0,1.0,1.027565801694993,1.0519950613675038,1.0541795249025037,1.0584702723499995,1.051164711535,1.0416587193375002,1.0186453352225013,0.9710180178425033,0.9522837540224965,0.9271228591999975,0.910506993600002,0.8860556840124967,0.8503027109425044,0.8113883910500025,0.7510815469649981,0.6935817121249989,0.6395105381125,0.5934756773175012,0.555087670609998,0.5220571837975001,0.48305887385750124,0.44203912217000124,0.40536940224000056,0.37227511097499916,0.3412132482024993
4.5,5.0,2.5,1.0,1.027565801694993,1.0519950613675038,1.0541795249025037,1.0584536142799994,1.0511298643974998,1.0416207879000003,1.0186065847400012,0.9710121604025034,0.9522926548024965,0.9271525926849975,0.910506535845002,0.8860415009549968,0.8502782684500043,0.8113883910500025,0.7510474546124981,0.6930754433424988,0.6391179172300001,0.5928802761925013,0.554347727944998,0.5214779907550001,0.48239555770250125,0.4412273343050012,0.4044400327975006,0.37146810475249914,0.34031542279749927
4.5,5.0,3.0,1.0,1.027416259087493,1.051721118040004,1.0541902640050038,1.0583358461174988,1.0506498599999992,1.0416221828675,1.0183007472900005,0.9709613514675038,0.9524645523124959,0.9278716692124973,0.9109217281575023,0.884975109929997,0.8482966097300048,0.809367902182502,0.7488917129599981,0.6912681508074993,0.6373071083375005,0.5913274646875006,0.551668243929998,0.5172386569150002,0.4777946041500011,0.43669395969250124,0.39917608244500064,0.36576361366749954,0.3345965213649997
4.5,5.0,3.5,1.0,1.0272404605324932,1.0514062471325039,1.0535186557025038,1.0572884128849984,1.0493112960574993,1.039068622985,1.0128292699150006,0.9639084217200039,0.9449587303999959,0.9182874654499973,0.8988878401700025,0.8745616413849971,0.8362137344900041,0.7998766608200019,0.7412532996899981,0.6848312547449992,0.6316265324750001,0.5871142316675005,0.548851623822498,0.5145216918325,0.4758246395000011,0.43432080308000126,0.3972259250750006,0.3644264465774997,0.33365489399499965
4.5,5.0,4.0,1.0,1.0269709671499934,1.050608026032504,1.0520404234100038,1.0542283450924983,1.045340498929999,1.0328248013525003,1.00581313667,0.956573741487504,0.9354158026474966,0.9078962597524974,0.8904091782600027,0.8642006363049977,0.8268013687450042,0.7910172550850021,0.7322703364974982,0.6783973212624995,0.6245355352250002,0.5797404132325005,0.5396204456274979,0.5020753312274996,0.4640834291300011,0.422650512190001,0.3873924234425005,0.3537868028824997,0.32253538143749955
4.5,5.0,4.5,1.0,1.0264199866149937,1.0492274006925044,1.0492887896875034,1.0498975388974987,1.0392875605799987,1.0258690122575,0.9982743443424996,0.9495670499350036,0.9270477205549971,0.9010373679574978,0.8826644344875024,0.8567020204024981,0.820112155390004,0.7833852707025024,0.7247658098024984,0.6703739872949995,0.6153577781750001,0.5699054060000006,0.5295388057499979,0.491518168402499,0.4524162073725013,0.41015665498750054,0.3737869520575002,0.33718400626499956,0.30620860498749936
4.5,5.0,5.0,1.0,1.0264323029499933,1.0492707026100043,1.0493706916550034,1.049832573337499,1.0388364690974987,1.0257998534149997,0.9983232849499996,0.9494910870550037,0.927364772852497,0.9009578093849981,0.8825720200250023,0.8565033804674981,0.8199465303000038,0.7830396662425023,0.7245009456374983,0.6700076848549995,0.6145008294724998,0.5690779097025005,0.5293005705374979,0.49087754261249905,0.4523928401250014,0.4102779475450006,0.37375265448500017,0.33732109532999965,0.30618092347499937
4.5,7.5,0.0,1.0,1.029454426337492,1.0559497888950038,1.061249054117504,1.068829852177501,1.0654450279800023,1.0594731724699968,1.0407071621850026,0.9986783290100055,0.9841412049174939,0.9588639265774966,0.9422132797300017,0.9122201608474957,0.8748403025300041,0.8352978677050038,0.7743090013474968,0.7129995836874993,0.6576156720499995,0.6122903242275015,0.5713066159274981,0.5337219278799991,0.4956060193050018,0.45237455044750147,0.4180065356550011,0.3843692083224989,0.35181587726499935
4.5,7.5,0.5,1.0,1.029454426337492,1.0559497888950038,1.061249054117504,1.068829852177501,1.0654450279800023,1.0594731724699968,1.0407071621850026,0.9986783290100055,0.9841412049174939,0.9588639265774966,0.9422132797300017,0.9122201608474957,0.8748403025300041,0.8352978677050038,0.7743090013474968,0.7129995836874993,0.6576156720499995,0.6122903242275015,0.5713066159274981,0.5337219278799991,0.4956060193050018,0.45237455044750147,0.4180065356550011,0.3843692083224989,0.35181587726499935
4.5,7.5,1.0,1.0,1.0288958949049922,1.0546260755525037,1.0581268541925035,1.0642594923400004,1.0592163599250015,1.051982255597498,1.0323290460700023,0.987991312432505,0.9725004846024952,0.946343228252497,0.9296907732375017,0.9022793733874959,0.866840702277504,0.8263972579725036,0.7648221545174969,0.7053810903399993,0.6505207420524997,0.6055102663275014,0.5653863423349982,0.5295921659249994,0.4900109092350015,0.44750980251250133,0.4123412325950009,0.37960065891749906,0.3479526899424993
4.5,7.5,1.5,1.0,1.028473921002492,1.0538352717175037,1.0569954202675036,1.0624375461300002,1.057056997190001,1.0493998790599985,1.027740552797502,0.9823199481150046,0.9658109211599958,0.9397465314574971,0.923152541100002,0.897132101452496,0.8622450202575038,0.8241135509425037,0.7624608509049969,0.7031688544124991,0.6477684152549995,0.6021396089600015,0.5635920012524981,0.5281783257599995,0.4877749813675013,0.4464350906750014,0.41062573893750076,0.377686904129999,0.34610546332499914
4.5,7.5,2.0,1.0,1.027565801694993,1.0519950613675038,1.0541795249025037,1.0584702723499995,1.051164711535,1.0416587193375002,1.0186453352225013,0.9711780847000032,0.9524394540699965,0.9271783814599973,0.910673436032502,0.8860556840124967,0.8503027109425044,0.8113883910500025,0.7510815469649981,0.6935817121249989,0.6395105381125,0.5934756773175012,0.555087670609998,0.5220571837975001,0.48305887385750124,0.44203912217000124,0.40536940224000056,0.37227511097499916,0.3412132482024993
4.5,7.5,2.5,1.0,1.027565801694993,1.0519950613675038,1.0541795249025037,1.0584536142799994,1.0511298643974998,1.0416207879000003,1.0186065847400012,0.9711722272600034,0.9524483548499966,0.9272081149449974,0.9106729782775019,0.8860415009549968,0.8502782684500043,0.8113883910500025,0.7510474546124981,0.6930754433424988,0.6391818132850001,0.5929531387025012,0.554347727944998,0.5214779907550001,0.48239555770250125,0.4412273343050012,0.4044400327975006,0.37146810475249914,0.34031542279749927
4.5,7.5,3.0,1.0,1.027416259087493,1.051721118040004,1.0541902640050038,1.0583358461174988,1.0506498599999992,1.0416221828675,1.0183007472900005,0.9711214183250039,0.952620252359996,0.9279271914724972,0.9110881705900024,0.8848920945249971,0.8482445237450048,0.809422445075002,0.7488917129599981,0.6912681508074993,0.6373285429450004,0.5914003271975007,0.551668243929998,0.5172386569150002,0.4777946041500011,0.43669395969250124,0.39917608244500064,0.36576361366749954,0.3345965213649997
4.5,7.5,3.5,1.0,1.0272404605324932,1.0514062471325039,1.0535186557025038,1.0572884128849984,1.0493112960574993,1.039068622985,1.0128292699150006,0.9640684885775039,0.945114430447496,0.9183429877099972,0.8990542826025024,0.8744786259799973,0.8361616485050041,0.799931203712502,0.7412532996899981,0.6848312547449992,0.6316479670825,0.5871870941775006,0.548851623822498,0.5145216918325,0.4758246395000011,0.43432080308000126,0.3972259250750006,0.3644264465774997,0.33365489399499965
4.5,7.5,4.0,1.0,1.0269709671499934,1.050608026032504,1.0520404234100038,1.0542283450924983,1.045340498929999,1.0328248013525003,1.00581313667,0.9567338083450039,0.9355715026949966,0.9079517820124974,0.8905756206925026,0.8641176208999979,0.8267492827600043,0.7910717979775022,0.7322703364974982,0.6783973212624995,0.6245569698325002,0.5798132757425005,0.5396204456274979,0.5020753312274996,0.4640834291300011,0.422650512190001,0.3873924234425005,0.3537868028824997,0.32253538143749955
4.5,7.5,4.5,1.0,1.0264199866149937,1.0492274006925044,1.0492887896875034,1.0498975388974987,1.0392875605799987,1.0258690122575,0.9982743443424996,0.9497271167925037,0.9269285622474971,0.9009473481799978,0.8825361555525023,0.8566190049974982,0.8200600694050041,0.7834398135950025,0.7247658098024984,0.6703739872949995,0.6153153167275001,0.5699054060000006,0.5295388057499979,0.491518168402499,0.4524162073725013,0.41015665498750054,0.3737869520575002,0.33718400626499956,0.30620860498749936
4.5,7.5,5.0,1.0,1.0264323029499933,1.0492707026100043,1.0493706916550034,1.049832573337499,1.0388364690974987,1.0257998534149997,0.9983232849499996,0.9496511539125038,0.9272456145449969,0.9008677896074981,0.8824437410900023,0.8564203650624982,0.8198944443150039,0.7830942091350025,0.7245009456374983,0.6700076848549995,0.6144583680249999,0.5690779097025005,0.5293005705374979,0.49087754261249905,0.4523928401250014,0.4102779475450006,0.37375265448500017,0.33732109532999965,0.30618092347499937
4.5,10.0,0.0,1.0,1.0257991154599932,1.0467257747950034,1.0453138354500042,1.0443744125099983,1.0310334203674993,1.0101978907275022,0.9794909414224997,0.928492437150003,0.9028855845224981,0.8692112687974987,0.8488572661000019,0.8163730036149982,0.7788339641875024,0.7434476514400007,0.6902097493224992,0.635926188805,0.5821577804125012,0.5442950098350007,0.5030606741274982,0.46417050700250073,0.4299681635099997,0.3899683925449999,0.3615154343599998,0.33222687994250016,0.3001776524624994
4.5,10.0,0.5,1.0,1.0257991154599932,1.0467257747950034,1.0453138354500042,1.0443744125099983,1.0310334203674993,1.0101978907275022,0.9794909414224997,0.928492437150003,0.9028855845224981,0.8692112687974987,0.8488572661000019,0.8163730036149982,0.7788339641875024,0.7434476514400007,0.6902097493224992,0.635926188805,0.5821577804125012,0.5442950098350007,0.5030606741274982,0.46417050700250073,0.4299681635099997,0.3899683925449999,0.3615154343599998,0.33222687994250016,0.3001776524624994
4.5,10.0,1.0,1.0,1.0253157214474933,1.0454396721675032,1.042255419100004,1.0400983068174976,1.0255198802274985,1.0038126225425033,0.9725058179599995,0.9207196200450024,0.8934199662599989,0.8590546838199989,0.8389578977200027,0.8090066865549985,0.7727198189650022,0.7359934784775005,0.6821188239124995,0.6296693809999999,0.5759211151875013,0.5378939209975006,0.49764647299249826,0.46009686762000096,0.42443660268999933,0.3853209272874998,0.35585013129999965,0.3274800983150002,0.29633574737249946
4.5,10.0,1.5,1.0,1.0250493774224931,1.044955206590003,1.041472724540004,1.0387667557174975,1.0236083199999984,1.002233757765004,0.969204480827499,0.916408839205002,0.8888900419474995,0.8542793758624989,0.834475395987503,0.8057520448799987,0.7710345349950022,0.736981106722501,0.6828081254649996,0.6283465250174998,0.5758612688050011,0.5363226170775011,0.49789070660499796,0.4608414949950012,0.42455735993249905,0.38769022443000006,0.3561433988874994,0.3264696684225001,0.2954734937474994
4.5,10.0,2.0,1.0,1.0241924626949936,1.0432441979225033,1.038763578837504,1.0348979883924967,1.0182165654524973,0.9953331404975052,0.9611496321449979,0.9065349074525011,0.877471237635,0.8428104390599991,0.822647047475003,0.795851969279999,0.7598820565075023,0.7252601961724998,0.6721492626900004,0.6192247353700001,0.5685258010075017,0.5286060676950006,0.49028838417499776,0.45587110660250185,0.42022718847999885,0.3838287036475,0.3518278820074991,0.3214995462200006,0.2909263250099999
4.5,10.0,2.5,1.0,1.0242154084399937,1.0432568989725035,1.0387802423800039,1.0348694336949968,1.0182414006549971,0.9953239644200054,0.9611594461199977,0.9064682394475011,0.87731502482,0.8428456555124992,0.822758680662503,0.7959576414549991,0.7597747360675023,0.7250130435900001,0.6720871768475005,0.6187795789775002,0.5680860714750018,0.5280835290800006,0.4895095659924978,0.45522323666500186,0.41956387232499887,0.3830169157824999,0.3508985125649991,0.32063011312750056,0.2900284996049999
4.5,10.0,3.0,1.0,1.0241792889274937,1.0431884451825035,1.0390135376275043,1.034978571127496,1.018445205094996,0.9967160051550052,0.9623889820424968,0.9083093516975018,0.8794333834649987,0.8455809539024987,0.8255559808400034,0.7962054203999992,0.7600256236400034,0.7253983518949987,0.6723266287775007,0.6188537661100022,0.5677334128775027,0.5280077972874996,0.48860910556499787,0.4534949087825016,0.41635876898499885,0.3790829524974997,0.3469285957949985,0.31585083718500184,0.28497816298000084
4.5,10.0,3.5,1.0,1.0240034903724937,1.0428735742750035,1.038411137277504,1.0341074378574957,1.0174123714324959,0.994918730840005,0.9588061107899968,0.9038985953875021,0.8748068892274986,0.8400973662849986,0.8185210217825033,0.7896807116874993,0.753356662327503,0.7195873734549988,0.6669624285975008,0.6139917702625022,0.5634516783675023,0.5249009475374996,0.48628407432499793,0.45098824148000133,0.41442456999749894,0.3768482364649996,0.3453228205724985,0.31476587807250184,0.28403653561000075
4.5,10.0,4.0,1.0,1.0237081429774946,1.041999296910004,1.036850945362504,1.0313319006974953,1.0139715881224955,0.9904477893100048,0.9537861072174967,0.898048221747502,0.8675358799399985,0.8315918388999985,0.8113571476200034,0.7817396482824996,0.744778695632503,0.7119318399674988,0.6597398731500007,0.6067792753375029,0.5560367474075023,0.5161819975574994,0.47769563929749786,0.44041399646250057,0.4037772550624993,0.36605292893999963,0.3358085029949987,0.3054667842325015,0.2747895781600006
4.5,10.0,4.5,1.0,1.0231172171724945,1.0405976646900046,1.034162798820003,1.0264174449124959,1.0072371823674962,0.9817216195375041,0.9444399285599965,0.8884901395150018,0.8574395078124988,0.8206877106174989,0.800111751652503,0.7719990065249999,0.7343227836000019,0.7007245796499995,0.6486892224800007,0.5963150216075028,0.5450804313700018,0.5047595439924999,0.46470620958499814,0.42654177521999936,0.38972747599749996,0.3517682963250001,0.32027030042999904,0.28740520169000083,0.25707015301249986
4.5,10.0,5.0,1.0,1.0231098027699945,1.0406842685250046,1.0342837605925033,1.026399780392496,1.0067860908849962,0.9816819421150039,0.9444888691674963,0.8883795142200017,0.8578169233449988,0.8212927846024991,0.800081779670003,0.7720937122575,0.7344357575200021,0.7006682777524993,0.6486444496300008,0.5962385086075028,0.5445778330825017,0.5041759304274998,0.4645559138974982,0.4260394311149993,0.38972377253000007,0.35199791891750004,0.3202356725424991,0.2875422907550009,0.25702976972999986
4.5,12.5,0.0,1.0,1.0228843718799936,1.0395076281400035,1.0327396374875017,1.028326591087499,1.00975819281,0.9840952820925034,0.9497442609824986,0.8971404380375019,0.8687717844074996,0.8334172242100004,0.8113947397525015,0.7798526235375001,0.7419313914050004,0.7078224371800017,0.6567938913200002,0.6038242237524991,0.5545281699775007,0.517456370872501,0.47754680612499845,0.44175654617750093,0.41108496669249933,0.3725436368299995,0.3445033532800001,0.31689648930500036,0.28724698492999917
4.5,12.5,0.5,1.0,1.0228843718799936,1.0395076281400035,1.0327396374875017,1.028326591087499,1.00975819281,0.9840952820925034,0.9497442609824986,0.8971404380375019,0.8687717844074996,0.8334172242100004,0.8113947397525015,0.7798526235375001,0.7419313914050004,0.7078224371800017,0.6567938913200002,0.6038242237524991,0.5545281699775007,0.517456370872501,0.47754680612499845,0.44175654617750093,0.41108496669249933,0.3725436368299995,0.3445033532800001,0.31689648930500036,0.28724698492999917
4.5,12.5,1.0,1.0,1.0223863333874939,1.0382105996175033,1.0296287619000013,1.0237372623249985,1.0037041896749994,0.9769708913225046,0.9420602623699983,0.8886222544700014,0.8588667005150005,0.8228989442450008,0.8010667173825021,0.7720099831575005,0.7355559829600001,0.7000208684350018,0.6486290584525007,0.5974422079924989,0.5481125716200008,0.5111619755275011,0.47227739701499843,0.43746364288500106,0.40538175609749905,0.3679615633399995,0.33890964969000004,0.3122150110100004,0.28351879011999925
4.5,12.5,1.5,1.0,1.0222495653199934,1.0376766324825033,1.0287646654100011,1.0224713177449987,1.0018792908549992,0.9754244481700052,0.9389535745599978,0.8843431740225011,0.854407921615001,0.8179812106975011,0.7965260976225025,0.7684285558100005,0.733814137235,0.7013245020400021,0.649872202325001,0.5962178467824988,0.5485777932350007,0.5105273194525017,0.4733594696149981,0.43894147356250135,0.4060922808274987,0.3712313885699997,0.3397045677299998,0.31155598295250014,0.28286158024749936
4.5,12.5,2.0,1.0,1.0215756971849936,1.036639376837504,1.0279064029850011,1.0199557659024983,0.9996014596874988,0.9728349817675059,0.9365104618749973,0.8810188742500009,0.850393960372501,0.813741670335001,0.7934863126275026,0.7662559968300006,0.7311995787025002,0.6976022341700019,0.6467630309125013,0.5936182520999989,0.5463370162500005,0.5079684612025016,0.4720775226299978,0.4376494354450015,0.40441398850999866,0.36977419349749996,0.3381576674249998,0.3091274405100003,0.28018457215249953
4.5,12.5,2.5,1.0,1.021598642929994,1.0366520778875041,1.0279230665275012,1.0200069504174982,0.9995579614949986,0.9727404498975061,0.9364192622274969,0.8807916024475009,0.850218395257501,0.8137675030125011,0.7935680459600026,0.7662258214775006,0.7309593206625001,0.6973550815875019,0.6465799921600015,0.5935986215349989,0.5462990585625006,0.5078278289175016,0.4716900218274978,0.43701625679750145,0.4036972297599986,0.3690661394,0.33713301411999985,0.30817725132500023,0.2792016312799996
4.5,12.5,3.0,1.0,1.0215556918899937,1.0366242599150042,1.0282147263675014,1.0202755240574972,1.0002560501249973,0.9746240958625058,0.9382235229749962,0.8832863119450015,0.8527531773424998,0.8159840182450006,0.796831861457503,0.7667527552175006,0.7328931129300009,0.6994931612700008,0.6486765674225015,0.5956126169150007,0.5470143034700015,0.5084508620775007,0.4719799433949979,0.43789568320250105,0.4023196119149987,0.3661612918499997,0.3355045106149989,0.30569518050500133,0.2761837783675004
4.5,12.5,3.5,1.0,1.021355455777494,1.0362462518600044,1.0276052597475012,1.0192929081449968,0.9991129224799971,0.9724820358275055,0.9350586778924961,0.8788146584400017,0.8480829433749997,0.8106065091600005,0.7897597025775029,0.7608898335275007,0.727163498465001,0.6941881102200008,0.6433605371025017,0.5905853264100007,0.5428624713800013,0.5054837469825006,0.46973648252749783,0.4357394493525009,0.4005416717324987,0.3643088647949997,0.334268059349999,0.3047414419375013,0.27546710487250037
4.5,12.5,4.0,1.0,1.0213138599824954,1.0357573507100055,1.0262165397225005,1.0167161830249956,0.9952532351799959,0.967653662527505,0.9293885757399956,0.8712669888675019,0.838762170129999,0.8002573672449995,0.7795939080950027,0.7493177180825014,0.7156458249875012,0.6833240711950002,0.6328076667025014,0.5797032681675024,0.5320858617400018,0.49150871053500017,0.45836500345999787,0.42324074924249966,0.38805846872499933,0.3518052357399998,0.323284177932499,0.2944994824525012,0.2659474018175002
4.5,12.5,4.5,1.0,1.0207229341774953,1.034357484372506,1.0235332963649995,1.011810813252496,0.9885326422949963,0.9589460813650043,0.9200655227649952,0.8617089066350015,0.8288820590399996,0.7896007983149999,0.7686067982800024,0.7396455913550016,0.7052586326399998,0.6723464943475004,0.6217892372750011,0.5692698919600023,0.5211588675875013,0.4805182367575005,0.4454037911524983,0.4093965597524986,0.37403627419249985,0.3375476904900004,0.3077725181074995,0.2764378999100005,0.24822797666999954
4.5,12.5,5.0,1.0,1.020723382322495,1.0344729561525061,1.0237021530949995,1.0118404497724962,0.9882493138999964,0.9590243296225038,0.9201144633724951,0.8617329363300017,0.8293323954424996,0.79038137503,0.7686831909375025,0.7397718656650016,0.70542809352,0.6723419704350004,0.6217901215350011,0.5692322891450025,0.5206729774650012,0.4799483826725004,0.4451916641924983,0.4088644250774987,0.3740033516275,0.3377468567775004,0.30771012166249956,0.2765623783250006,0.24826076268999953
4.5,15.0,0.0,1.0,1.0186644005574939,1.0322221551675015,1.023859181137502,1.0175933472500005,0.9968029079425019,0.9721595436800042,0.9364733658425003,0.8833537350525024,0.8518861581550001,0.814777992645002,0.7959739875850015,0.7656733208999986,0.7303390812249982,0.6947701007725025,0.6462885891300004,0.5963133470774976,0.5476563196524998,0.5090655393950012,0.4719259462049984,0.4359119574775015,0.40572858355999897,0.36811825889999966,0.34037035240500046,0.31327910995249975,0.28462504899749885
4.5,15.0,0.5,1.0,1.0186644005574939,1.0322221551675015,1.023859181137502,1.0175933472500005,0.9968029079425019,0.9721595436800042,0.9364733658425003,0.8833537350525024,0.8518861581550001,0.814777992645002,0.7959739875850015,0.7656733208999986,0.7303390812249982,0.6947701007725025,0.6462885891300004,0.5963133470774976,0.5476563196524998,0.5090655393950012,0.4719259462049984,0.4359119574775015,0.40572858355999897,0.36811825889999966,0.34037035240500046,0.31327910995249975,0.28462504899749885
4.5,15.0,1.0,1.0,1.0182428471999942,1.0307987395925011,1.0205010395725016,1.0128255574575005,0.9903890803675022,0.9645542516975056,0.9287577623325002,0.8757303610650016,0.8418635999975009,0.8040861461000024,0.7866335257900022,0.757737173587499,0.7237659749374977,0.6873862944900024,0.6387212435500009,0.5896957960724974,0.5412837385175,0.5028863451100013,0.4661890086324984,0.4311212882200017,0.39970712837499867,0.36332783511499955,0.3345707650025005,0.30852024051249965,0.2808647327449989
4.5,15.0,1.5,1.0,1.018384118304994,1.030536303925001,1.0202021371475012,1.0121498481225009,0.9899643938475022,0.9648267603625063,0.9264965248024996,0.8719637643150012,0.8377355493600015,0.7994196918925028,0.7823486139625025,0.754941616534999,0.7224267949274976,0.6891372543475032,0.6403075902125015,0.5889240441749971,0.5423115823674997,0.5021914946125021,0.46727577691499794,0.43287568013750216,0.4005668776749982,0.36607873995,0.3352942079800005,0.3077292931124994,0.28016369012499903
4.5,15.0,2.0,1.0,1.0181133188324931,1.030161485492502,1.0198201459150011,1.011367983632501,0.9897738894200019,0.9640350207325069,0.9261936936649994,0.8711021241600012,0.8373190644600017,0.8002962872400023,0.7823805321825026,0.7540741483299991,0.7222045662524976,0.6890494104100032,0.6394019552275019,0.5875855792499969,0.5411542674474996,0.5012965475375021,0.4668516403049977,0.43256736948750224,0.3996989830374983,0.36543254440000017,0.33420874520500055,0.30556212639999947,0.27802126198999905
4.5,15.0,2.5,1.0,1.0182568639974934,1.0303647281450024,1.0201454778100014,1.011544436010001,0.9896841708625016,0.9638848353375069,0.9260391624399991,0.8706562337925011,0.8369436876400016,0.8003033523675025,0.7824323656600026,0.7539488512324991,0.7214623316049976,0.6882916369675033,0.638928993377502,0.5874327763199969,0.5409808812249995,0.501155915252502,0.46626841776999767,0.43183197435750226,0.39886150398999826,0.36460001223250027,0.3331509484950007,0.30449567215249934,0.2767654498774991
4.5,15.0,3.0,1.0,1.0183182842999932,1.0305371370725025,1.0203162438300017,1.011219838915,0.9899628982550003,0.9647961334975065,0.9272849194249982,0.872713230900002,0.8385346392025005,0.8013027962350019,0.7846158753675028,0.7535921308224988,0.7224523062149987,0.6899924413325023,0.640297118772502,0.5887593311424988,0.5414038175450004,0.5013374090875011,0.46586808478499775,0.43187214529750184,0.39667837842749826,0.36099335216250006,0.33087294103499976,0.3012288127450003,0.2728983431424999
4.5,15.0,3.5,1.0,1.017951178339994,1.0300170021225028,1.0194993867650017,1.0097185330424998,0.9882046973199999,0.9621420444075062,0.9239153590999982,0.867869181855002,0.8338821025650002,0.795700372792502,0.7782040870750029,0.7484140135299989,0.7172551800974988,0.6841125634875024,0.634330535807502,0.5829892525849989,0.5363259747500003,0.49745190152000107,0.46324487377499773,0.4294585967525017,0.3950143903824982,0.35885929132750016,0.32953575172249977,0.3004516793525003,0.27200445477499996
4.5,15.0,4.0,1.0,1.0177043636249952,1.0291163316325038,1.0177317596750008,1.0058509554549984,0.9817737824449984,0.9544230212600051,0.9152600352224978,0.8578845364275023,0.8229833487999992,0.7838793190700006,0.7652077218275026,0.7355776242549997,0.7047998991824991,0.6715032657975015,0.6217526255725015,0.5700581461450012,0.523521091097501,0.4819850753600005,0.4497162846824979,0.41555828363750047,0.3808055893424987,0.3449770657425002,0.3166171979199995,0.28852771301250024,0.2609946932774999
4.5,15.0,4.5,1.0,1.0173504656874952,1.0282800332250042,1.0161288963875004,1.0027491613149986,0.9775049714774984,0.9486587301700043,0.9088850045524972,0.8517173113850021,0.8163115304199997,0.7767263507975009,0.7572555321275024,0.7285273457475001,0.6969442526324988,0.6635843888700016,0.6132349509750012,0.5616012373325013,0.5143101526325006,0.47283409628500045,0.43894468912499796,0.4035080636274992,0.36877971442499935,0.33328768787500046,0.30305007595999983,0.2725999122875,0.24519786035999946
4.5,15.0,5.0,1.0,1.0172858241874945,1.0281530759975033,1.0158047933750005,1.0018059748924995,0.9758619413049988,0.9470508532300036,0.9071201622499969,0.849625009135002,0.8142410749749998,0.7744407754150011,0.7547330228900024,0.7257793999800003,0.6946237078299992,0.6612438065425017,0.6109259865450012,0.5597352293100014,0.5125051686450004,0.47063380127250026,0.4374408134549984,0.40260296947499946,0.3681404729824997,0.3330036104925004,0.3026127929399997,0.2723928049800002,0.24506552336999946
4.5,17.5,0.0,1.0,1.0187467856249945,1.0322326168200011,1.024178311405002,1.0177910487050001,0.9969585005975022,0.9719721558675042,0.9356291885975004,0.8825409417875022,0.8511684193700002,0.814695705645002,0.7958676049750015,0.7658636062824986,0.7305230806574983,0.6950790570425021,0.6462180022150004,0.5961178876199977,0.5476867237424998,0.5091057498050011,0.47133504747749855,0.4356697895475016,0.4058946788699989,0.36778123868749957,0.33980767717000027,0.3127731348624997,0.2842354267424989
4.5,17.5,0.5,1.0,1.0187467856249945,1.0322326168200011,1.024178311405002,1.0177910487050001,0.9969585005975022,0.9719721558675042,0.9356291885975004,0.8825409417875022,0.8511684193700002,0.814695705645002,0.7958676049750015,0.7658636062824986,0.7305230806574983,0.6950790570425021,0.6462180022150004,0.5961178876199977,0.5476867237424998,0.5091057498050011,0.47133504747749855,0.4356697895475016,0.4058946788699989,0.36778123868749957,0.33980767717000027,0.3127731348624997,0.2842354267424989
4.5,17.5,1.0,1.0,1.018327806942495,1.0308430379700009,1.0208495536350017,1.0131298829375002,0.9908437585175024,0.9646175678050054,0.9286553939175003,0.8756960181575016,0.8418192370150009,0.8048254949650026,0.787044172222502,0.7579127060099989,0.7238824573249977,0.6875631531700022,0.6387836914100007,0.5894874976749975,0.541152899495,0.5029045888100014,0.46627383034999853,0.4312127918700017,0.4001176428799987,0.36337199113999946,0.3342647057125003,0.3082590282399996,0.2806455599999991
4.5,17.5,1.5,1.0,1.0184690780474948,1.0305806023025008,1.0205506512100015,1.0124541736025003,0.9904190719975025,0.9650743111625059,0.9266154386374997,0.8719294214075012,0.8376911863775015,0.8001590407575029,0.7827592603950023,0.7551171489574989,0.7225432773149976,0.6893141130275029,0.6403700380725013,0.5887157457774972,0.5421807433449995,0.5022097383125022,0.467360598632498,0.4330225350575022,0.40101234457499824,0.3661358624199999,0.3349830040150003,0.3074459308499994,0.2799064689299992
4.5,17.5,2.0,1.0,1.018198278574994,1.0302057838700018,1.0202416889225014,1.0116723091125006,0.9902285675700021,0.9642825715325065,0.9263126074999996,0.8710677812525012,0.8372747014775017,0.8010356361050025,0.7827911786150026,0.754249680752499,0.7223210486399977,0.6892262690900028,0.6394644030875016,0.587377280852497,0.5410234284249996,0.5013147912375022,0.46693646202249783,0.4327142244075023,0.40014444993749826,0.3654896668700002,0.3340464176300005,0.3056618658599994,0.27819212427999923
4.5,17.5,2.5,1.0,1.0183418237399942,1.030409026522502,1.0205670208175015,1.0118487614900007,0.9901388490125018,0.9641323861375065,0.9261580762749992,0.8706218908850011,0.8368993246575016,0.8010427012325024,0.7828430120925024,0.7541243836549989,0.7215788139924976,0.688468495647503,0.6389914412375017,0.587224477922497,0.5408500422024997,0.5011741589525021,0.4663532394874978,0.4319788292775023,0.3993069708899982,0.36465713470250016,0.3329886209200006,0.3045954116124993,0.27693631216749925
4.5,17.5,3.0,1.0,1.018444763857494,1.0305962577900023,1.0207590894450018,1.0115515756349998,0.9904015169025004,0.9650388940700061,0.9273861217499985,0.8725727233625018,0.8383774871350006,0.801821745517502,0.7851299059825027,0.7536997720424986,0.7226155679149987,0.690136093475002,0.640403178807502,0.5887664358799988,0.5414019730125004,0.5014168127550012,0.4660268512199978,0.4320955043900018,0.39713826328249824,0.36109430405750004,0.33069035793999974,0.30132855220500027,0.273108816355
4.5,17.5,3.5,1.0,1.0180667308224947,1.0300500151175025,1.019899765855002,1.0099221794099997,0.9885629451600002,0.9622704911000061,0.9238818857724982,0.8675271642425021,0.8331583184225002,0.795475263422502,0.7780458000700028,0.7480541994974987,0.7171591760049988,0.6838795241300023,0.6340909366850018,0.5824722634299989,0.5360421443350003,0.49717654042750103,0.4630471504824978,0.4296216500350017,0.3954253923599982,0.3592599792575001,0.3296297878749997,0.30055141881250025,0.27222191954499997
4.5,17.5,4.0,1.0,1.017811977224996,1.0291279382925034,1.0181128979125011,1.005973756339998,0.9821291215749985,0.9546537945575051,0.9151659150474977,0.8575147404425022,0.8222959325924993,0.7836311347150007,0.7650116685025027,0.7353016161899995,0.7048063080474992,0.6712495309700014,0.6214921565350016,0.5694263506850011,0.523189810015001,0.4816556036050004,0.44948396255999795,0.4156884506300005,0.38118580743499875,0.34536434521250015,0.31684623292999947,0.2887502366450002,0.2613116221324999
4.5,17.5,4.5,1.0,1.0174412399674961,1.028291639885004,1.0165313372325007,1.0028993734399985,0.9779261574324986,0.9489277516525044,0.9088338197149972,0.851394366452502,0.8156805656199997,0.7762061885625009,0.7571132322150024,0.7283015161374999,0.6969974408099988,0.6633746865725015,0.6130147096075013,0.5610053423950013,0.5139314208825005,0.47253344218750043,0.4387630818474981,0.40366010871249924,0.3690929241774994,0.3337333486225005,0.30351463529999984,0.2727890269075,0.24558248291249954
4.5,17.5,5.0,1.0,1.0173765984674952,1.028164682657503,1.0162072342200008,1.0019561870174991,0.9763050948699988,0.9473198747125037,0.9070689774124968,0.849155922472502,0.8134402264524998,0.7735355836650011,0.7542297487825025,0.7253869300500001,0.694523873454999,0.6608925043500017,0.6105782229025012,0.5591393343725014,0.5120278788650005,0.47033314717500024,0.43725920617749847,0.40275501455999946,0.36845368273499973,0.3334492712400003,0.3030773522799997,0.27258191960000017,0.24545014592249953
4.5,20.0,0.0,1.0,1.0180250888599944,1.030788333022501,1.0223666713575021,1.0149291862499998,0.9933409171250025,0.9661728156275045,0.9276682106899998,0.8717574804650028,0.8335278994175,0.7901813972625027,0.7778876003300011,0.7530511691049988,0.7213486161099983,0.6874053959700015,0.6393526217025001,0.589528251352498,0.5422385328424998,0.5048402172675006,0.4685235905374989,0.4332967348100017,0.4033639967849988,0.3663863166899997,0.3390738033650005,0.3119866406999997,0.28338821980749873
4.5,20.0,0.5,1.0,1.0180250888599944,1.030788333022501,1.0223666713575021,1.0149291862499998,0.9933409171250025,0.9661728156275045,0.9276682106899998,0.8717574804650028,0.8335278994175,0.7901813972625027,0.7778876003300011,0.7530511691049988,0.7213486161099983,0.6874053959700015,0.6393526217025001,0.589528251352498,0.5422385328424998,0.5048402172675006,0.4685235905374989,0.4332967348100017,0.4033639967849988,0.3663863166899997,0.3390738033650005,0.3119866406999997,0.28338821980749873
4.5,20.0,1.0,1.0,1.017606110177495,1.0293987541725007,1.0190379135875016,1.0102680204824999,0.9872261750450027,0.9588182275650057,0.9210063636174999,0.8656078302300021,0.8260625818175005,0.7833767085100033,0.7701423272875015,0.7452179479624991,0.714820706754998,0.6799959397925016,0.6319183108975004,0.5828978614074977,0.535704708595,0.49863905627250077,0.46316332545749894,0.42883973713250184,0.39758696079499856,0.36185489372499957,0.33340314254500053,0.30735741306999964,0.2796952339749989
4.5,20.0,1.5,1.0,1.0177473812824946,1.0291363185050006,1.0187390111625014,1.0096589619825003,0.9872016373200025,0.9599148500925062,0.9203490946974995,0.863870040777502,0.8254064582950008,0.7819631026550034,0.7685329871200018,0.7437864092399991,0.7143511009999978,0.6823704324875023,0.6340790921900009,0.5826518509074975,0.5373541232199996,0.4985211418325015,0.4645391922849984,0.43064948032000233,0.39848166248999817,0.36461876500500007,0.33412144084750056,0.3065443156799994,0.278956142904999
4.5,20.0,2.0,1.0,1.017520823112494,1.0288254783850017,1.0184300488750013,1.0089618019425004,0.9871509420600024,0.9590543155250068,0.9200809425799993,0.8633260324525018,0.8250912419950011,0.7829599064425028,0.7686852394750019,0.7430366201649992,0.7142415863024978,0.6824722604575024,0.6333482714325013,0.5817422423399973,0.5366128537249996,0.4980170100950015,0.46411505567499817,0.4304090752625024,0.3976772408749982,0.3640310390575003,0.33343869481250066,0.3047602506899994,0.2772888820949991
4.5,20.0,2.5,1.0,1.0176643682774942,1.029028721037502,1.0187553807700016,1.0091382543200005,0.9870612235025021,0.9589041301300066,0.9199264113549991,0.8628801420850017,0.824715865175001,0.782966971570003,0.768737072952502,0.7429113230674992,0.7134993516549977,0.6817144870150024,0.6328753095825013,0.5815894394099973,0.5360938861749996,0.4975511508675015,0.46322489861499827,0.42938373153500237,0.3963140847124981,0.3627120534550003,0.3320270607000007,0.30336903089749934,0.2757362194499991
4.5,20.0,3.0,1.0,1.017731508332494,1.0289332227075014,1.018418257567502,1.0080308918525,0.9860035576075008,0.9574027694450059,0.9183204152949983,0.8601596800225028,0.8195436182750001,0.7750722863350024,0.7644836931100023,0.7374522462074988,0.7094307017524989,0.6791248726425022,0.6302645505575015,0.5798820285149988,0.5338102822325,0.49531202854000045,0.4602584568299982,0.42703131731500216,0.3914425322274982,0.35626364206,0.3266729878024998,0.29738069639000025,0.26971152223499995
4.5,20.0,3.5,1.0,1.0173422039899946,1.0283762768675018,1.017601420520002,1.0064012355375,0.9840846150575004,0.9542981974900059,0.9145958601774982,0.8543260938475029,0.8132097404824999,0.7667841489700024,0.7555289681725026,0.7292602033599986,0.700858837224999,0.6710265299400023,0.6232042552500014,0.572604869819999,0.5277101143699999,0.4909354504650003,0.4568804235249983,0.4239364956025022,0.3893263108899982,0.35385107497249996,0.3252618920549996,0.2963733209825003,0.2686183872449999
4.5,20.0,4.0,1.0,1.017051650329996,1.0274394498975028,1.0157222397950012,1.0024137644874986,0.9772248994399989,0.9460123355350047,0.9052949762649979,0.843639199845003,0.8024079112899991,0.756142101167501,0.7420411366400026,0.715624727844999,0.6866409748849998,0.6565767304250015,0.6082624616800011,0.5572462802750013,0.5115650434225003,0.47211938866749953,0.43970984978749866,0.4059006064450012,0.3702787375149987,0.33552856203249976,0.30839137856249926,0.2810944975625003,0.25391007608750016
4.5,20.0,4.5,1.0,1.0166792420899957,1.026444724765003,1.0135917170850008,0.998373888754999,0.9715416004049989,0.938673465817504,0.8969221420024975,0.8355499902075028,0.7953913289699993,0.7486867548275009,0.7318008943200026,0.7064125559624995,0.6763874672074995,0.6461057940550018,0.5970001477900008,0.5453115641125015,0.4979091762424997,0.45753397063499945,0.42324854083749935,0.38685753781250065,0.35074622956499957,0.31607901092999946,0.2869553821899996,0.2572779967975001,0.23047082713250028
4.5,20.0,5.0,1.0,1.016614600589995,1.026303333565002,1.013228554267501,0.9974307023324996,0.9698937825674993,0.9370361074575032,0.8949637359549972,0.833254221602503,0.7928635133474995,0.745402797600001,0.7288669851575027,0.7034979698749997,0.6739138998524998,0.6432668207200019,0.5941516257000007,0.5432059531100015,0.4958151096324995,0.45483352705999935,0.42115702888749973,0.3854307830100009,0.3499020100925,0.3155252731974993,0.2864296187199994,0.2570282462750002,0.2303384901425003
4.5,22.5,0.0,1.0,1.008172206192495,1.0115755280600007,0.992850955840003,0.9762501265499935,0.949549226012502,0.9187772112825047,0.8753955164724977,0.815611163495004,0.7746173994724975,0.7299141764650021,0.7180532259650003,0.697091150937499,0.6677427850874992,0.6371104833474985,0.593350587787498,0.5473992158575012,0.5056495226925014,0.47197330937249754,0.43884602864000094,0.40907937420250046,0.38227625806499943,0.35075105367249987,0.32341213610500064,0.2974951919175011,0.2718968012299984
4.5,22.5,0.5,1.0,1.008172206192495,1.0115755280600007,0.992850955840003,0.9762501265499935,0.949549226012502,0.9187772112825047,0.8753955164724977,0.815611163495004,0.7746173994724975,0.7299141764650021,0.7180532259650003,0.697091150937499,0.6677427850874992,0.6371104833474985,0.593350587787498,0.5473992158575012,0.5056495226925014,0.47197330937249754,0.43884602864000094,0.40907937420250046,0.38227625806499943,0.35075105367249987,0.32341213610500064,0.2974951919175011,0.2718968012299984
4.5,22.5,1.0,1.0,1.0083375508849952,1.0115712910400008,0.9924645331550029,0.9757415934949937,0.9482154925225019,0.9173676128625048,0.8740673787499975,0.8145695260900041,0.7723093905874979,0.7270186083925023,0.7165618027950006,0.694250846674999,0.6645847960699992,0.6340290239074987,0.5901930934549982,0.5432712286800011,0.5023818711750014,0.46953809412249775,0.43691787548000094,0.40670330990500053,0.37867527711249926,0.3479765499599998,0.3204029383400006,0.2944851613850011,0.26950350762999853
4.5,22.5,1.5,1.0,1.009062973349995,1.012177591932501,0.9933729501225027,0.977108290762494,0.9504292694050019,0.921175330850005,0.8767776352549973,0.816998938272504,0.774710258069998,0.7289416065325024,0.7188593736625007,0.696883334159999,0.667660374052499,0.6384955298099994,0.5946752693074986,0.545188781110001,0.5063984073400011,0.4719852943124983,0.4399020098575005,0.4096653002850008,0.38086232834999906,0.3517672286850001,0.3219647340450007,0.2945110576550008,0.26974407848249865
4.5,22.5,2.0,1.0,1.0089687632174948,1.012042304295001,0.9930922710550028,0.976886804977494,0.9505262555375018,0.920866698567505,0.8769381152899972,0.816552399067504,0.7747888753574981,0.7296724848150022,0.7190585283075008,0.696848853857499,0.6678830961674991,0.6387215614499995,0.5944371778574987,0.5449072428950009,0.5060531758750011,0.47123317056999825,0.43909396792250033,0.4097638059200009,0.380205103959999,0.3519030624925001,0.32154376937000057,0.2930810821575007,0.26820722483249876
4.5,22.5,2.5,1.0,1.0091088996224953,1.0122359507600012,0.9933946663275027,0.9770508222599941,0.9504597684050016,0.920754444610005,0.876809417719997,0.816409748235004,0.774720366937498,0.7296646832000023,0.7191103617850007,0.696723556759999,0.6673613073999991,0.6382194177924996,0.5939983083599987,0.544647846705001,0.5058655214050012,0.4707673113424983,0.43788076519000035,0.408420325145001,0.378677052832499,0.350518826495,0.3199833118525006,0.2916026836125007,0.26663233645749884
4.5,22.5,3.0,1.0,1.0091287068874952,1.0108613645024966,0.9894978520425031,0.9694154547224997,0.9393012870299999,0.9042342434600027,0.8554974238949972,0.7910824848725055,0.746824898354998,0.6976772235000016,0.6885432095200024,0.6658032278025003,0.6368398014075015,0.6096717721950017,0.5675147244724992,0.5195722679325017,0.48348384003249906,0.4511047631074981,0.4202822300425004,0.3942630728275015,0.3659491445774994,0.3377993588999996,0.30829351405499944,0.28008742015000104,0.25628783950999956
4.5,22.5,3.5,1.0,1.0089035921574954,1.0106859588624966,0.9892159649750031,0.9687415990225,0.9380852712399996,0.9023164469400023,0.852743159352497,0.7865793340425056,0.7417690898624979,0.6917311495200015,0.6817996048975027,0.6589112009675006,0.6300645906100016,0.603484704945002,0.5622055494549991,0.5149241511475017,0.4787296258124988,0.4468248914649981,0.4171172744675005,0.3917675393175016,0.36400563478999937,0.33531604078999955,0.30691204009999934,0.279077461035001,0.2553467108849996
4.5,22.5,4.0,1.0,1.0084984284024956,1.0097376014199964,0.9876257422275032,0.9658493826175004,0.9327834322174994,0.8954294476675017,0.8456751291874973,0.7785642978900057,0.7327738279324979,0.6826638080275014,0.6707882450325033,0.6460825729025009,0.6172928572725023,0.5908074474175019,0.549355579914999,0.5045385810575024,0.4662600490849985,0.4325246425274979,0.40328693685250067,0.37561866111000136,0.34679301610499974,0.316822065877499,0.29110670988499915,0.26533660852000085,0.24154931333999996
4.5,22.5,4.5,1.0,1.0083479082474955,1.0093028365274963,0.986564153435003,0.9638394193750005,0.9294108392599992,0.8906751035075017,0.840841284347497,0.7741524793575058,0.729638276059998,0.6802185411625012,0.6649484120450033,0.6402538528450014,0.6118336253450023,0.584622035770002,0.5420508699074988,0.4962225045450024,0.4565175599699983,0.421263824929998,0.390318309552501,0.36072617338500146,0.3306738493075011,0.2995760124399989,0.2720735203424993,0.2452755578225004,0.2208840506000004
4.5,22.5,5.0,1.0,1.0082743591724947,1.0090700963299952,0.986194152182503,0.9628448238975013,0.9277204427749993,0.8887462402625013,0.8389086287024967,0.772053607577506,0.727068424837498,0.676802851065001,0.6619310785725036,0.6373731788125017,0.6093227041600023,0.5817816590975022,0.5392742360074987,0.49408810194250236,0.45438854246249816,0.41881921011499784,0.3881973681700013,0.35924377956750164,0.32985510876500146,0.2989371033174988,0.2715326715874992,0.2449299615650004,0.2206794812800004
4.5,25.0,0.0,1.0,1.008172206192495,1.0115755280600007,0.992850955840003,0.9762501265499935,0.949549226012502,0.9187772112825047,0.8753955164724977,0.815611163495004,0.7748496284999976,0.7307412110700021,0.7190397960750002,0.6978766210449989,0.6682627539749992,0.6376276389974985,0.594022796664998,0.5480497907450013,0.5062777440525015,0.47197330937249754,0.43884602864000094,0.40907937420250046,0.38227625806499943,0.35075105367249987,0.32341213610500064,0.2974951919175011,0.2718968012299984
4.5,25.0,0.5,1.0,1.008172206192495,1.0115755280600007,0.992850955840003,0.9762501265499935,0.949549226012502,0.9187772112825047,0.8753955164724977,0.815611163495004,0.7748496284999976,0.7307412110700021,0.7190397960750002,0.6978766210449989,0.6682627539749992,0.6376276389974985,0.594022796664998,0.5480497907450013,0.5062777440525015,0.47197330937249754,0.43884602864000094,0.40907937420250046,0.38227625806499943,0.35075105367249987,0.32341213610500064,0.2974951919175011,0.2718968012299984
4.5,25.0,1.0,1.0,1.0083375508849952,1.0115712910400008,0.9924645331550029,0.9757415934949937,0.9482154925225019,0.9173676128625048,0.8740673787499975,0.8145695260900041,0.772541619614998,0.7278456429975023,0.7175483729050005,0.695036316782499,0.6651047649574992,0.6345461795574987,0.590865302332498,0.5439218035675012,0.5030100925350015,0.46953809412249775,0.43691787548000094,0.40670330990500053,0.37867527711249926,0.3479765499599998,0.3204029383400006,0.2944851613850011,0.26950350762999853
4.5,25.0,1.5,1.0,1.009062973349995,1.012177591932501,0.9933729501225027,0.977108290762494,0.9504292694050019,0.921175330850005,0.8767776352549973,0.816998938272504,0.7749424870974981,0.7297686411375024,0.7198459437725007,0.6976688042674991,0.6681803429399991,0.6390126854599995,0.5953474781849984,0.5458393559975011,0.5070266287000011,0.4719852943124983,0.4399020098575005,0.4096653002850008,0.38086232834999906,0.3517672286850001,0.3219647340450007,0.2945110576550008,0.26974407848249865
4.5,25.0,2.0,1.0,1.0089687632174948,1.012042304295001,0.9930922710550028,0.976886804977494,0.9505262555375018,0.920866698567505,0.8769381152899972,0.816552399067504,0.7750211043849982,0.7304995194200024,0.7200450984175006,0.6976343239649989,0.6684030650549991,0.6392387170999995,0.5951093867349986,0.545557817782501,0.5066813972350012,0.47123317056999825,0.43909396792250033,0.4097638059200009,0.380205103959999,0.3519030624925001,0.32154376937000057,0.2930810821575007,0.26820722483249876
4.5,25.0,2.5,1.0,1.0091088996224953,1.0122359507600012,0.9933946663275027,0.9770508222599941,0.9504597684050016,0.920754444610005,0.876809417719997,0.816409748235004,0.7749525959649981,0.7304917178050023,0.7200969318950007,0.6975090268674989,0.6678812762874992,0.6387365734424996,0.5946705172374986,0.545298421592501,0.5064937427650011,0.4707673113424983,0.43788076519000035,0.408420325145001,0.378677052832499,0.350518826495,0.3199833118525006,0.2916026836125007,0.26663233645749884
4.5,25.0,3.0,1.0,1.0091287068874952,1.0108613645024966,0.9894978520425031,0.9694154547224997,0.9393012870299999,0.9042342434600027,0.8554974238949972,0.7910824848725055,0.747292110732498,0.6985575871575016,0.6895854868750024,0.6665188950900003,0.6373226971225016,0.6101524962450017,0.5679770456124992,0.5200174685325017,0.483915192982499,0.4511047631074981,0.4202822300425004,0.3942630728275015,0.3659491445774994,0.3377993588999996,0.30829351405499944,0.28008742015000104,0.25628783950999956
4.5,25.0,3.5,1.0,1.0089035921574954,1.0106859588624966,0.9892159649750031,0.9687415990225,0.9380852712399996,0.9023164469400023,0.852743159352497,0.7865793340425056,0.7422363022399978,0.6926115131775015,0.6828418822525028,0.6596268682550006,0.6305474863250017,0.6042813902975019,0.562970641999999,0.5156595700875017,0.4791609787624988,0.4468248914649981,0.4171172744675005,0.3917675393175016,0.36400563478999937,0.33531604078999955,0.30691204009999934,0.279077461035001,0.2553467108849996
4.5,25.0,4.0,1.0,1.0084984284024956,1.0097376014199964,0.9876257422275032,0.9658493826175004,0.9327834322174994,0.8954294476675017,0.8456751291874973,0.7785642978900057,0.7332410403099978,0.6835441716850015,0.6718305223875032,0.646798240190001,0.6177757529875023,0.5916041327700019,0.5501206724599988,0.5052739999975026,0.4666914020349985,0.4325246425274979,0.40328693685250067,0.37561866111000136,0.34679301610499974,0.316822065877499,0.29110670988499915,0.26533660852000085,0.24154931333999996
4.5,25.0,4.5,1.0,1.0083479082474955,1.0093028365274963,0.986564153435003,0.9638394193750005,0.9294108392599992,0.8906751035075017,0.840841284347497,0.7741524793575058,0.7301054884374979,0.6810989048200013,0.6659906894000034,0.6409695201325013,0.6123165210600023,0.5853431218450021,0.5429755121874987,0.49689030544500246,0.4569489129199983,0.421263824929998,0.390318309552501,0.36072617338500146,0.3306738493075011,0.2995760124399989,0.2720735203424993,0.2452755578225004,0.2208840506000004
4.5,25.0,5.0,1.0,1.0082743591724947,1.0090700963299952,0.986194152182503,0.9628448238975013,0.9277204427749993,0.8887462402625013,0.8389086287024967,0.772053607577506,0.7275356372149979,0.6776832147225013,0.6629733559275037,0.6380888461000017,0.6098055998750024,0.5825027451725023,0.5401988782874986,0.4947559028425024,0.4548198954124981,0.41881921011499784,0.3881973681700013,0.35924377956750164,0.32985510876500146,0.2989371033174988,0.2715326715874992,0.2449299615650004,0.2206794812800004
5.0,0.0,0.0,1.0,1.0371310453374978,1.0714580272575056,1.0842185067049968,1.0988472060200019,1.1019475280250046,1.1010145403450011,1.086508958699997,1.0452698070025057,1.0340708259974951,1.0106561495475008,0.9953462824425056,0.9666951861300029,0.9303730667000013,0.8908007328874971,0.8284629547249963,0.7667468950249973,0.7092744011299986,0.6612983714774981,0.6194507830674963,0.5810902547874975,0.5416180043800002,0.5005103967,0.46438679297500096,0.4302464095074997,0.3966244542600012
5.0,0.0,0.5,1.0,1.0371310453374978,1.0714580272575056,1.0842185067049968,1.0988472060200019,1.1019475280250046,1.1010145403450011,1.086508958699997,1.0452698070025057,1.0340708259974951,1.0106561495475008,0.9953462824425056,0.9666951861300029,0.9303730667000013,0.8908007328874971,0.8284629547249963,0.7667468950249973,0.7092744011299986,0.6612983714774981,0.6194507830674963,0.5810902547874975,0.5416180043800002,0.5005103967,0.46438679297500096,0.4302464095074997,0.3966244542600012
5.0,0.0,1.0,1.0,1.0363063776574983,1.0694908599075044,1.0802654020874973,1.0927675599850013,1.094440885315005,1.091897095850001,1.0766184328949981,1.034288364755005,1.0231668097099966,0.9984749390000007,0.9833252957825052,0.9564440861200028,0.9216294950175014,0.8823509552149973,0.8186594954624964,0.7591854207349976,0.7002941145074986,0.6522950863574986,0.6121963896399965,0.5747367391549979,0.53401524915,0.49343101683249996,0.45771759419750063,0.42440773074249977,0.39062536808250115
5.0,0.0,1.5,1.0,1.0359703913724985,1.068615131242504,1.0793582645174977,1.0911296888600015,1.092501177855005,1.0895315659850011,1.073178845777498,1.029711772090004,1.0173732368999975,0.9915794199250009,0.9770446998475049,0.9517313691025031,0.9171753198525017,0.8798391398299971,0.8163613481649967,0.7572154797599978,0.6978364407674986,0.6493314613674985,0.6101398151999965,0.572791210467498,0.5317214207699998,0.4919592974899999,0.45679097973500055,0.4232346512049997,0.3894709498100011
5.0,0.0,2.0,1.0,1.0347817281924998,1.066580431897503,1.0759115136799995,1.0863158840650033,1.084943912225004,1.079511429017502,1.0623102639274986,1.0163650327625016,1.003225724354999,0.9780157663925011,0.9629763506525036,0.9398187121650036,0.9039394904475025,0.8650536204224969,0.8039279287324987,0.7454950676949982,0.6883050950299991,0.6391722479399983,0.5997571548224964,0.5660003218699984,0.5259720072925002,0.48686016607749977,0.4516454437475005,0.4181856010949994,0.38406888185500093
5.0,0.0,2.5,1.0,1.0348298371825,1.066815242210003,1.0759791574149993,1.0866562759600036,1.0853398801700036,1.0800822040300022,1.0629542554699984,1.0169542637925018,1.003564141999999,0.9780454998775012,0.9634859471150037,0.9399634028575037,0.9045080299050025,0.8651932426749969,0.8041490228449989,0.7451056155049982,0.6882283973549993,0.6387849500149982,0.5994419819899963,0.5655913361474983,0.5257211257075002,0.4864524415224998,0.4510421352500005,0.4176834406724992,0.3833332523250009
5.0,0.0,3.0,1.0,1.0348545291275,1.066578529572503,1.0758585071925004,1.0867991506900032,1.085488827347503,1.080089618235002,1.0628752864499988,1.016957333027502,1.003219205752499,0.9783682132875016,0.963936150665003,0.9393290824725036,0.9025860983650026,0.862183198827497,0.8017227389299988,0.7426015602324987,0.6862728403499994,0.6374819119199983,0.5974962112249965,0.5623872557224989,0.5225499127825003,0.48138169417749965,0.44470456368750033,0.41149698971749915,0.377474888305001
5.0,0.0,3.5,1.0,1.0348907487924999,1.066589769045003,1.0757772574075002,1.0865468866475032,1.0845325114375028,1.078156060257502,1.0593416522499988,1.010236347925002,0.9959635410549987,0.9687377929425017,0.952553727415003,0.9294496951925035,0.892453695557502,0.8550778582674974,0.7956645893949985,0.7381803068274988,0.6830208772699992,0.6347421663474982,0.5960371673974965,0.560234033749999,0.5217759905175002,0.47986600235499977,0.44332644388250037,0.410080768079999,0.3763480349200009
5.0,0.0,4.0,1.0,1.0348692510974995,1.066225735747503,1.0748821888375009,1.0845761835950023,1.0817826345000028,1.0739241009175022,1.0526296971824995,1.0037364214500024,0.9878885279424985,0.9594176722475016,0.9446835186400027,0.9201549829700032,0.8838973707775019,0.8477421750524979,0.7883591671799988,0.7325690221099991,0.6759485588224987,0.6276782632074984,0.5877975957924967,0.5488137021649993,0.5104959572275001,0.4691992600224998,0.43403217167000013,0.40124292867249883,0.36683413962500055
5.0,0.0,4.5,1.0,1.0343051464524984,1.0649985256000032,1.072833505575001,1.081044396092502,1.076672638247503,1.067344140617502,1.0456184446574999,0.9986426988425027,0.9806851631349983,0.9525986804075015,0.9383175945875025,0.9123987021125031,0.8766011571050016,0.8402956188849984,0.7807341712849984,0.7241561021199994,0.6651894295199982,0.6167274857874987,0.5757045862574965,0.5359108650474995,0.4961001262624999,0.4530951694999997,0.41771273498249967,0.3828975464599986,0.34842164759249994
5.0,0.0,5.0,1.0,1.0343051464524984,1.0649985256000032,1.0728779439350011,1.081068046612502,1.076663189930003,1.0674031034575018,1.0457132166949998,0.9987436900850026,0.9810385278599982,0.9526935948250018,0.9384594141075026,0.912430270690003,0.8766294005850015,0.8400040704299984,0.7804559071824984,0.7237736091199994,0.6648448148374981,0.6163792311299986,0.5755459206999965,0.5355168344074995,0.49615822731749987,0.45336995075249964,0.41781331641749964,0.3830862562599986,0.348417101345
5.0,2.5,0.0,1.0,1.0371310453374978,1.0714580272575056,1.0842185067049968,1.0988472060200019,1.1019475280250046,1.1010145403450011,1.086508958699997,1.0452698070025057,1.0340708259974951,1.0106561495475008,0.9953462824425056,0.9666951861300029,0.9303730667000013,0.8908007328874971,0.8284629547249963,0.7667468950249973,0.7092744011299986,0.6612983714774981,0.6194507830674963,0.5810902547874975,0.5416180043800002,0.5005103967,0.46438679297500096,0.4302464095074997,0.3966244542600012
5.0,2.5,0.5,1.0,1.0371310453374978,1.0714580272575056,1.0842185067049968,1.0988472060200019,1.1019475280250046,1.1010145403450011,1.086508958699997,1.0452698070025057,1.0340708259974951,1.0106561495475008,0.9953462824425056,0.9666951861300029,0.9303730667000013,0.8908007328874971,0.8284629547249963,0.7667468950249973,0.7092744011299986,0.6612983714774981,0.6194507830674963,0.5810902547874975,0.5416180043800002,0.5005103967,0.46438679297500096,0.4302464095074997,0.3966244542600012
5.0,2.5,1.0,1.0,1.0363063776574983,1.0694908599075044,1.0802654020874973,1.0927675599850013,1.094440885315005,1.091897095850001,1.0766184328949981,1.034288364755005,1.0231668097099966,0.9984749390000007,0.9833252957825052,0.9564440861200028,0.9216294950175014,0.8823509552149973,0.8186594954624964,0.7591854207349976,0.7002941145074986,0.6522950863574986,0.6121963896399965,0.5747367391549979,0.53401524915,0.49343101683249996,0.45771759419750063,0.42440773074249977,0.39062536808250115
5.0,2.5,1.5,1.0,1.0359703913724985,1.068615131242504,1.0793582645174977,1.0911296888600015,1.092501177855005,1.0895315659850011,1.073178845777498,1.029711772090004,1.0173732368999975,0.9915794199250009,0.9770446998475049,0.9517313691025031,0.9171753198525017,0.8798391398299971,0.8163613481649967,0.7572154797599978,0.6978364407674986,0.6493314613674985,0.6101398151999965,0.572791210467498,0.5317214207699998,0.4919592974899999,0.45679097973500055,0.4232346512049997,0.3894709498100011
5.0,2.5,2.0,1.0,1.0347817281924998,1.066580431897503,1.0759115136799995,1.0863158840650033,1.084943912225004,1.079511429017502,1.0623102639274986,1.0163650327625016,1.003225724354999,0.9780157663925011,0.9629763506525036,0.9398187121650036,0.9039394904475025,0.8650536204224969,0.8039279287324987,0.7454950676949982,0.6883050950299991,0.6391722479399983,0.5997571548224964,0.5660003218699984,0.5259720072925002,0.48686016607749977,0.4516454437475005,0.4181856010949994,0.38406888185500093
5.0,2.5,2.5,1.0,1.0348298371825,1.066815242210003,1.0759791574149993,1.0866562759600036,1.0853398801700036,1.0800822040300022,1.0629542554699984,1.0169542637925018,1.003564141999999,0.9780454998775012,0.9634859471150037,0.9399634028575037,0.9045080299050025,0.8651932426749969,0.8041490228449989,0.7451056155049982,0.6882283973549993,0.6387849500149982,0.5994419819899963,0.5655913361474983,0.5257211257075002,0.4864524415224998,0.4510421352500005,0.4176834406724992,0.3833332523250009
5.0,2.5,3.0,1.0,1.0348545291275,1.066578529572503,1.0758585071925004,1.0867991506900032,1.085488827347503,1.080089618235002,1.0628752864499988,1.016957333027502,1.003219205752499,0.9783682132875016,0.963936150665003,0.9393290824725036,0.9025860983650026,0.862183198827497,0.8017227389299988,0.7426015602324987,0.6862728403499994,0.6374819119199983,0.5974962112249965,0.5623872557224989,0.5225499127825003,0.48138169417749965,0.44470456368750033,0.41149698971749915,0.377474888305001
5.0,2.5,3.5,1.0,1.0348907487924999,1.066589769045003,1.0757772574075002,1.0865468866475032,1.0845325114375028,1.078156060257502,1.0593416522499988,1.010236347925002,0.9959635410549987,0.9687377929425017,0.952553727415003,0.9294496951925035,0.892453695557502,0.8550778582674974,0.7956645893949985,0.7381803068274988,0.6830208772699992,0.6347421663474982,0.5960371673974965,0.560234033749999,0.5217759905175002,0.47986600235499977,0.44332644388250037,0.410080768079999,0.3763480349200009
5.0,2.5,4.0,1.0,1.0348692510974995,1.066225735747503,1.0748821888375009,1.0845761835950023,1.0817826345000028,1.0739241009175022,1.0526296971824995,1.0037364214500024,0.9878885279424985,0.9594176722475016,0.9446835186400027,0.9201549829700032,0.8838973707775019,0.8477421750524979,0.7883591671799988,0.7325690221099991,0.6759485588224987,0.6276782632074984,0.5877975957924967,0.5488137021649993,0.5104959572275001,0.4691992600224998,0.43403217167000013,0.40124292867249883,0.36683413962500055
5.0,2.5,4.5,1.0,1.0343051464524984,1.0649985256000032,1.072833505575001,1.081044396092502,1.076672638247503,1.067344140617502,1.0456184446574999,0.9986426988425027,0.9806851631349983,0.9525986804075015,0.9383175945875025,0.9123987021125031,0.8766011571050016,0.8402956188849984,0.7807341712849984,0.7241561021199994,0.6651894295199982,0.6167274857874987,0.5757045862574965,0.5359108650474995,0.4961001262624999,0.4530951694999997,0.41771273498249967,0.3828975464599986,0.34842164759249994
5.0,2.5,5.0,1.0,1.0343051464524984,1.0649985256000032,1.0728779439350011,1.081068046612502,1.076663189930003,1.0674031034575018,1.0457132166949998,0.9987436900850026,0.9810385278599982,0.9526935948250018,0.9384594141075026,0.912430270690003,0.8766294005850015,0.8400040704299984,0.7804559071824984,0.7237736091199994,0.6648448148374981,0.6163792311299986,0.5755459206999965,0.5355168344074995,0.49615822731749987,0.45336995075249964,0.41781331641749964,0.3830862562599986,0.348417101345
5.0,5.0,0.0,1.0,1.040826348,1.079576034,1.09713571,1.117367645,1.12535379,1.129430978,1.11901799,1.080281914,1.071602984,1.051115604,1.037570644,1.009663014,0.972312425,0.931992397,0.868301973,0.804604096,0.745088875,0.697052881,0.654354378,0.615345126,0.575824456,0.533433218,0.496627367,0.461144337,0.427013441
5.0,5.0,0.5,1.0,1.0371310453374978,1.0714580272575056,1.0842185067049968,1.0988472060200019,1.1019475280250046,1.1010145403450011,1.086508958699997,1.0457932320800056,1.0349887524449952,1.0120555560375009,0.9968260720375055,0.9671030379225029,0.9303730667000013,0.8908007328874971,0.8284629547249963,0.7667468950249973,0.7092744011299986,0.6612983714774981,0.6194507830674963,0.5810902547874975,0.5416180043800002,0.5005103967,0.46438679297500096,0.4302464095074997,0.3966244542600012
5.0,5.0,1.0,1.0,1.0363063776574983,1.0694908599075044,1.0802654020874973,1.0927675599850013,1.094440885315005,1.091897095850001,1.0766184328949981,1.0348117898325049,1.0240847361574965,0.9998743454900008,0.9848050853775051,0.9568519379125027,0.9216294950175014,0.8823509552149973,0.8186594954624964,0.7591854207349976,0.7002941145074986,0.6522950863574986,0.6121963896399965,0.5747367391549979,0.53401524915,0.49343101683249996,0.45771759419750063,0.42440773074249977,0.39062536808250115
5.0,5.0,1.5,1.0,1.0359703913724985,1.068615131242504,1.0793582645174977,1.0911296888600015,1.092501177855005,1.0895315659850011,1.073178845777498,1.030235197167504,1.0182911633474976,0.9929788264150008,0.9785244894425047,0.952139220895003,0.9171753198525017,0.8798391398299971,0.8163613481649967,0.7572154797599978,0.6978364407674986,0.6493314613674985,0.6101398151999965,0.572791210467498,0.5317214207699998,0.4919592974899999,0.45679097973500055,0.4232346512049997,0.3894709498100011
5.0,5.0,2.0,1.0,1.0347817281924998,1.066580431897503,1.0759115136799995,1.0863158840650033,1.084943912225004,1.079511429017502,1.0623102639274986,1.0168884578400017,1.004143650802499,0.9794151728825011,0.9644561402475036,0.9402265639575035,0.9039394904475025,0.8650536204224969,0.8039279287324987,0.7454950676949982,0.6883050950299991,0.6391722479399983,0.5997571548224964,0.5660003218699984,0.5259720072925002,0.48686016607749977,0.4516454437475005,0.4181856010949994,0.38406888185500093
5.0,5.0,2.5,1.0,1.0348298371825,1.066815242210003,1.0759791574149993,1.0866562759600036,1.0853398801700036,1.0800822040300022,1.0629542554699984,1.0174776888700017,1.004482068447499,0.9794449063675011,0.9649657367100035,0.9403712546500036,0.9045080299050025,0.8651932426749969,0.8041490228449989,0.7451056155049982,0.6882283973549993,0.6387849500149982,0.5994419819899963,0.5655913361474983,0.5257211257075002,0.4864524415224998,0.4510421352500005,0.4176834406724992,0.3833332523250009
5.0,5.0,3.0,1.0,1.0348545291275,1.066578529572503,1.0758585071925004,1.0867991506900032,1.085488827347503,1.080089618235002,1.0628752864499988,1.0174807581050018,1.004137132199999,0.9797676197775016,0.965415940260003,0.9397369342650035,0.9025860983650026,0.862183198827497,0.8017227389299988,0.7426015602324987,0.6862728403499994,0.6374819119199983,0.5974962112249965,0.5623872557224989,0.5225499127825003,0.48138169417749965,0.44470456368750033,0.41149698971749915,0.377474888305001
5.0,5.0,3.5,1.0,1.0348907487924999,1.066589769045003,1.0757772574075002,1.0865468866475032,1.0845325114375028,1.078156060257502,1.0593416522499988,1.010759773002502,0.9968814675024987,0.9701371994325017,0.9540335170100027,0.9298575469850034,0.892453695557502,0.8550778582674974,0.7956645893949985,0.7381803068274988,0.6830208772699992,0.6347421663474982,0.5960371673974965,0.560234033749999,0.5217759905175002,0.47986600235499977,0.44332644388250037,0.410080768079999,0.3763480349200009
5.0,5.0,4.0,1.0,1.0348692510974995,1.066225735747503,1.0748821888375009,1.0845761835950023,1.0817826345000028,1.0739241009175022,1.0526296971824995,1.0042598465275026,0.9888064543899985,0.9608170787375018,0.9461633082350025,0.9205628347625031,0.8838973707775019,0.8477421750524979,0.7883591671799988,0.7325690221099991,0.6759485588224987,0.6276782632074984,0.5877975957924967,0.5488137021649993,0.5104959572275001,0.4691992600224998,0.43403217167000013,0.40124292867249883,0.36683413962500055
5.0,5.0,4.5,1.0,1.0343051464524984,1.0649985256000032,1.072833505575001,1.081044396092502,1.076672638247503,1.067344140617502,1.0456184446574999,0.9991661239200026,0.9816030895824983,0.9539980868975014,0.9397973841825025,0.912806553905003,0.8766011571050016,0.8402956188849984,0.7807341712849984,0.7241561021199994,0.6651894295199982,0.6167274857874987,0.5757045862574965,0.5359108650474995,0.4961001262624999,0.4530951694999997,0.41771273498249967,0.3828975464599986,0.34842164759249994
5.0,5.0,5.0,1.0,1.0343051464524984,1.0649985256000032,1.0728779439350011,1.081068046612502,1.076663189930003,1.0674031034575018,1.0457132166949998,0.9992671151625027,0.9819564543074982,0.9540930013150017,0.9399392037025025,0.912838122482503,0.8766294005850015,0.8400040704299984,0.7804559071824984,0.7237736091199994,0.6648448148374981,0.6163792311299986,0.5755459206999965,0.5355168344074995,0.49615822731749987,0.45336995075249964,0.41781331641749964,0.3830862562599986,0.348417101345
5.0,7.5,0.0,1.0,1.0371310453374978,1.0714580272575056,1.0842185067049968,1.0988472060200019,1.1019475280250046,1.1010145403450011,1.086508958699997,1.0457932320800056,1.0349887524449952,1.0120555560375009,0.9968260720375055,0.9671030379225029,0.9303730667000013,0.8908007328874971,0.8284629547249963,0.7667468950249973,0.7092744011299986,0.6612983714774981,0.6194507830674963,0.5810902547874975,0.5416180043800002,0.5005103967,0.46438679297500096,0.4302464095074997,0.3966244542600012
5.0,7.5,0.5,1.0,1.0371310453374978,1.0714580272575056,1.0842185067049968,1.0988472060200019,1.1019475280250046,1.1010145403450011,1.086508958699997,1.0457932320800056,1.0349887524449952,1.0120555560375009,0.9968260720375055,0.9671030379225029,0.9303730667000013,0.8908007328874971,0.8284629547249963,0.7667468950249973,0.7092744011299986,0.6612983714774981,0.6194507830674963,0.5810902547874975,0.5416180043800002,0.5005103967,0.46438679297500096,0.4302464095074997,0.3966244542600012
5.0,7.5,1.0,1.0,1.0363063776574983,1.0694908599075044,1.0802654020874973,1.0927675599850013,1.094440885315005,1.091897095850001,1.0766184328949981,1.0348117898325049,1.0240847361574965,0.9998743454900008,0.9848050853775051,0.9568519379125027,0.9216294950175014,0.8823509552149973,0.8186594954624964,0.7591854207349976,0.7002941145074986,0.6522950863574986,0.6121963896399965,0.5747367391549979,0.53401524915,0.49343101683249996,0.45771759419750063,0.42440773074249977,0.39062536808250115
5.0,7.5,1.5,1.0,1.0359703913724985,1.068615131242504,1.0793582645174977,1.0911296888600015,1.092501177855005,1.0895315659850011,1.073178845777498,1.030235197167504,1.0182911633474976,0.9929788264150008,0.9785244894425047,0.952139220895003,0.9171753198525017,0.8798391398299971,0.8163613481649967,0.7572154797599978,0.6978364407674986,0.6493314613674985,0.6101398151999965,0.572791210467498,0.5317214207699998,0.4919592974899999,0.45679097973500055,0.4232346512049997,0.3894709498100011
5.0,7.5,2.0,1.0,1.0347817281924998,1.066580431897503,1.0759115136799995,1.0863158840650033,1.084943912225004,1.079511429017502,1.0623102639274986,1.0168884578400017,1.004143650802499,0.9794151728825011,0.9644561402475036,0.9402265639575035,0.9039394904475025,0.8650536204224969,0.8039279287324987,0.7454950676949982,0.6883050950299991,0.6391722479399983,0.5997571548224964,0.5660003218699984,0.5259720072925002,0.48686016607749977,0.4516454437475005,0.4181856010949994,0.38406888185500093
5.0,7.5,2.5,1.0,1.0348298371825,1.066815242210003,1.0759791574149993,1.0866562759600036,1.0853398801700036,1.0800822040300022,1.0629542554699984,1.0174776888700017,1.004482068447499,0.9794449063675011,0.9649657367100035,0.9403712546500036,0.9045080299050025,0.8651932426749969,0.8041490228449989,0.7451056155049982,0.6882283973549993,0.6387849500149982,0.5994419819899963,0.5655913361474983,0.5257211257075002,0.4864524415224998,0.4510421352500005,0.4176834406724992,0.3833332523250009
5.0,7.5,3.0,1.0,1.0348545291275,1.066578529572503,1.0758585071925004,1.0867991506900032,1.085488827347503,1.080089618235002,1.0628752864499988,1.0174807581050018,1.004137132199999,0.9797676197775016,0.965415940260003,0.9396250112150035,0.9024900469950025,0.862183198827497,0.8017227389299988,0.7426015602324987,0.6862728403499994,0.6374819119199983,0.5974962112249965,0.5623872557224989,0.5225499127825003,0.48138169417749965,0.44470456368750033,0.41149698971749915,0.377474888305001
5.0,7.5,3.5,1.0,1.0348907487924999,1.066589769045003,1.0757772574075002,1.0865468866475032,1.0845325114375028,1.078156060257502,1.0593416522499988,1.010759773002502,0.9968814675024987,0.9701371994325017,0.9540335170100027,0.9297456239350035,0.8923576441875021,0.8550778582674974,0.7956645893949985,0.7381803068274988,0.6830208772699992,0.6347421663474982,0.5960371673974965,0.560234033749999,0.5217759905175002,0.47986600235499977,0.44332644388250037,0.410080768079999,0.3763480349200009
5.0,7.5,4.0,1.0,1.0348692510974995,1.066225735747503,1.0748821888375009,1.0845761835950023,1.0817826345000028,1.0739241009175022,1.0526296971824995,1.0042598465275026,0.9888064543899985,0.9608170787375018,0.9461633082350025,0.9204509117125032,0.8838013194075018,0.8477421750524979,0.7883591671799988,0.7325690221099991,0.6759485588224987,0.6276782632074984,0.5877975957924967,0.5488137021649993,0.5104959572275001,0.4691992600224998,0.43403217167000013,0.40124292867249883,0.36683413962500055
5.0,7.5,4.5,1.0,1.0343051464524984,1.0649985256000032,1.072833505575001,1.081044396092502,1.076672638247503,1.067344140617502,1.0456184446574999,0.9991661239200026,0.9816030895824983,0.9539980868975014,0.9397973841825025,0.912694630855003,0.8765051057350015,0.8402956188849984,0.7807341712849984,0.7241561021199994,0.6651894295199982,0.6167274857874987,0.5757045862574965,0.5359108650474995,0.4961001262624999,0.4530951694999997,0.41771273498249967,0.3828975464599986,0.34842164759249994
5.0,7.5,5.0,1.0,1.0343051464524984,1.0649985256000032,1.0728779439350011,1.081068046612502,1.076663189930003,1.0674031034575018,1.0457132166949998,0.9992671151625027,0.9819564543074982,0.9540930013150017,0.9399392037025025,0.9127261994325031,0.8765333492150015,0.8400040704299984,0.7804559071824984,0.7237736091199994,0.6648448148374981,0.6163792311299986,0.5755459206999965,0.5355168344074995,0.49615822731749987,0.45336995075249964,0.41781331641749964,0.3830862562599986,0.348417101345
5.0,10.0,0.0,1.0,1.0333589792749998,1.0611785307950017,1.0665075967600028,1.0717997860375017,1.0649338709850031,1.0506932844275005,1.022041870045002,0.9722361767125013,0.9489259460175005,0.9156949721525003,0.8958181016900005,0.8640875952700017,0.8269452560750018,0.7954184427599987,0.7373862572249996,0.6830442543824999,0.6303482501749998,0.586800752749999,0.5478514587924981,0.5088690371600013,0.4704133183025002,0.4339784421124994,0.4012395303149987,0.3720065214300004,0.3417171681999997
5.0,10.0,0.5,1.0,1.0333589792749998,1.0611785307950017,1.0665075967600028,1.0717997860375017,1.0649338709850031,1.0506932844275005,1.022041870045002,0.9722361767125013,0.9489259460175005,0.9156949721525003,0.8958181016900005,0.8640875952700017,0.8269452560750018,0.7954184427599987,0.7373862572249996,0.6830442543824999,0.6303482501749998,0.586800752749999,0.5478514587924981,0.5088690371600013,0.4704133183025002,0.4339784421124994,0.4012395303149987,0.3720065214300004,0.3417171681999997
5.0,10.0,1.0,1.0,1.0327288878850005,1.0594569735525003,1.063375086325003,1.0665033953475014,1.0586274495300034,1.043677123927501,1.0149818378550035,0.9660807831350005,0.941043096402502,0.9061485950375004,0.8870789445775006,0.8586542684700019,0.821407224975002,0.7904621403249991,0.7315408579674991,0.6783112531550002,0.6232824653975,0.5795909563024991,0.5414710795349982,0.5033732049475017,0.4642762150024997,0.42859369265499964,0.39565282038249855,0.36655868776750034,0.33610999912500006
5.0,10.0,1.5,1.0,1.0324656011450006,1.0589886898449996,1.0627800738850035,1.0653260105025015,1.0572593614300034,1.0422338998825014,1.0124193760925033,0.9636238749549995,0.9374080766175032,0.9003378971025005,0.8826112260025006,0.8548950220525022,0.8185851784275022,0.7897652421824988,0.7313633401799994,0.6766600991500004,0.622038512595,0.5779167593874991,0.5398158233224981,0.5027130859300015,0.46385561924999963,0.42803765664499965,0.39577727638249877,0.36603201229750026,0.33542375218750015
5.0,10.0,2.0,1.0,1.0313909820750018,1.0573430696349992,1.0596997951525047,1.061144647272504,1.0499305269625026,1.032915420210003,1.002015904532503,0.9507953803049982,0.924456438572504,0.8884934888350009,0.8698738771674995,0.8442184309300028,0.8064275438400026,0.7751334723499989,0.7192987387875012,0.6656146922750003,0.6129534781575008,0.5682998451149984,0.5298121694474975,0.49684713711250156,0.4593483849525002,0.4235322110874998,0.391095796177499,0.3614613978675004,0.3305052484100002
5.0,10.0,2.5,1.0,1.0314631455600018,1.0577146110099995,1.0598350826225047,1.0620786427250044,1.0509436782500021,1.0341787115250032,1.0039995464700027,0.951822025774998,0.9249786117875041,0.889243053950001,0.8714035820649993,0.844680869122503,0.8078497578375025,0.7751655642724989,0.7201831152375013,0.6658005407500004,0.613176143707501,0.5685554084299982,0.5301874539849973,0.49707175632000156,0.4601830695525005,0.42372191244249974,0.3911853556599991,0.36141143809500037,0.3301537754800002
5.0,10.0,3.0,1.0,1.033578243,1.061816154,1.066356082,1.07110791,1.062266631,1.048817235,1.021298967,0.969557766,0.945494911,0.912270067,0.894668836,0.865543913,0.829852091,0.793514025,0.737402925,0.680012594,0.627319128,0.583644349,0.543835452,0.506692353,0.469868023,0.430458688,0.396289747,0.36341663,0.331862966
5.0,10.0,3.5,1.0,1.0316786773600015,1.0577411930249996,1.0602011641075062,1.062714823887504,1.050997416905001,1.0340814679275032,1.0036523953225034,0.9479309070974985,0.9214550008075035,0.8858541491950019,0.8674456329274982,0.8392819256550035,0.8023034554150017,0.7681872488824995,0.7145304400025012,0.6615533728550018,0.6098748266025016,0.5676887788074981,0.5294505343074976,0.49258604248750254,0.45733435145000056,0.4173664055699993,0.38404598222999825,0.35412422401000043,0.3233126656450009
5.0,10.0,4.0,1.0,1.0316871308525009,1.0574964493999996,1.0594845808875069,1.060872145112503,1.0480547064975005,1.0298297173175037,0.996580542337504,0.9407972919574995,0.9139352262350026,0.8775667808300023,0.8590208029449978,0.8291246930325036,0.7929845957350012,0.7612066301900003,0.7069093883000009,0.6524753635825027,0.6012203068250012,0.5590743763874986,0.5200582590474976,0.4820043420400025,0.44599932742250054,0.40748182716999926,0.3748143555399981,0.3449257023775001,0.31419442544750065
5.0,10.0,4.5,1.0,1.0310365791799994,1.0560609706500004,1.0571356793325064,1.056061318307502,1.0418553469425005,1.0219937258675036,0.9874761947375044,0.9321828565025002,0.9034557711850019,0.8662157992400021,0.848052612807498,0.817292688600003,0.7799715048675009,0.7479175374975011,0.6939319829975008,0.6391724314375031,0.5855101725274998,0.5412464999274993,0.5006560452149976,0.46088404097500224,0.42162463850250026,0.38191947223249945,0.348133384677498,0.316689912077499,0.28671405127999894
5.0,10.0,5.0,1.0,1.0310089858949991,1.0560609706500004,1.0571801176925064,1.0560849688275022,1.0418458986250005,1.0220526887075037,0.9875709667750043,0.9322838477450003,0.9038091359100018,0.8665258423775023,0.848194432327498,0.817324257177503,0.779999748347501,0.7476259890425011,0.6936537188950008,0.6389058542350031,0.5852724248149999,0.5409984023849993,0.5005926425674977,0.46058173727000223,0.4216827395575003,0.38230055296999943,0.3482339661124981,0.31687862187749904,0.2867095050324989
5.0,12.5,0.0,1.0,1.0301683861174982,1.0534037590950007,1.054509593842502,1.0557588074474993,1.0446028339875044,1.0234974332850006,0.9937243220275025,0.9411622802500011,0.9154808554924994,0.8808589613899983,0.8585343581075019,0.828955025289999,0.7894426061825004,0.7562928480050006,0.7025282102474998,0.6518537548349989,0.6022247742249982,0.5586895950250004,0.5231528488874985,0.4878165811825015,0.4530170578224999,0.4170115084574995,0.38629994722499844,0.35809370939750046,0.3291144766824997
5.0,12.5,0.5,1.0,1.0301683861174982,1.0534037590950007,1.054509593842502,1.0557588074474993,1.0446028339875044,1.0234974332850006,0.9937243220275025,0.9411622802500011,0.9154808554924994,0.8808589613899983,0.8585343581075019,0.828955025289999,0.7894426061825004,0.7562928480050006,0.7025282102474998,0.6518537548349989,0.6022247742249982,0.5586895950250004,0.5231528488874985,0.4878165811825015,0.4530170578224999,0.4170115084574995,0.38629994722499844,0.35809370939750046,0.3291144766824997
5.0,12.5,1.0,1.0,1.0296634908649986,1.0519893442774986,1.0513426395275023,1.050708303504999,1.0380236119100048,1.0163035220150005,0.9860472338200037,0.9340254097825001,0.9067049665000004,0.869773181629999,0.8493137913450023,0.8235755621349992,0.7830857617025004,0.7513442227525009,0.6971681411774996,0.6474353792624992,0.5948622284749984,0.5519941386100005,0.5169887050874986,0.48277380307000195,0.44748960173999924,0.4121077438249998,0.38097483382249825,0.35275471462250046,0.32377729263250005
5.0,12.5,1.5,1.0,1.029426980634999,1.051354464862498,1.0504523771675023,1.0489999875799993,1.0362921531425047,1.0150315745950018,0.983522724537503,0.9308825102249996,0.9026315245450016,0.863549684382499,0.8444944536000023,0.8194046384674993,0.7804792910975007,0.7511970153025007,0.6973223983299995,0.6460728382074993,0.5940597214499982,0.5506189032450004,0.5155376150324985,0.4823402881225018,0.4475217872349991,0.4115175124074998,0.3812198525499986,0.3522937348225003,0.3231046310100002
5.0,12.5,2.0,1.0,1.0289940657349985,1.0514100611125001,1.0500860025925018,1.0485004947850018,1.0340627695650042,1.0129772832225046,0.9808863919650014,0.9268362835499994,0.8982176022600018,0.8612181851174989,0.8429518401925022,0.8178869629924997,0.7796199912600009,0.7474727886050008,0.6953674068550005,0.6447430713124989,0.5924016726349981,0.5487865436799998,0.5142425213299977,0.4815862016500011,0.44775774166499965,0.4108912355025002,0.37940742443749903,0.35098363934000054,0.32141726309249996
5.0,12.5,2.5,1.0,1.0290662292199986,1.0516721551500006,1.0502212900625019,1.0494344902375021,1.0350759208525038,1.014240574537505,0.9828700339025009,0.9278629290199993,0.8987397754750021,0.8619677502324992,0.8444815450900021,0.818349401185,0.7810422052575009,0.747504880527501,0.6962517833050006,0.645354445614999,0.5930261100299984,0.5494240133249997,0.5149830267424975,0.4819331200950011,0.44875194006499997,0.4113699596275002,0.37993662926499916,0.35135045520750063,0.32143499563999994
5.0,12.5,3.0,1.0,1.0291815974699983,1.0516751324200004,1.0504037857175033,1.0501414243150016,1.0359577196650025,1.0164834521425048,0.9860115909425019,0.9295983570399993,0.9010468740750018,0.8657418813900002,0.8495598706025005,0.8208382970275008,0.7849756913675008,0.7488897425625012,0.6982690797850003,0.6467380030500004,0.5940841587224991,0.5520980562349994,0.5174171617324976,0.4817143114950021,0.4485956460025001,0.4090097002049994,0.37768682905249823,0.34849391429250026,0.3187739403650006
5.0,12.5,3.5,1.0,1.029312466694998,1.051820440837501,1.0507145416000032,1.0501625383800017,1.0353701967575022,1.0150364076075056,0.983758493230002,0.9249083671974998,0.8959517193425013,0.8591635883825005,0.8417086082975005,0.8137655501225008,0.7775512554174999,0.742250041042502,0.6923518194800005,0.6422966277125006,0.5904717095749988,0.5491665368024994,0.5147428062124974,0.47865679079250206,0.4466025771375001,0.4076333199374996,0.37640921953999823,0.3473100807325003,0.31764689855250056
5.0,12.5,4.0,1.0,1.0294993981424962,1.0520412096150007,1.0500845190025048,1.0484354511324998,1.031595090232502,1.0091140337300062,0.974273371065004,0.9151789186925017,0.8856387752724995,0.848776922747501,0.8293648747324993,0.7984990312350019,0.7640623018674997,0.7315878677050038,0.6803762895875003,0.6273410911200029,0.5785610471924985,0.5384318329250001,0.5015655020599974,0.46561003693750236,0.43258079375000025,0.3964873884674994,0.365704706712498,0.3370408299599997,0.30761060911500016
5.0,12.5,4.5,1.0,1.0288834081274947,1.0506057308650012,1.0477356174475043,1.0436246243274991,1.025395730677502,1.001278042280006,0.9651690234650044,0.9065644832375025,0.8751593202224988,0.8374572595350009,0.8184299030274995,0.7867012843175013,0.7510492109999994,0.7182987750125045,0.6673988842850009,0.6140381589750031,0.5628509128949972,0.5209504974575008,0.48216328822749766,0.4444897358725022,0.4082061048300002,0.37092503352999956,0.33902373584999806,0.30880503965999845,0.28013023494749856
5.0,12.5,5.0,1.0,1.030207773,1.053060367,1.050738894,1.047332516,1.029736732,1.007389147,0.971424934,0.913703788,0.882599046,0.843848299,0.824415257,0.794868728,0.760137264,0.725841343,0.67341615,0.619352982,0.570174682,0.528773174,0.490592785,0.454672466,0.419430004,0.381753029,0.349172187,0.317889555,0.287925335
5.0,15.0,0.0,1.0,1.0257952492575009,1.0470486570000004,1.0464397954575002,1.0460425108874987,1.0326583869100057,1.012210727675,0.9820531809349999,0.9265650175925004,0.9001230471949995,0.8653008202574972,0.8467152940375031,0.8192871579524974,0.7821277414200014,0.7470775646174989,0.6953132023524999,0.6449083300624973,0.5976554107099975,0.5555030485950007,0.5202865642649988,0.48405435849750084,0.4504739631999996,0.41480455163749963,0.3843153312599986,0.3562380402700006,0.3277047387899994
5.0,15.0,0.5,1.0,1.0257952492575009,1.0470486570000004,1.0464397954575002,1.0460425108874987,1.0326583869100057,1.012210727675,0.9820531809349999,0.9265650175925004,0.9001230471949995,0.8653008202574972,0.8467152940375031,0.8192871579524974,0.7821277414200014,0.7470775646174989,0.6953132023524999,0.6449083300624973,0.5976554107099975,0.5555030485950007,0.5202865642649988,0.48405435849750084,0.4504739631999996,0.41480455163749963,0.3843153312599986,0.3562380402700006,0.3277047387899994
5.0,15.0,1.0,1.0,1.025351496490002,1.045542463212498,1.0433068396375003,1.0410021119349984,1.0263172043425057,1.0052911649200003,0.9751760834800005,0.9196816385900002,0.8914807462875006,0.8545739721699974,0.8384085454550039,0.813330321529997,0.7760369660600013,0.7417106008149986,0.6898797072624994,0.6392474950974973,0.5904661884349973,0.5496119018575008,0.5140284832249989,0.4790019626950011,0.44536585850499866,0.4104404660624999,0.3792978233074986,0.35097071454500045,0.3224977450424998
5.0,15.0,1.5,1.0,1.025184611715002,1.0448657732274977,1.0425126282824997,1.0393819004849987,1.0247744588725056,1.0043526487525014,0.9727113351799994,0.9164775912674993,0.887110152037502,0.8478296222574975,0.8331018882375042,0.808364441212497,0.7732083038100015,0.7414897478199984,0.6898857043849993,0.6376728061924972,0.5895024498024972,0.5485778540425005,0.5125044797124988,0.47864239892000077,0.4451714783824985,0.4098182044375001,0.3796942380899989,0.35038337348250037,0.3217783305124998
5.0,15.0,2.0,1.0,1.027001685,1.048960265,1.047819631,1.047200313,1.033516059,1.015419993,0.98385374,0.92878934,0.900391945,0.863066915,0.848162972,0.822065795,0.789265621,0.755278136,0.7024567,0.648753974,0.599181784,0.558436484,0.521563626,0.487352317,0.45322065,0.416668509,0.384947241,0.354401967,0.325055674
5.0,15.0,2.5,1.0,1.0255049704400008,1.0459820281850023,1.0433464401199986,1.0420289814975023,1.0269033586875047,1.0075777755625048,0.9762104687299963,0.9189802227624988,0.8891844994325027,0.8521130849499967,0.8376314780800043,0.809755658079998,0.777437779570002,0.7426401074399988,0.6922701174275007,0.6396891301599965,0.5907652401124974,0.5499923549124994,0.5135903173299975,0.48005206929499944,0.44755230191749945,0.410851934392501,0.3795961419624998,0.35025455620500057,0.3207414915224993
5.0,15.0,3.0,1.0,1.0257505029025005,1.0460717498825018,1.0437141097124998,1.042523159535002,1.0273837369775034,1.0090621102850046,0.9786832325574975,0.9201142578174988,0.8904957327800027,0.8544707203399977,0.8416202636325029,0.811442815989999,0.7807749579475021,0.743479118309999,0.6934946632475005,0.640335170092498,0.5913903595524981,0.5519862094424993,0.5152636876674976,0.4794335010375005,0.4471033205124997,0.4079037489450002,0.37670863693499895,0.3468460169200002,0.317567842365
5.0,15.0,3.5,1.0,1.0257427902875005,1.0460488746800025,1.0437514261374996,1.042218664882502,1.0264704631875032,1.0072004846175053,0.9758189866149973,0.915082892719999,0.8847886619500023,0.8476999494824982,0.8333357266700022,0.8043617474599991,0.7724264677500013,0.7362897193099998,0.6862336793650001,0.6347933937374983,0.5872859966074979,0.5482823962499992,0.5124976205874973,0.4763962633450005,0.44511025164749973,0.4062728342100004,0.37519270234749896,0.3454396012000003,0.31623348043499994
5.0,15.0,4.0,1.0,1.025682283477499,1.0459044196725023,1.0427655205225013,1.0390301928975005,1.0201942103950021,0.9984948398725056,0.9626206346,0.902716899122501,0.8720474181225003,0.8351449127699989,0.8181293073700009,0.7868326376475006,0.756762934395001,0.7236236691400013,0.6714121712375004,0.617115134675001,0.5724371049799978,0.5347750456374996,0.49668358404499735,0.4608691565300011,0.42880423685749974,0.39377527726250006,0.36293262268249876,0.33366050216249965,0.3049691834449997
5.0,15.0,4.5,1.0,1.0254018048399984,1.0451756499225022,1.041534874810001,1.0359378560825,1.0162198470625017,0.9928443094550051,0.9558928113375008,0.8973782490075013,0.8649033566025,0.8277398769224993,0.8105882388650006,0.778287447152501,0.7465183366750007,0.7135518239475017,0.6613522199400008,0.6067007997300017,0.5597499320074973,0.519536435085,0.4792546420799976,0.44259675943750165,0.40627201683499997,0.3710303369124998,0.3385144735574987,0.30740479497249845,0.27914692310249856
5.0,15.0,5.0,1.0,1.0253742115549984,1.0451784101450021,1.0414960261950013,1.0358386512075002,1.016158306907502,0.9927312743950051,0.9556967827775007,0.8965749000900013,0.86327002663,0.8261752788349993,0.8090399706700007,0.7773490550625008,0.7459180063875007,0.7130714876350016,0.6608930216825009,0.6063978036325017,0.5594552959124972,0.5195522981375,0.47921843622999766,0.44264973109000166,0.40633933606750006,0.3714114176499998,0.3386150549924987,0.30757147759999853,0.2791296750849986
5.0,17.5,0.0,1.0,1.0251595261700028,1.0460194136924985,1.0447335374550022,1.0447550477699974,1.0302937777725059,1.0103155138524984,0.9785658568425026,0.9235845686450018,0.8958872030349987,0.8612580636699977,0.8434636286200029,0.8159019938824958,0.7800986345950014,0.744410461709997,0.6930408210874984,0.6430168684849977,0.5959475683724981,0.5545633175775011,0.5188702903875,0.48374222848500137,0.45008587397999955,0.4149560881799992,0.38360291186749795,0.3558369639025005,0.3272316910825001
5.0,17.5,0.5,1.0,1.0251595261700028,1.0460194136924985,1.0447335374550022,1.0447550477699974,1.0302937777725059,1.0103155138524984,0.9785658568425026,0.9235845686450018,0.8958872030349987,0.8612580636699977,0.8434636286200029,0.8159019938824958,0.7800986345950014,0.744410461709997,0.6930408210874984,0.6430168684849977,0.5959475683724981,0.5545633175775011,0.5188702903875,0.48374222848500137,0.45008587397999955,0.4149560881799992,0.38360291186749795,0.3558369639025005,0.3272316910825001
5.0,17.5,1.0,1.0,1.024604696472504,1.0443838042324958,1.0408052781650032,1.0390240333299963,1.0232548214050063,1.002867332337498,0.9709841315625041,0.915810170137502,0.8863548120224994,0.8500364592724979,0.8343087159125036,0.8084639434574951,0.7734156397150013,0.7378262867399964,0.6865668622224973,0.6367379900024982,0.5880530513949982,0.5481497106875017,0.5125641769425002,0.4784986392150018,0.4449277816849984,0.41012357063749905,0.3782697778799975,0.35059352627000046,0.32184669780000097
5.0,17.5,1.5,1.0,1.023956445,1.043031329,1.039298588,1.036235817,1.020346694,1.000120719,0.966679605,0.910048919,0.879591538,0.840286904,0.826661607,0.801994413,0.770553896,0.737665124,0.686365632,0.634393765,0.586282335,0.546909421,0.511420657,0.47860108,0.44574433,0.410544491,0.379986971,0.350550942,0.322259051
5.0,17.5,2.0,1.0,1.024765235295003,1.0445612751674995,1.0408328813750014,1.0391169074399997,1.0228278244625058,1.004023994360002,0.9702003049600002,0.9142276743450007,0.8836974990575014,0.8468260069374971,0.8320019436400041,0.8046436787699959,0.773995223837502,0.7393111158824962,0.6882805286199986,0.6367014231274972,0.5878630942124982,0.5478926940975007,0.511385505634999,0.4792571786400002,0.4461549790924989,0.41006928128750003,0.37835494741999864,0.3497866533375004,0.3204012572525006
5.0,17.5,2.5,1.0,1.024837398780003,1.044823369205,1.0409681688450014,1.0400509028925,1.0238409757500055,1.0052872856750021,0.9721839468974999,0.9151087543100006,0.8840585651675015,0.8475755720524972,0.8335316485375038,0.8048892800074963,0.7748164532250018,0.7387557933649964,0.6889572723874986,0.6371796250649973,0.5883521030724983,0.5485301637425006,0.5121260110474988,0.4796040970850002,0.44714917749249916,0.4105480054125001,0.3788841522474988,0.35015346920500057,0.3203285724800006
5.0,17.5,3.0,1.0,1.0251666753425028,1.0449575579224997,1.0414849566900022,1.0408191933300004,1.0245686818375044,1.0069893225450024,0.9750176748600008,0.9161834757875007,0.8857250185875016,0.8503392581624982,0.8384838728725028,0.8073114019949971,0.778714983352502,0.7397817603474972,0.690869073102499,0.6384718744024983,0.589320265129999,0.5512372156675,0.5145276543674987,0.47934644820250105,0.4470238839774994,0.4078847547524997,0.3761112037799984,0.34683464248000023,0.31737512228000064
5.0,17.5,3.5,1.0,1.0251460598525026,1.0449346827200003,1.041522273115002,1.0404476810450005,1.023688331460004,1.005287686352503,0.9723329126600007,0.9112367771925007,0.8798653840500015,0.8432458829624982,0.8299552105900021,0.8000152830724973,0.7704520710375015,0.732750313507498,0.683718736192499,0.6330013075724987,0.5853126480524987,0.54759103779,0.5117615872874984,0.4763092105100011,0.4450308151124995,0.40625384001749987,0.3745952691924983,0.34542822676000023,0.3160477519075006
5.0,17.5,4.0,1.0,1.0250752014400013,1.0446765690825,1.0402756955850028,1.0371714229199993,1.0178758417825033,0.9971547827025036,0.9601439161650019,0.9001229467625015,0.8686741653175001,0.8322497779824988,0.816529814582501,0.7847778312474993,0.7559668748275011,0.7215166413574997,0.6705256926199996,0.616859666240001,0.5715450075449984,0.534721200295,0.49677510427999805,0.4610555107000014,0.42897437843749964,0.3939419051949995,0.3625211996524984,0.33369726553499957,0.3049442607400002
5.0,17.5,4.5,1.0,1.0248023489325007,1.0439915782675002,1.0390663524800026,1.034106497344999,1.0140331721000024,0.9916189968400032,0.9536307695900024,0.8951122540150016,0.8620501139724999,0.8250359658474988,0.8094725267900009,0.7768347822124998,0.7460029529825007,0.7118410889350004,0.6608680180225002,0.6066607344300016,0.5592413082274978,0.5198968056425004,0.4796807735274981,0.44308940690250176,0.4066784397074999,0.37167943389249963,0.33865072285249853,0.30754385218749847,0.27945918205749876
5.0,17.5,5.0,1.0,1.0247747556475004,1.0439943384900001,1.0390275038650025,1.034007292469999,1.0139716319450027,0.9915059617800029,0.9534347410300024,0.8943089050975016,0.860416784,0.8234713677599992,0.8079242585950008,0.7758963901224998,0.7454026226950009,0.7113607526225003,0.6604088197650002,0.6063577383325016,0.5589466721324977,0.5199126686950004,0.4796445676774981,0.4431423785550018,0.40674575894,0.3720605146299997,0.3387513042874985,0.3077105348149985,0.27944193403999873
5.0,20.0,0.0,1.0,1.0244109819825031,1.0446815703599988,1.0429400782975025,1.0422700701374976,1.0274316815625057,1.0055727872899975,0.9714567495275023,0.9134980903850014,0.8800686176849988,0.8387110301524973,0.8297214037850023,0.8066881412574959,0.7740117726025011,0.7393704218124969,0.6883737368774985,0.6382582635774975,0.5919812532124983,0.551392943535001,0.5171408056825002,0.4823241811900014,0.4493019997574995,0.414285280077499,0.38311556956249804,0.3547844618750007,0.32674190209750004
5.0,20.0,0.5,1.0,1.0244109819825031,1.0446815703599988,1.0429400782975025,1.0422700701374976,1.0274316815625057,1.0055727872899975,0.9714567495275023,0.9134980903850014,0.8800686176849988,0.8387110301524973,0.8297214037850023,0.8066881412574959,0.7740117726025011,0.7393704218124969,0.6883737368774985,0.6382582635774975,0.5919812532124983,0.551392943535001,0.5171408056825002,0.4823241811900014,0.4493019997574995,0.414285280077499,0.38311556956249804,0.3547844618750007,0.32674190209750004
5.0,20.0,1.0,1.0,1.0238561522850045,1.0431373226624963,1.0391564118125032,1.0367418852674966,1.0206552429350062,0.9984478814224971,0.9644642356325037,0.9068210958225014,0.8721721112724994,0.8300704985299981,0.8204810525625029,0.7992500908324952,0.7673287777225011,0.7327862468424962,0.6818997780124976,0.631979385094998,0.5844837525849984,0.5453546952950016,0.5108346922375006,0.47708059192000185,0.4441439074624984,0.40945276253499896,0.3777824355749976,0.34954102424250044,0.32135690881500095
5.0,20.0,1.5,1.0,1.0237238291675048,1.042460632677496,1.0384854906550027,1.0351216738174969,1.019328445845006,0.9981932567024981,0.9630112777500027,0.9050190028375006,0.8699961628600005,0.8260594097899979,0.8171117504225032,0.7954748023299952,0.7649577324825012,0.733007179499996,0.6823203883174976,0.6307943214949979,0.5838414208174982,0.5446243878925014,0.5095997872700003,0.4767763794150015,0.4439844797349981,0.40884346735499916,0.3781737056824979,0.3489315331900004,0.320599445835001
5.0,20.0,2.0,1.0,1.0241157185950032,1.043455059825,1.0392609640925015,1.0371381295199997,1.0206795558150057,1.0001222646625008,0.9644897730950004,0.9068227444200002,0.8717127082225011,0.8293709209349973,0.8202001228250033,0.7964698825949958,0.7682256409175016,0.734712861637496,0.6839073745824984,0.632687869742497,0.5850524877499982,0.5458221183850006,0.5099451194749992,0.47783913134500017,0.4453711048699989,0.409398473185,0.37786760511499873,0.34873415131000046,0.31991146826750055
5.0,20.0,2.5,1.0,1.0241878820800034,1.0437171538625005,1.0393962515625015,1.0380721249725,1.0216927071025053,1.0013855559775011,0.9664734150325,0.9077038243850001,0.8720737743325011,0.8301204860499973,0.821729827722503,0.7967154838324961,0.7690468703050015,0.7341575391199963,0.6845841183499987,0.6331660716799972,0.5851959152824984,0.5461343610875005,0.510378690362499,0.4778961011925002,0.44593677819749916,0.4094854130125,0.3781350760474988,0.3488527247150006,0.3196150909600005
5.0,20.0,3.0,1.0,1.0244813585800032,1.0436257364024997,1.0394999691700015,1.0382599462375006,1.0216246745175037,1.0015273142375016,0.966977724005001,0.9050740237000003,0.867492991002502,0.8238138082499983,0.8210540697175022,0.794393158957497,0.7688438954550019,0.7317983461549971,0.6828779000899989,0.6312352608599985,0.5836872759299991,0.5465528322424997,0.5106059166924989,0.4754516412300012,0.44375311258999944,0.4051383423474995,0.3733992090774985,0.34356755641000025,0.31474606356000057
5.0,20.0,3.5,1.0,1.024460743090003,1.0436028612000003,1.0395372855950014,1.037827361232501,1.0206639533325035,0.9995025140200023,0.963797062235001,0.8996767905075004,0.8602941739725019,0.8149246232849986,0.8106983825700016,0.784716172794997,0.7580146147575014,0.7230865411374975,0.674898721927499,0.6247935844299988,0.5788055603074987,0.5420996961099995,0.5073222813799986,0.4713512954175013,0.44077400184999954,0.4027852705849995,0.37122721650999857,0.34171045572000025,0.31316117388000053
5.0,20.0,4.0,1.0,1.0243782691400016,1.0432154151850002,1.037949597910002,1.0342457591424996,1.0141908408400027,0.9902498037225027,0.9509359938800023,0.8880237245725011,0.8488478807000006,0.8041742428974991,0.7966759505750005,0.7687608239124992,0.741562697325001,0.709865182064999,0.6596415681899999,0.606168052630001,0.5615894743124983,0.5261830537874993,0.4885807668924982,0.45108418565250186,0.4195340769849995,0.3859944475099992,0.3556121216424988,0.32670759866749965,0.2982954130300001
5.0,20.0,4.5,1.0,1.0241133893550012,1.042440861635,1.036289064920002,1.0303950749799995,1.0091745237400023,0.9826975905900022,0.9425784980425026,0.8815526325050012,0.8420626642225004,0.7967231559349992,0.7877214423525003,0.7586341377724996,0.7294302747875007,0.6981229697999995,0.6470310410200005,0.5924678737750014,0.5451068576574979,0.5061211681174995,0.46606448558499836,0.42549654528250236,0.38835058119999977,0.3540096491149988,0.32232763692000005,0.2918287643499989,0.2639538943749989
5.0,20.0,5.0,1.0,1.0240857960700012,1.0424436218575,1.036250216305002,1.0302958701049996,1.0091129835850023,0.9825845555300021,0.9423824694825025,0.8807156198400011,0.8402218112650003,0.7946966448624991,0.7861731741575002,0.7576957456824996,0.7288299445000007,0.6973635093524995,0.6463134782100005,0.5922819030325015,0.5449214502799978,0.5059364833124994,0.4658432569999984,0.4253791453250024,0.38841790043249985,0.35429843434749886,0.32239263250000005,0.2919697866749989,0.2639366463574989
5.0,22.5,0.0,1.0,1.0160440491150053,1.0272513937300063,1.0161673453575037,1.0064307028699957,0.9835122174375037,0.9569316834399961,0.916548790682503,0.8554695731499998,0.8177954181399966,0.7738805936074985,0.7629214727924999,0.7440371420624966,0.713673291529998,0.6844977355999983,0.6387828428850014,0.5908333309774985,0.5486116095674994,0.5137323006174997,0.48017583420500126,0.4520604582250013,0.4263870108900006,0.394344375834999,0.36564482171499824,0.3389759155475015,0.3141717002549988
5.0,22.5,0.5,1.0,1.0160440491150053,1.0272513937300063,1.0161673453575037,1.0064307028699957,0.9835122174375037,0.9569316834399961,0.916548790682503,0.8554695731499998,0.8177954181399966,0.7738805936074985,0.7629214727924999,0.7440371420624966,0.713673291529998,0.6844977355999983,0.6387828428850014,0.5908333309774985,0.5486116095674994,0.5137323006174997,0.48017583420500126,0.4520604582250013,0.4263870108900006,0.394344375834999,0.36564482171499824,0.3389759155475015,0.3141717002549988
5.0,22.5,1.0,1.0,1.0164308280375058,1.0274143441375052,1.0159183293900038,1.0052438546199953,0.9818969343025037,0.9553406617649957,0.9143973923500035,0.8537005911274999,0.8140471788174972,0.7682850797249992,0.7589567141825002,0.7408373769749963,0.7094334643274979,0.6814586695999979,0.6360573777025005,0.586813207434999,0.5442279499749995,0.5110619903775003,0.47737756192750136,0.44898954407250163,0.42342232871749963,0.3917652481574991,0.36301550960749795,0.33558701682000125,0.3105723662099997
5.0,22.5,1.5,1.0,1.0166135269225058,1.0278122617125047,1.0161907360675033,1.0056368199899957,0.9829124850325037,0.9575962579899964,0.9159644787275026,0.8557459456925,0.8149902066049974,0.7682257245124989,0.7593141099200004,0.7398760066399962,0.709422252602498,0.6830198111074979,0.6377292415125004,0.5871851444449989,0.5450239949824993,0.5123705540550002,0.4770539943875012,0.44973503014750127,0.42396110411249943,0.3910997200324992,0.3634743107824983,0.3349403369925012,0.3099468152849997
5.0,22.5,2.0,1.0,1.0165581184450057,1.0279168906700058,1.016191475445003,1.005779642562496,0.9826151852225037,0.9569434601399966,0.9156694308625022,0.8551835171874999,0.8151983244049973,0.7693966837349988,0.7601075761550004,0.7402237646374963,0.710496314974998,0.683223794634998,0.6378215967150005,0.5874062135449987,0.5448573430574993,0.5123696040574999,0.47607748085750096,0.4496749025100007,0.4243548487299998,0.3911274771474996,0.36246883209499875,0.33372839222000134,0.30869021491999954
5.0,22.5,2.5,1.0,1.0165581184450057,1.028048425510006,1.0163158478550032,1.0065269460649962,0.9835174219875035,0.9579885564999968,0.916823760352502,0.8557727482174998,0.8152072251849972,0.7696063751274989,0.7604471545450002,0.7401516183749963,0.7110460016124981,0.6830398128049979,0.6383839914275007,0.5874131910149988,0.5452117795449996,0.5126654790574997,0.47631866007500084,0.44981920809250076,0.4247475540624999,0.39107537659749964,0.36254166840999885,0.3341321594850013,0.3085000328049996
5.0,22.5,3.0,1.0,1.016577132895006,1.0265622996250017,1.0120326665124986,0.9981704040750021,0.9708807170299996,0.9421770536024993,0.8969019720725016,0.8313820124450012,0.7847124448775001,0.7368932863850007,0.7292130736399993,0.7094856099674991,0.6826188892300006,0.6558141361499972,0.6118446773575011,0.561300009217501,0.521333422534999,0.49300357357249863,0.4596271224074991,0.4374610444200017,0.41512614725749986,0.38153066190749924,0.35335765577999895,0.32486194912750094,0.30083630643499965
5.0,22.5,3.5,1.0,1.016512881775006,1.0264191886000018,1.0119264465999984,0.9977141952050023,0.9697488392499996,0.9405999286474992,0.8941576681700014,0.8271096032225012,0.7796988489875002,0.730466362792501,0.721994893639999,0.7023476777874995,0.6745499487075008,0.6491980450799971,0.6056193360825012,0.5569896493900012,0.5179707567224989,0.4888069372524986,0.45736494248249904,0.4344851345775019,0.41282508250749983,0.3795635569849992,0.35145333667499906,0.3232962493850009,0.29935313062499963
5.0,22.5,4.0,1.0,1.0162311657700058,1.0257343839250015,1.0107269565249986,0.9948747245475029,0.9652585258174992,0.9336024290574992,0.8843396850050017,0.8181702877675017,0.7709914848400001,0.7225225723050015,0.7120449144299985,0.6897045134150006,0.6617383296050018,0.6379324412424972,0.5938119946350013,0.5459561939375023,0.5059901962074987,0.47668798282999825,0.44514498161249816,0.41798507677500185,0.39487161345999994,0.36398984351749886,0.33673574750249957,0.3100955922850002,0.2856001985474995
5.0,22.5,4.5,1.0,1.0161213923500056,1.0252319395850014,1.0096044456749984,0.992550265662503,0.9620130676299986,0.9280215640399994,0.8787074532450017,0.8138331102450015,0.76652385079,0.7190308394525011,0.7060718362149987,0.6820419976725012,0.653880010685002,0.6291821940074973,0.5840178451525015,0.5365192231150028,0.49452300308499864,0.46146098708999794,0.4287119891424977,0.3977203137250021,0.36782517911500023,0.3360839258074986,0.30736599307500073,0.27935312944999924,0.25357216947999883
5.0,22.5,5.0,1.0,1.0160937990650054,1.0252202658350014,1.0096230810524984,0.9925022834200031,0.9620447650624988,0.9278200847199993,0.8784484840350015,0.8129287700850018,0.7646758209075002,0.7171172290625012,0.7043817484999987,0.6810720370050014,0.653251436917502,0.6283968445674973,0.5832774537875014,0.5363137972800028,0.4943041793774986,0.46126254280499784,0.42836756909499774,0.3975952849575021,0.3678875824025003,0.33626438100499856,0.30743131897000076,0.27940358006999927,0.25355946770999876
5.0,25.0,0.0,1.0,1.015750055,1.027156018,1.016607118,1.007161635,0.985518914,0.959684205,0.921235781,0.860309331,0.824125612,0.779186377,0.76914557,0.748457794,0.720770002,0.690880981,0.643667609,0.596448714,0.552330399,0.516721574,0.485069401,0.456152051,0.42685559,0.395431192,0.368147212,0.341843831,0.316542781
5.0,25.0,0.5,1.0,1.0160440491150053,1.0272513937300063,1.0161673453575037,1.0064307028699957,0.9835122174375037,0.9569316834399961,0.916548790682503,0.8554695731499998,0.8180276471674965,0.7746368114224985,0.7631531775725,0.7440371420624966,0.713673291529998,0.6844977355999983,0.6387828428850014,0.5908333309774985,0.5486116095674994,0.5137323006174997,0.48017583420500126,0.4520604582250013,0.4263870108900006,0.394344375834999,0.36564482171499824,0.3389759155475015,0.3141717002549988
5.0,25.0,1.0,1.0,1.0164308280375058,1.0274143441375052,1.0159183293900038,1.0052438546199953,0.9818969343025037,0.9553406617649957,0.9143973923500035,0.8537005911274999,0.8142794078449971,0.7690412975399991,0.7591884189625003,0.7408373769749963,0.7094334643274979,0.6814586695999979,0.6360573777025005,0.586813207434999,0.5442279499749995,0.5110619903775003,0.47737756192750136,0.44898954407250163,0.42342232871749963,0.3917652481574991,0.36301550960749795,0.33558701682000125,0.3105723662099997
5.0,25.0,1.5,1.0,1.0166135269225058,1.0278122617125047,1.0161907360675033,1.0056368199899957,0.9829124850325037,0.9575962579899964,0.9159644787275026,0.8557459456925,0.8152224356324973,0.7689819423274991,0.7595458147000004,0.7398760066399962,0.709422252602498,0.6830198111074979,0.6377292415125004,0.5871851444449989,0.5450239949824993,0.5123705540550002,0.4770539943875012,0.44973503014750127,0.42396110411249943,0.3910997200324992,0.3634743107824983,0.3349403369925012,0.3099468152849997
5.0,25.0,2.0,1.0,1.0165581184450057,1.0279168906700058,1.016191475445003,1.005779642562496,0.9826151852225037,0.9569434601399966,0.9156694308625022,0.8551835171874999,0.8154305534324974,0.7701529015499989,0.7603392809350004,0.7402237646374963,0.710496314974998,0.683223794634998,0.6378215967150005,0.5874062135449987,0.5448573430574993,0.5123696040574999,0.47607748085750096,0.4496749025100007,0.4243548487299998,0.3911274771474996,0.36246883209499875,0.33372839222000134,0.30869021491999954
5.0,25.0,2.5,1.0,1.0165581184450057,1.028048425510006,1.0163158478550032,1.0065269460649962,0.9835174219875035,0.9579885564999968,0.916823760352502,0.8557727482174998,0.8154394542124973,0.7703625929424989,0.7606788593250003,0.7401516183749963,0.7110460016124981,0.6830398128049979,0.6383839914275007,0.5874131910149988,0.5452117795449996,0.5126654790574997,0.47631866007500084,0.44981920809250076,0.4247475540624999,0.39107537659749964,0.36254166840999885,0.3341321594850013,0.3085000328049996
5.0,25.0,3.0,1.0,1.016577132895006,1.0265622996250017,1.0120326665124986,0.9981704040750021,0.9708807170299996,0.9421770536024993,0.8969019720725016,0.8313820124450012,0.7851796572550002,0.7378653740000009,0.7295602366549993,0.7094856099674991,0.6826188892300006,0.6558141361499972,0.6118446773575011,0.561300009217501,0.521333422534999,0.49300357357249863,0.4596271224074991,0.4374610444200017,0.41512614725749986,0.38153066190749924,0.35335765577999895,0.32486194912750094,0.30083630643499965
5.0,25.0,3.5,1.0,1.016512881775006,1.0264191886000018,1.0119264465999984,0.9977141952050023,0.9697488392499996,0.9405999286474992,0.8941576681700014,0.8271096032225012,0.7801660613650001,0.7314384504075009,0.7223420566549992,0.7023476777874995,0.6745499487075008,0.6491980450799971,0.6056193360825012,0.5569896493900012,0.5179707567224989,0.4888069372524986,0.45736494248249904,0.4344851345775019,0.41282508250749983,0.3795635569849992,0.35145333667499906,0.3232962493850009,0.29935313062499963
5.0,25.0,4.0,1.0,1.0162311657700058,1.0257343839250015,1.0107269565249986,0.9948747245475029,0.9652585258174992,0.9336024290574992,0.8843396850050017,0.8181702877675017,0.7714586972175,0.7234946599200015,0.7123920774449987,0.6897045134150006,0.6617383296050018,0.6379324412424972,0.5938119946350013,0.5459561939375023,0.5059901962074987,0.47668798282999825,0.44514498161249816,0.41798507677500185,0.39487161345999994,0.36398984351749886,0.33673574750249957,0.3100955922850002,0.2856001985474995
5.0,25.0,4.5,1.0,1.0161213923500056,1.0252319395850014,1.0096044456749984,0.992550265662503,0.9620130676299986,0.9280215640399994,0.8787074532450017,0.8138331102450015,0.7669910631675001,0.7200029270675011,0.7064189992299987,0.6820419976725012,0.653880010685002,0.6291821940074973,0.5840178451525015,0.5365192231150028,0.49452300308499864,0.46146098708999794,0.4287119891424977,0.3977203137250021,0.36782517911500023,0.3360839258074986,0.30736599307500073,0.27935312944999924,0.25357216947999883
5.0,25.0,5.0,1.0,1.015750055,1.022961076,1.004847269,0.985180081,0.951867904,0.914163875,0.864425733,0.796312969,0.752343895,0.702498184,0.686320304,0.661723012,0.632809296,0.604258166,0.560614536,0.515607302,0.47466669,0.440200205,0.408415282,0.378511851,0.349172733,0.317806897,0.29068356,0.264640973,0.239695957
